id,limit,n_cc,inc0,w0,c0,safety_score,deg,female,age,deb0,del
1,23.033556,3,6,62.865582,9.8296022,-2.9765515,3,0,34,0,0
2,6.09375,3,7.2852869,32.267799,7.4791756,-3.4803882,4,1,28,0,0
3,3.0581872,3,7.3499999,239.06969,8.9631052,.046111528,4,1,27,0,0
4,7.96875,3,12.395555,37.242954,11.274359,.16388662,5,0,41,0,0
5,29.6875,3,10.640203,25.081051,11.348108,.14673413,1,0,39,4.8061442,0
6,12.919568,3,14.8,63.393604,7.0023313,-1.1230597,4,1,46,0,0
7,1.875,3,4.7642365,38.810284,6.8088822,-.28494647,3,0,21,0,0
8,4.3693352,3,10.605,35.042969,7.6980548,.58604223,3,0,34,0,0
9,27.15625,3,3.7529163,36.720963,9.0280132,-3.1830046,4,0,27,.60792178,0
10,4.6875,3,10.205069,49.661026,9.6604948,-.080567032,2,0,59,0,0
11,9.7701883,1,4.1017637,11.771696,7.7499099,.060694251,3,1,26,2.4984004,0
12,12.014473,3,10.5,33.572598,9.2983418,-1.4016173,3,0,51,0,0
13,1.40625,3,14.715466,78.349403,13.033009,.35555878,3,1,49,0,0
14,1.4305664,3,8.9054642,122.00635,9.1265764,.19218011,3,0,44,3.8007908,0
16,7.8104811,3,22.454222,344.43771,13.274585,-.73800898,2,1,34,1.6179245,0
17,3.0843983,3,10,30.324991,7.7403793,-.32390723,4,1,37,0,0
18,6.5579481,3,3.9770889,80.346397,4.6271772,-1.6708423,1,1,21,1.5278225,0
19,11.21875,3,15.093064,101.54843,11.742063,-.99524486,4,0,32,0,0
20,4.6875,3,4.5608063,117.56098,15.08288,.14730799,4,0,23,0,0
21,11.796875,3,16.763559,300.86551,15.078984,-.30153239,4,1,39,1.907726,0
22,8.40625,3,4.860363,74.198425,9.2884741,-.60948622,1,0,24,1.942096,0
23,3.125,3,10.556222,79.977669,9.0151672,.32468277,2,1,36,0,0
24,.9375,3,8.3294964,237.77449,19.457529,.32892901,3,0,22,0,0
25,6.875,2,7.2852597,12.229563,17.195349,-.4358007,1,1,28,0,0
26,3.8564334,3,5.5650001,233.82973,8.7995758,.8607409,1,1,34,0,0
27,70.3125,3,7.1470027,183.84842,8.3780203,-.38926485,5,0,22,0,0
28,4.5403557,3,41.5,89.580818,7.3247428,-.34476605,1,1,47,0,0
29,6.2424073,3,26.25,108.9064,13.179049,.67993116,4,0,41,0,0
30,20.59375,3,12.89204,179.81447,14.527922,-.051529694,2,0,43,0,0
31,14.375,3,9.7915068,29.625751,7.9371414,.42377979,5,0,44,0,0
32,4.125,3,12.88722,188.98064,12.179009,-.41622806,4,1,44,0,0
33,4.53125,3,11.474319,23.233232,10.199591,.86598116,4,1,57,1.8064855,0
34,4.21875,3,5.9710703,85.172874,8.8520689,.81433409,4,1,27,1.6053835,0
35,38.260567,3,13.358255,38.969547,10.109724,-1.0962006,3,1,34,2.406188,0
36,53.573208,3,48.400002,926.93677,26.320181,-.74617088,5,1,52,0,0
37,3.2001607,2,4.0826936,31.599371,7.2798004,.32955214,3,0,23,4.1548085,0
38,5.6861634,3,8.30445,105.86163,5.7961326,.88291413,4,1,31,4.578794,0
39,15.3125,3,15.759383,219.07938,14.183196,.26772484,5,0,41,0,0
40,30.933853,3,9.8059168,117.46145,8.0326071,-1.2714809,3,0,61,.76116472,0
41,27.96875,3,8.6517954,55.506157,11.51105,-.71060669,3,0,61,.65315694,0
42,1.875,3,12.68126,113.01248,10.55691,.29410839,2,1,44,0,0
43,5,3,4.2996516,30.058424,7.9410324,1.2106291,3,0,23,0,0
44,3.6502595,3,19.299999,117.59776,15.258717,-1.4216046,3,0,41,0,0
45,12.807017,3,10.225705,33.930794,11.351067,.29600182,3,0,39,1.8433305,0
46,4.3398652,2,6.4050002,24.759338,7.8203759,.46803749,3,0,34,0,0
47,2.8834825,3,18.05316,204.21849,12.908014,.60319525,5,1,51,2.850421,0
48,4.4573655,3,6.8249998,78.605072,8.5670595,.37214187,4,0,21,0,0
49,15.952919,3,11,36.117661,8.1094236,.64466363,1,1,38,0,0
50,.95309508,1,2.9220431,4.3800859,6.4996614,1.4882684,1,0,22,7.3296347,0
51,9.875,3,11.469131,38.984657,12.074274,.23722027,3,0,54,0,0
52,4.0642724,3,6.9983377,44.737656,7.5992866,.94473016,4,0,21,3.2423992,0
53,5.4934583,3,4.9377427,24.17137,5.2138047,.18913721,3,0,21,2.283926,0
54,2.34375,3,19.701017,612.58319,16.157253,.33095843,1,1,34,0,0
55,.46875,3,13.223639,30.555943,9.7924643,.2442961,3,1,57,.99342746,0
56,3.128654,3,4.3000002,77.469925,8.282342,-.59948069,3,0,21,0,0
57,3.1807394,1,2.8,90.071381,10.191403,-.18145865,4,0,23,0,0
58,8.7426434,3,3.5659912,29.219822,10.090052,.5931201,4,1,53,2.1880989,0
59,5.9375,3,6.9364977,151.17105,9.1467819,.69815433,4,1,24,0,0
60,8.4375,3,14.829445,111.4388,10.124897,1.1664827,2,0,42,0,0
61,6.0463986,3,6.3000002,124.51027,7.9886985,-.32979372,3,1,29,0,0
62,11.71875,3,15.236821,198.23236,11.015123,1.2910299,4,1,58,.76933503,0
63,12.96875,2,10.60941,8.8429537,12.267659,.71986079,3,0,46,1.1665308,0
64,11.71875,2,13.725519,2.8639967,20.188129,.79802305,3,1,51,1.0514961,0
65,5.9375,3,12.820958,119.64867,14.911608,.99676436,2,1,59,0,0
67,5,3,5.1091342,37.987293,8.3703623,.67013305,3,0,24,0,0
69,3.0469232,2,10.5,60.596264,13.241694,.14442602,3,0,47,0,0
70,5.2523584,2,8.6999998,68.368813,8.0128603,.33912265,4,0,53,0,0
71,9.6959715,3,17.321728,82.868416,13.805736,-2.505384,4,1,56,1.9982139,0
72,5.625,3,15.868669,243.62917,12.883432,.46283698,5,0,39,0,0
73,12.03125,3,11.142282,84.607521,11.737418,-.44126919,4,1,44,1.4548129,0
74,4.1875,2,5.7479715,73.559128,8.7102623,-1.5263499,2,0,27,3.0260525,0
76,3.9867666,3,7.0999999,51.716137,6.6718416,.63192016,5,0,22,0,0
77,6.5625,3,10.179864,38.185028,9.8116035,.3272205,5,0,44,0,0
78,1.40625,2,12.399545,32.491207,9.3672733,.13560446,4,0,42,0,0
79,16.795139,3,43,926.93677,30.993324,-.2137759,3,1,52,0,0
80,2.8125,2,9.9270277,54.747051,10.186575,.025246879,4,0,43,0,0
81,14.0625,3,13.181385,152.62012,14.757327,-.099436641,4,0,49,0,0
82,15.216641,3,7.6999998,141.56036,8.9060993,-.1055066,4,0,29,0,0
83,14.0625,3,11.885747,415.75397,12.595239,.92465132,5,0,27,0,0
84,2.34375,2,12.392532,75.013351,12.972726,-1.9645392,3,0,54,1.967314,0
85,9.2218122,3,12.6,83.249985,13.09266,.45699054,3,0,47,0,0
86,1.4147,2,5.2905121,31.331612,9.7365885,1.3422664,3,0,41,.33455259,0
87,8.1532927,3,16,49.626076,10.495214,-.49470624,2,0,47,0,0
88,33.611977,3,6.1710839,298.97867,18.483479,-2.8063152,3,1,22,.18610658,0
89,9.7784185,3,6,178.61143,6.403698,.86219144,4,0,22,0,0
90,8.4375,3,10.028605,20.160233,9.2621822,-.51873165,1,0,38,2.2737534,0
91,6.7671571,3,5.0854511,280.21246,12.412883,-.10360015,3,0,28,2.4001663,0
92,5.9970117,3,4.5999999,72.979607,9.6397028,-.63020808,4,0,24,0,0
93,12.5,2,6.424087,17.876001,8.3635006,.7796095,3,1,26,2.2848818,0
94,1.875,2,5.8831787,14.188568,6.9654226,.24511623,1,0,29,0,0
95,46.103733,3,25,105.48454,12.196423,-1.6977321,3,1,56,0,0
96,4.4156766,2,13.304153,60.897366,4.9554224,.6117515,1,1,36,3.7130072,0
97,9.375,2,6.809124,.35291767,10.891356,-.7923004,4,0,34,3.503,0
98,3.28125,3,9.396203,67.64167,6.6347065,1.0182561,3,0,36,1.9319021,0
99,3.59375,2,5.0261478,56.768425,6.0120282,.24777596,2,0,21,0,0
100,37.5,3,16.11005,168.6389,14.917269,-.41454172,5,1,41,1.0373598,0
101,17.8125,3,8.7001896,143.78563,10.739178,-3.4803882,3,1,26,1.7350669,0
102,4.21875,2,11.930787,11.570395,15.482178,.65760285,3,1,38,.93577611,0
103,.98503691,1,2.9710805,73.028351,7.3045187,.70332283,2,0,28,2.4081209,0
104,28.201378,2,19.664188,4.5823135,12.449206,.31581303,3,1,47,1.496273,0
105,11.6875,3,9.9578075,35.843853,9.3303747,-.22456297,4,0,38,.77720636,0
106,.9375,3,6.3784852,34.581547,7.0450134,.45473722,1,0,28,0,0
107,5.614953,3,6,25.925547,5.3130336,-.66887432,3,1,26,0,0
108,11.21875,2,15.046516,27.454447,9.1249552,-.70350915,3,1,52,0,0
109,11.09375,3,16.616302,246.411,21.143272,.71110636,2,1,57,0,0
110,3.75,1,3.7141106,7.9417496,7.5823841,.69854748,2,0,23,3.564739,0
111,12.0625,3,12.221689,27.984802,12.82308,-.36432174,3,1,46,1.7676861,0
112,3.28125,3,5.6768217,89.664055,8.6554375,.25087184,2,0,24,0,0
113,2.5915432,3,8,48.523678,8.6273775,-1.2690192,1,0,34,0,0
114,10.19908,3,19.74,168.65912,11.741716,.41259894,4,1,32,0,0
115,12.96875,3,10.835175,321.07837,28.939367,.53032702,4,1,26,0,0
116,14.0625,3,13.268534,135.28551,11.127378,.89388931,2,0,56,.96073252,0
117,6.875,2,9.8120556,3.4622123,10.102321,.067195721,1,1,44,2.6009393,0
119,39.317249,3,24.15,213.30093,10.104352,.45303443,3,1,42,0,0
120,11.579353,3,16.1,188.64697,22.195297,-3.4803882,4,0,52,0,0
121,2.890625,3,12.800884,51.400013,10.38413,.054760177,1,0,42,0,0
122,4.6875,3,9.2177114,21.102913,12.261872,1.1484449,4,0,43,0,0
123,3.59375,3,4.3246217,21.275274,7.6312776,.60147268,3,0,22,0,0
124,11.71875,3,6.2997818,30.30344,6.8645229,1.3780432,1,0,28,0,0
125,1.875,3,14.912964,356.32651,12.614061,.9613319,1,1,34,1.4557623,0
126,5.15625,3,12.370673,86.649971,12.508108,.35482121,1,0,47,0,0
127,.8125,3,16.474241,322.19183,15.92511,.038884781,5,0,46,0,0
128,12.206117,3,4.3754172,110.80872,9.3370247,.27835068,4,1,42,2.2080114,0
130,8.90625,2,9.3468571,51.812641,9.4628191,.11023167,4,0,44,0,0
131,5.96875,2,12.083755,55.025848,9.4224491,-.46726793,3,1,44,0,0
132,8.4375,3,19.369822,426.43311,16.667015,.78416181,4,0,42,0,0
133,31.017944,3,5.0936899,292.44595,13.714625,.2398134,4,1,38,1.1446214,0
134,5.125,2,5.1410313,42.821892,7.7305522,-1.3649935,5,0,24,.94007522,0
135,4.0625,3,12.364861,37.071426,12.12249,.57865578,4,1,49,0,0
136,14.631402,3,3.7175584,135.73761,8.9152937,-.73539943,1,0,22,2.3753638,0
137,43.522625,3,14.555587,481.03024,31.155828,.41418016,3,1,24,.19932908,0
138,7.375,3,10.357612,75.625839,14.126574,-3.4803882,1,0,43,.63388801,0
139,2.0503547,3,28,101.65961,24.005579,-.040100656,3,0,32,0,0
140,16.875,3,6.3071003,100.97701,9.8525419,.42302987,4,1,27,1.9186471,0
141,12.902394,3,5.25,211.54604,13.669016,-.8916167,1,1,58,0,0
142,2.3982174,3,3.885,21.431517,6.7148333,.76482433,4,1,28,0,0
143,4.53125,3,10.480307,115.8256,14.021689,-.016366301,4,1,36,0,0
144,22.96875,3,12.914301,27.913784,11.298386,.24568136,5,0,51,1.2363791,0
145,3.75,3,17.03562,367.61868,17.830976,1.4882684,4,1,37,2.5077982,0
146,4.8805838,3,9.3999996,42.598167,17.430115,.13362759,1,0,46,0,0
147,15.911005,3,4.8861942,85.743988,11.10815,.578269,4,0,23,1.3343894,0
148,15.671559,3,11.3,466.31366,16.541718,.6258738,5,0,44,0,0
149,2.1875,2,5.425921,68.246834,6.7237215,.37147844,1,1,23,0,0
150,27.203678,3,3,92.447289,10.142944,-.24673516,2,1,23,0,0
151,28.399868,3,17.85,63.20607,9.7713013,.66249341,4,0,41,0,0
152,13.59375,3,13.351283,43.717545,22.446079,.78606182,2,1,41,2.9396729,0
153,4.0625,3,15.410602,209.88596,19.542192,.52717322,1,1,56,0,0
154,37.5,3,12.542576,115.93248,13.595643,-1.0704778,4,0,47,0,0
155,5.4137597,3,3.1423795,124.44028,6.7565122,.72486567,2,0,22,.48747438,0
156,1.40625,2,5.1493869,17.030293,11.981537,1.4705896,3,1,23,0,0
157,6.875,2,3.7733967,10.754583,7.4528079,-.39278167,4,0,26,0,0
158,3.75,3,8.2474251,125.29213,8.9421701,.039834302,3,1,27,0,0
159,13.960008,2,8.3999996,35.660717,14.471792,.65440667,4,0,33,0,0
160,8.5991316,3,3.4000001,82.797508,7.053381,.38505602,1,0,37,0,0
161,4.21875,3,13.311271,123.21947,11.882679,1.0328453,1,1,46,0,0
162,18.75,3,3.5590439,65.882347,9.5645123,1.2298939,4,0,23,1.9219409,0
163,38.629059,3,37.525307,686.5672,22.492359,-2.1858265,5,0,39,.25512445,0
164,3.5728788,3,34.650002,598.37799,25.034975,1.1781929,4,0,39,0,0
165,14.0625,3,10.553917,145.46875,25.961187,.67235476,5,1,28,0,0
166,1.875,3,11.061051,161.05469,9.7733498,.53244287,5,0,34,0,0
167,12.96875,3,13.967763,73.649422,10.188416,-.7430079,5,1,39,.95287818,0
168,11.71875,3,15.518259,114.84375,11.232569,.11453629,3,1,47,0,0
169,1.875,2,5.9034057,32.8125,5.5231576,-.31591296,2,1,21,0,0
170,1.9665523,3,12.495,21.875,11.306169,.27643225,3,1,54,0,0
171,2.34375,3,12.324203,59.151936,10.112442,-.26828331,2,0,58,2.4277966,0
172,.8125,3,8.4704771,54.6875,10.238613,-.15232299,2,0,61,0,0
173,3.125,3,14.952484,175,15.496548,.0062541482,3,0,49,0,0
174,1.875,3,11.680907,26.25,12.024395,.79957503,3,0,56,0,0
175,25.28125,3,8.7460928,60.692924,11.533723,-.73577821,3,0,61,.6084944,0
176,1.171875,2,10.902649,31.617689,9.8312025,.52329248,2,0,37,2.3960156,0
177,20,3,11.705178,339.27304,13.491735,-.42249444,5,1,27,1.4635562,0
178,1.875,2,8.3699808,21.875,7.673872,-.23471543,2,0,34,0,0
179,11.595064,3,29.854408,46.905178,23.027613,-3.4803882,5,0,42,.9603731,0
180,.46875,3,25.339155,699.18726,23.167032,.95521069,5,0,52,1.2426404,0
181,1.0714481,3,11,114.29688,11.809458,-.11378118,2,1,41,0,0
182,8.875,3,13.458268,32.8125,8.9638996,-.002888927,5,1,49,0,0
183,27.473297,3,25.182583,174.64229,6.9233217,.31412834,4,0,28,.072438948,0
184,27.65625,3,4.8425646,33.122417,8.6174679,-3.27125,5,0,27,.45866242,0
185,2.655941,3,25.46978,383.17087,7.6820889,-.32339954,5,1,39,3.1450684,0
186,11.21875,2,5.7364717,75.952362,8.0071363,-1.7683368,3,0,22,2.2753735,0
187,9.6875,3,4.9208121,49.21875,6.13691,.54655468,4,1,21,0,0
188,28.125,2,9.4172802,7.577898,12.912805,.72936112,5,1,36,.71909577,0
189,2.34375,3,7.2519836,86.528091,8.3825159,.3395502,1,0,29,2.7065415,0
190,.9375,3,16.626728,166.25,10.137785,.50786811,1,1,52,0,0
191,56.311195,3,32.549999,765.625,19.387486,.31239939,4,1,53,0,0
192,7.2553558,3,9.1262474,108.32661,8.8800545,.16898015,3,0,44,2.4225101,0
193,3.125,3,7.4189715,103.90625,9.0198793,.22372386,3,1,24,0,0
194,8.6406031,2,4.0133853,16.723221,6.2427058,-2.0194888,5,0,41,2.0114946,0
195,2.1875,3,13.055022,109.375,11.720781,.73663843,1,1,46,0,0
196,1.875,3,11.2094,32.8125,10.047243,-.26689032,4,1,37,0,0
198,5.4733348,3,8.5,92.96875,13.552513,-1.3678752,3,1,56,0,0
200,3.28125,3,6.280232,111.37082,9.2632303,.40852472,1,1,23,2.8427339,0
201,52.53125,3,27.79073,869.53125,11.714478,-2.513592,5,0,41,0,0
202,6.09375,3,14.721867,146.41652,14.10249,1.0871347,3,0,48,1.3573319,0
203,3.125,3,14.080538,120.3125,9.8966646,.31109062,4,1,41,0,0
204,1.875,3,6.7638192,158.59375,8.9530659,-1.0423772,3,0,23,0,0
205,36.064735,3,6,131.25,5.0583,-1.1811631,4,1,24,0,0
206,6.868145,2,10.6,54.6875,7.9376431,.35301793,3,0,24,0,0
207,16.88187,2,8,76.5625,12.354652,-1.873597,4,0,39,0,0
208,8.5525694,3,7.7227602,81.03875,10.076797,.28959504,4,1,23,3.1946158,0
209,12.428829,3,8.799427,370.8165,12.682132,-1.7194352,4,0,42,1.2521988,0
211,2.4327273,3,6,38.28125,10.528585,.033365496,3,0,44,0,0
212,2.34375,3,10.366084,38.28125,10.528857,.031711593,3,0,44,0,0
213,18.59375,3,17.589262,302.95126,15.699439,-.38535127,5,1,54,.89973468,0
214,1.875,3,11.140024,120.3125,13.094848,.24939509,4,0,43,0,0
215,15.3125,3,9.8187752,240.625,8.3979216,.77031827,3,1,21,0,0
216,35.15625,3,7.1187654,31.171875,6.9630017,.4654313,5,0,28,0,0
217,11.09375,3,13.982035,153.98274,13.982032,.57145816,3,1,43,1.8108355,0
218,5.6544809,3,53.094467,71.83976,15.914362,-.19436519,1,1,47,1.8950833,0
219,2.28125,3,10.15672,27.34375,6.1192875,-.15752676,1,0,37,0,0
220,6.09375,3,8.1682768,48.125,5.8620048,-.20020024,1,0,34,0,0
221,4.5625,3,20.560493,411.25821,8.1345778,-.98661655,3,0,33,1.1310705,0
222,7.96875,3,12.793417,60.15625,11.25797,.29757282,2,1,54,0,0
223,13.90625,3,10.658585,65.625,10.287436,.31287751,3,0,59,0,0
224,12.342409,3,9.0662689,111.63345,11.462839,.72472274,4,1,31,2.6169455,0
225,55.977871,2,4.8655219,6.1867309,7.667089,-1.6534413,5,0,38,1.1798904,0
226,25.657085,3,14.49,82.03125,28.342888,.22939962,3,1,34,0,0
227,56.25,2,12.446077,19.776985,12.51399,.73386335,1,1,41,2.0404422,0
228,.9375,3,14.772599,139.09752,13.595222,.66482973,1,1,48,6.1002445,0
230,3.75,3,11.80211,65.625,17.586048,-.14983794,4,0,49,0,0
231,1.8125,3,11.820859,109.375,4.6271772,.18509477,2,1,31,0,0
232,2.8125,2,12.867123,7.983489,11.404806,.93639612,2,1,41,3.3184423,0
233,.9375,3,4.653471,32.8125,13.862562,.1110477,3,0,21,0,0
234,1.875,3,16.36554,153.125,11.153625,.76499557,4,0,32,0,0
235,3.125,3,12.626354,109.375,10.92349,1.0645901,4,1,37,0,0
236,.9375,3,11.313825,87.5,8.53685,.96579933,3,1,36,0,0
237,34.708267,3,36.75,926.93677,31.155828,-.82045513,4,0,43,0,0
238,7.03125,3,13.697446,164.0625,10.3382,.86574239,5,0,53,0,0
239,9.6875,2,7.4318795,72.301521,7.2885003,.73956454,1,0,28,2.8290012,0
240,2.34375,3,7.2079759,114.29688,7.3667612,.35766879,2,1,22,0,0
241,4.8470693,3,5,42.65625,8.0219221,-.036592353,2,0,23,0,0
243,3.59375,2,7.8828793,27.34375,5.588367,.60176134,1,1,28,0,0
244,4.6875,2,12.394235,9.4939613,12.149969,.80120295,3,1,54,2.1733625,0
245,9.8783464,3,7.3499999,52.5,15.673932,.60081011,2,1,51,0,0
246,14.0625,3,10.304066,55.889328,23.474636,.53224522,4,0,56,2.0891483,0
247,3.59375,3,4.8431215,98.4375,8.811388,.62039769,4,0,27,0,0
248,2.8507433,3,22.785,21.875,19.165684,1.1537739,5,0,43,0,1
249,10.78125,3,5.7592793,83.125,8.3299303,1.4454093,2,0,27,0,0
250,1.875,2,4.674161,83.125,7.9312077,-.16042063,4,0,24,0,0
251,14.0625,3,5.5561705,31.171875,11.025386,1.0514189,2,1,21,0,0
252,1.9287302,3,3.8103869,28.666943,8.331131,.74617279,4,1,46,5.5402718,0
253,2.6875,3,8.0007572,65.625,8.7706566,-.31790021,4,0,36,0,0
254,4.6875,3,16.055752,202.61719,12.335629,1.281875,2,0,51,0,0
255,7.440619,3,2.8836274,45.975029,16.667835,-.49883127,4,0,34,1.8569765,0
256,4.21875,3,11.538752,39.375,8.6253986,.1767803,4,1,53,0,0
258,1.875,3,12.270709,60.15625,10.559239,-.39911115,2,0,39,0,0
259,5,3,13.555817,153.73831,12.029344,.44699639,5,1,44,1.2751985,0
260,1.875,3,13.998364,65.488205,11.787357,-.031436905,3,0,42,1.363832,0
262,3.125,3,15.416108,54.6875,9.7158041,.16463093,5,1,33,0,0
263,14.0625,3,13.615923,109.10156,14.572511,.3636418,2,0,47,0,0
264,7.03125,3,3.2661629,37.40625,6.8943062,.98680693,4,0,22,0,0
266,24.8125,3,12.268857,98.916801,12.253203,-.60204071,4,0,41,1.4159126,0
267,9.375,3,2.8841093,34.162109,8.6342192,-.047600359,4,0,23,1.301296,0
268,1.40625,3,22.04517,470.3125,16.539366,.32787806,5,1,41,0,0
269,27.147326,3,12.6,87.5,12.041723,.11295627,3,0,38,0,0
270,9.375,3,11.67268,65.625,9.4867764,.27607271,2,0,53,0,0
271,3.75,2,10.120628,49.875,6.7542086,.83031327,1,1,31,0,0
272,4.21875,2,4.4787707,18.9034,8.8720236,-.13588922,1,0,26,5.6285877,0
273,21.09375,3,12.746882,130.94218,15.024921,-.74045408,4,0,47,.90148115,0
275,18.75,3,16.454079,231.14453,13.83563,.73505688,5,0,51,.59674793,0
276,15.809265,3,37.59,339.0625,17.543756,.16664253,4,1,39,0,0
277,7.03125,3,16.461823,145.46875,11.211486,.54765737,2,1,42,0,0
278,23.45557,3,62.400002,519.53125,21.990639,.65981776,3,1,39,0,0
279,3.125,2,6.6633525,32.8125,4.6271772,.58219635,1,0,28,0,0
280,1.6809239,3,4.8439617,100.39629,13.125846,-.58256155,3,1,44,3.9465766,0
281,7.1481624,3,10.297415,77.684265,15.034811,.83320415,5,0,49,.91789889,0
282,2.1322978,3,3.8,273.4375,9.5268936,.026695028,1,1,27,0,0
283,6.5625,3,11.724089,74.080032,9.9104052,-.92390257,4,1,38,1.3519638,0
284,29.771311,3,5.4955678,350.94006,10.768817,-.59446537,5,1,48,.78633422,0
285,7.5,2,4.4519234,9.5667229,8.4922056,-.84897894,3,0,24,2.190042,0
286,1.171875,3,6.6019487,100.74625,8.6924353,.37316701,4,1,27,3.8647141,0
287,2.875,2,4.7553906,76.5625,7.7637129,-.64667916,4,0,27,0,0
289,1.84375,3,10.662013,38.28125,16.209642,.1741405,3,0,43,0,0
290,2.34375,2,11.225997,64.281761,11.090358,-2.8623326,4,0,57,2.3646469,0
292,25.28125,3,7.9840465,76.5625,7.9971728,-1.5696441,2,0,28,0,0
293,1.875,3,6.431859,119.49219,8.7926655,1.076082,2,0,27,0,0
295,30,3,21.864857,426.5625,15.764749,-.29343623,5,1,42,0,0
296,2.578125,3,13.502198,98.4375,11.272602,.1170847,4,0,33,0,0
297,8.75,3,15.99533,98.4375,7.6524711,.077155396,5,1,33,0,0
298,3.75,3,9.3569641,43.75,8.6880646,.680134,3,0,31,0,0
299,10.853185,3,25,93.515625,13.006539,.8111791,4,1,41,0,0
300,3.7868967,2,5.145,43.75,9.265914,.39347926,2,0,27,0,0
301,.98782879,2,6,31.171875,6.0977736,1.4882684,3,0,22,0,0
302,5.625,3,3.9043424,51.953125,6.788424,.90420949,1,0,22,0,0
303,8.5155087,2,12.6,76.5625,7.0064793,.86330009,2,1,49,0,0
304,13.897663,3,3.5518186,69.768173,11.07604,.036565773,1,0,39,1.2951168,0
305,1.8389782,2,5,36.09375,10.455031,-.30168387,2,1,48,0,0
306,1.640625,3,6.7763109,105.58918,9.5902567,-.76465303,5,0,26,2.8449488,0
307,3.75,3,14.644831,202.62344,15.765609,-.38913602,2,0,57,2.4692104,0
308,3.7348609,2,3.8,20.78125,13.988768,-.97255075,3,0,46,0,0
309,3.125,3,4.1195474,39.375,7.8515348,.41251478,1,0,27,0,0
311,4.4115396,3,16,426.5625,9.5237942,.92508018,4,0,51,0,0
312,4.2005658,2,3.9106679,7.5238376,5.4759202,.77259988,3,0,22,3.592113,0
313,3.7669153,3,17.55011,68.0336,11.090594,.44643375,2,0,44,2.0168905,0
314,1.6211696,3,17.93235,138.14279,13.286852,1.4882684,3,0,42,2.0152178,0
315,37.5,3,13.147485,218.20313,14.923061,-1.1169184,4,0,46,0,0
316,9.375,3,12.655541,164.0625,13.868546,-.64398748,4,0,54,0,0
317,19.90947,3,31.5,65.625,19.00598,.58654666,2,1,36,0,0
318,2.8125,3,14.987097,348.08594,19.882427,1.1958058,3,0,31,0,0
319,.9375,1,10.340097,14.804602,8.6951389,.4862397,1,1,44,2.8643012,0
320,68.914963,3,3.78,20.78125,5.1098251,.14730673,5,0,38,0,0
321,3.9154735,2,5,16.40625,4.6271772,-.64789242,4,1,22,0,0
322,6.8313818,1,4.4344945,7.4616919,5.6611271,.84566331,1,0,21,3.5853686,0
323,7.8125,3,4.8202581,44.84375,8.2095623,-.23288885,2,0,27,0,0
324,7.6857257,3,3.5999999,467.57813,25.099531,-.24758342,1,0,39,0,0
326,16.101957,3,20.923937,146.41467,15.874886,-3.4180861,2,1,43,.77780205,0
328,14.140101,3,5,114.84375,7.302362,-.99235076,1,1,22,0,0
330,7.5,2,7.8380508,98.4375,7.761939,-.08437743,3,1,27,0,0
331,3.125,2,6.2882862,29.884666,9.9782372,-1.2067587,3,1,21,2.0135965,0
332,5.0461602,3,20.4,62.34375,31.155828,-.41525438,4,1,53,0,0
333,6.875,3,15.159231,10.29019,10.970025,-3.1621814,4,1,52,.97662503,0
334,18.883154,3,4.8041162,58.24617,14.539853,.84115005,2,0,43,2.5413759,0
335,5,2,9.1259995,4.5230894,10.528769,.90550655,2,0,44,2.6716666,0
336,11.21875,3,13.198078,29.53125,10.570072,-3.3440552,5,0,42,0,0
337,5,3,13.172081,76.5625,12.965591,.53729999,3,0,47,0,0
338,2.75,3,6.36481,114.84375,8.7268505,.42063797,4,1,21,0,0
339,8.28125,2,5.9916186,32.8125,5.3107958,.46309847,5,1,22,0,0
340,7.4885325,3,3.8093617,138.69357,9.8883524,.93316507,5,0,27,1.5548004,0
341,2.34375,3,10.080626,229.6875,8.9184532,-1.8373313,5,1,27,0,0
342,20.064627,2,10.176113,4.7517481,26.697557,-.43907061,4,0,39,.50970113,0
343,12.632455,3,39,77.929688,9.9678221,.81660289,5,1,42,0,0
344,20.153677,2,11.14257,38.244305,7.4284534,.3624624,3,1,57,1.6032407,0
345,4.8437386,3,16.799999,185.9375,14.049998,.84112662,1,1,51,0,0
346,11.834561,2,6.469223,22.840132,9.3491907,-.33950609,5,1,39,1.2426459,0
347,2.8209858,2,5,65.625,6.8618445,-.34016082,5,1,22,0,0
348,3.28125,2,9.9591589,36.367188,7.3442831,.62271827,2,1,34,0,0
349,2.3209612,3,20,462.38281,19.488153,.93239123,1,1,43,0,0
350,16.40625,3,9.9825583,109.375,8.9612112,-.30515769,5,0,36,0,0
352,7.375,3,11.082857,30.625,11.910093,-.54887992,1,1,43,0,0
353,4.4805789,3,10.5,120.3125,19.884968,-.17465486,4,1,56,0,0
354,2.34375,3,11.337358,120.3125,12.83705,.45895457,4,0,46,0,0
355,11.278058,3,7.8720694,139.42445,15.608171,-3.2755311,1,0,43,1.186759,0
356,1.875,3,16.393009,98.4375,11.83676,-.04790264,3,0,32,0,0
357,3.59375,3,9.6517773,147.65625,8.0679836,.24057333,4,1,28,0,0
358,2.1875,3,12.765014,139.57274,13.886806,-.49882606,4,1,43,1.3341391,0
359,6.1283588,3,6,77.929688,5.524508,.23112498,5,1,44,0,0
360,4.3440571,3,10.08,142.1875,15.843356,.6304239,4,1,32,0,0
361,4.9900918,3,15,65.625,9.8628044,.68632746,2,1,44,0,0
362,2.875,1,3.400986,1.6083603,12.205618,-.28646666,1,0,22,2.4485025,0
363,5.4189548,3,10,51.953125,17.961016,.67098743,3,0,43,0,0
364,20.46875,2,4.0386982,0,10.089606,.45568299,4,1,24,3.8055828,0
365,3.8104775,3,12.6,25.15625,15.789809,.4928118,3,1,42,0,0
366,14.0625,3,19.321875,503.94531,20.883785,.36352533,5,0,43,0,0
367,5.15625,3,10.737389,72.734375,10.225714,.85041487,4,1,44,0,0
368,8.6671724,3,38.325001,54.6875,15.406649,.39682096,1,1,38,0,0
369,5.46875,3,5.6236906,175,9.4647741,.83198237,4,0,23,0,0
370,12.817276,3,9.9884396,83.708534,9.5705776,.15390241,3,1,28,3.1054285,0
371,6.09375,2,10.503312,7.0523472,8.7372522,.62919348,4,1,38,1.4737304,0
372,1.596687,3,6.8249998,87.5,9.9698162,.49391815,2,0,26,0,0
373,37,3,12.332267,165.54288,14.036741,-.46641737,4,1,44,1.3588606,0
375,3.59375,3,10.874263,125.78125,16.859026,.27491698,3,0,31,0,0
377,18.75,3,5.9771333,49.21875,6.503768,-.49139312,5,1,22,0,0
378,3.28125,3,3.3056307,55.463295,9.0541916,.46901417,4,0,23,2.1891317,0
380,34.53125,3,14.351218,191.40625,10.709704,.28362843,4,1,53,0,0
381,6.2508574,3,21,158.59375,15.713686,.24802148,4,0,53,0,0
382,34.53125,3,13.976663,164.0625,13.109595,.28438139,4,1,54,0,0
383,31.412323,2,10.5,65.625,14.920722,.075733796,3,0,56,0,0
386,2.1875,3,13.229468,492.1875,11.870905,.12190813,4,1,22,0,0
388,24.953018,3,21.541233,127.49576,11.8795,.202953,1,0,37,.59180927,0
389,7.0731807,3,6.3000002,60.15625,6.1656318,.48559064,1,1,36,0,0
390,2.4536557,3,5.4000001,54.166672,14.293609,-1.0740756,1,0,56,0,0
391,5.46875,3,15.242281,183.64256,12.303094,-.27196154,1,1,56,0,0
392,2.5388482,1,6.6266775,19.260437,9.0211868,.42704806,3,0,57,3.8122239,0
393,10.15625,2,11.707753,38.694271,5.8463907,.25224563,2,0,57,3.7721367,0
394,42.118221,3,19.9,489.53888,16.461979,-3.1069226,5,0,58,0,0
395,39.656406,3,11,926.93677,30.173113,-3.4803882,4,0,60,0,0
396,14.0625,3,10.386609,136.42212,12.742071,.76929283,5,1,28,0,0
397,2.4787819,3,5,153.42935,9.6482763,.67916584,5,0,34,0,0
398,14.447997,3,5.9000001,62.865582,5.8061047,-2.9765515,3,0,34,0,0
399,61.5625,4,10.442017,227.83348,18.533314,-.11359262,4,1,24,1.4547398,0
400,60.3125,4,8.8600988,179.23349,12.865012,-.15222687,4,0,26,1.8616574,0
401,2.6694238,4,3.9425304,173.33504,12.286147,-.093687072,4,1,24,4.8313704,0
402,12.628237,2,4.4791036,16.243603,9.8974724,.12425451,4,0,41,1.7970265,0
403,95.357056,3,13.399192,73.4263,12.308577,-.77241552,5,1,41,.45874715,0
404,4.09375,3,8.5534306,37.432087,7.1691871,-3.3954697,5,1,28,0,0
405,7.1564274,3,6,32.267799,4.6271772,-3.4803882,4,1,28,0,0
406,1.875,3,12.350923,34.002853,10.326122,.20623457,2,0,48,0,0
407,15.90625,3,13.895954,144.81674,15.382973,-.78830945,3,1,43,.70202667,0
408,12.1875,3,8.1658792,194.24185,4.8612361,.050323956,4,1,27,0,0
409,13.4375,3,14.695912,420.33249,11.530228,.063947573,4,1,28,0,0
410,14.53125,3,8.9951439,239.06969,10.072625,.046111528,4,1,27,0,0
411,10.234634,3,14.7,37.242954,8.7935476,.16388662,5,0,39,0,0
412,7.96875,3,9.8548622,33.055103,9.8811293,.24570629,5,0,44,0,0
413,15.3125,3,16.51923,188.7412,11.739959,-.12218088,1,1,51,0,0
414,7.3931656,3,5.0999999,33.745235,8.5847502,-1.1386936,4,0,47,0,0
415,1.84375,3,5.9535193,78.112701,8.171443,-.55800539,1,1,24,0,0
416,2.34375,3,13.527223,107.21466,11.447024,.33141792,4,0,52,0,0
417,3.1154921,3,15.75,102.78958,10.597356,.37541458,3,0,48,0,0
418,3.2782142,3,6.7199998,123.59483,10.578163,.10398535,3,1,48,0,0
419,3.59375,2,13.879196,64.393929,7.9726062,.21655074,2,1,58,0,0
420,14.649908,3,10.6,313.77478,13.946259,-.6359663,4,0,39,0,0
421,57.456612,3,18.9,301.56607,14.424743,.27536991,3,1,51,0,0
422,2.40625,3,8.8660955,55.093605,10.632977,-.097417668,3,0,61,0,0
423,4.0625,3,12.499444,23.287109,13.672722,.27093199,3,1,54,0,0
424,2.8125,3,10.352791,27.825712,11.808408,.3365086,4,0,56,0,0
425,1.875,3,4.7145987,22.964821,9.4851799,-.3666282,3,0,24,3.3788743,0
427,6.5625,2,14.509629,64.353752,9.4047928,-.45865977,4,1,33,0,0
428,4.5625,2,15.093781,32.550941,8.6545029,-.45296434,5,1,33,0,0
429,6.5625,2,15.378298,47.933762,11.474439,-.5552519,5,1,33,0,0
430,3.0200369,3,5.2205768,67.770737,10.650628,-.2366614,2,0,59,1.9935234,0
431,1.8125,3,8.3838053,50.00209,10.171713,-.1465814,2,0,61,0,0
432,1.40625,3,9.0181484,63.315331,20.582645,-.1825771,3,0,61,0,0
433,.8125,3,8.8559752,54.546631,10.625048,-.09960904,3,0,61,0,0
434,1.40625,3,8.9890804,61.74427,10.752623,-.19293386,3,0,61,0,0
435,1.2576108,1,2.9801161,11.864626,6.4591413,-.22032857,2,0,22,1.7970904,0
436,1.8602747,2,6.3000002,74.719246,5.6299243,.37542516,1,0,21,0,0
437,3.75,2,3.8134055,52.471291,6.9781485,.36945432,1,0,23,0,0
438,32.439083,3,15.855,322.35699,12.902613,-.38752314,4,1,62,0,0
439,35.558662,3,4.8496847,25.081051,14.96228,.14673413,1,0,41,3.5358605,0
440,23.4375,3,13.105951,63.193981,13.462363,-1.2079263,5,0,48,1.7320663,0
441,12.03125,3,4.8824453,68.014854,5.0793953,-.40447298,4,1,23,3.838762,0
442,3.8783495,3,17.4,157.41937,10.911716,-.8506369,2,0,53,0,0
443,3.8317032,3,5.8831716,55.135437,6.5116525,1.0816301,4,1,27,2.6933198,0
444,28.125,3,11.534842,131.03958,12.312019,-1.5590014,4,0,46,0,0
445,8.2058706,3,15,63.393604,11.66365,-1.1230597,4,1,46,0,0
446,7.5,2,5.9112902,51.079491,6.626987,-.48181814,5,1,23,0,0
447,7.5,2,4.7261481,50.390091,9.1219215,-.31624949,4,1,23,0,0
448,18.75,3,6.7421112,120.29023,8.5012951,-.3494204,5,0,26,0,0
449,5.15625,3,11.55812,74.177124,10.623631,.21170849,2,0,53,2.1769586,0
450,5.15625,3,11.535761,72.972832,6.7392969,.48735473,2,0,53,3.2305379,0
451,4.5269322,3,19.950001,181.22838,13.062828,.0065145418,3,0,51,0,0
452,38.75,3,6.7024064,125.56339,9.3640261,-.66849548,4,1,21,2.5246437,0
453,16.325691,3,13.835249,22.403147,5.721415,.058219463,2,0,42,1.6963749,0
454,4.21875,2,5.5987844,86.594582,10.11443,-1.2552503,3,0,23,4.4649253,0
455,3.71875,2,4.5100913,96.498413,10.192994,-.60179901,4,0,23,4.4845529,0
456,7.03125,3,4.9497824,38.398941,5.1578836,-1.4422928,4,1,21,0,0
457,5.15625,3,6.8322568,43.972301,7.8072224,.98266822,1,0,28,3.2410178,0
459,25.28125,3,8.8810654,68.053352,12.30888,-.66708469,3,0,61,.57180798,0
460,25.15625,3,6.1734638,126.99439,17.044144,.090417929,2,0,64,2.2136831,0
461,18.828125,3,4.3372564,55.693771,15.131955,.09412051,1,0,60,3.1452754,0
462,16.40625,3,15.136833,201.79272,11.886128,.26724958,5,0,47,1.2880154,0
463,5.9375,3,15.083356,93.17701,12.016023,-.20076095,3,1,48,1.1155673,0
464,18.75,3,12.657201,392.70096,14.314556,-.3865678,5,1,27,1.4171888,0
465,6.875,3,12.29438,268.51837,6.7624755,-.10155982,1,1,28,3.2876422,0
466,3.984375,3,10.285518,248.30838,10.049994,-.090478636,1,0,29,3.4115899,0
467,21.09375,3,4.6858997,73.373932,8.0959282,.36889899,5,0,23,0,0
468,2.8125,3,15.094386,88.152153,10.973341,.19068383,1,1,52,0,0
469,6.813271,2,9.17908,14.593794,12.548311,.31817976,2,1,43,2.5025268,0
470,35.072845,3,5.8000002,48.182747,9.8612461,-2.3268235,5,0,42,0,0
471,13.719954,3,16.728107,50.584148,7.1148534,.052608624,4,1,38,1.4804572,0
472,11.71875,3,12.860785,73.833893,11.819292,.050685428,3,0,39,1.085304,0
473,9.71875,3,13.460561,51.002495,12.514676,-3.4803882,5,0,42,1.5184716,0
474,.46875,3,26.258999,748.58191,11.03341,.85331923,5,0,52,2.3156979,0
475,7.34375,3,12.272257,101.10283,14.336369,-.36318338,3,0,46,1.5351158,0
476,2.578125,3,4.4710264,85.080887,8.2581034,-.14271684,4,0,22,2.3453827,0
477,51.5625,1,2.8548305,20.613129,21.945812,.12366695,4,0,23,0,0
478,2.34375,3,12.806154,78.18309,9.0054474,-.06502796,2,1,38,0,0
479,3.59375,3,12.837958,80.899666,10.500886,-.066721901,2,1,37,0,0
480,2.875,3,11.635396,66.30838,8.6276302,-.13916041,3,0,37,0,0
481,14.40625,3,5.5725656,66.512962,8.200181,-.79647708,4,1,27,0,0
482,7.0067511,3,30.700001,92.008324,13.003269,-3.4803882,5,0,38,0,0
483,3.125,3,8.2622328,33.192635,4.7338948,.65316325,2,0,34,0,0
484,4.21875,3,8.7924967,35.042969,8.5320253,.58604223,3,0,36,0,0
485,13.125,3,4.2251663,30.383926,7.9018412,-.45124969,2,0,22,2.5805917,0
486,2.34375,1,4.2837391,.62955236,4.6271772,-.4173176,2,0,24,8.6266012,0
487,29.375,3,17.002018,224.36378,12.724467,.59173036,5,0,33,.018066747,0
488,20.46875,3,12.325518,236.07838,10.500986,.56743556,5,0,36,.036982194,0
489,18.435226,2,12,98.570114,13.928408,-.85074341,4,1,47,0,0
490,6.5625,2,6.6584001,44.650059,6.5914783,-.21460888,5,1,27,0,0
491,3.359375,3,15.315863,164.20808,13.794761,.42188054,1,1,49,0,0
492,3.3172703,1,3.2,19.869764,10.629635,-1.2095591,1,0,48,0,0
493,1.875,2,13.938902,31.312027,9.0883474,-.76343215,2,1,48,0,0
494,2.8767207,3,13.23,105.57702,10.198859,-.11098725,2,1,39,0,0
495,1.40625,3,4.9440913,31.690611,5.6826768,.1192224,3,0,21,4.2317672,0
496,2.6218927,3,7.2449999,32.301182,6.7505217,.92450786,1,1,29,0,0
498,9.375,3,12.305256,33.864132,10.094918,-.0011883409,4,1,49,0,0
499,2.8043528,2,6,30.255016,6.6470976,-.37577608,2,0,28,0,0
500,1.0271865,2,7.193624,4.9028678,7.606122,.37037539,3,1,51,9.4336557,0
501,5.625,2,14.448045,76.590576,7.9197235,-.86681116,4,1,52,2.912817,0
502,7.8857617,3,6.8000002,224.69016,10.442823,-1.2753708,4,0,23,0,0
503,7.03125,3,19.492418,477.61868,15.944178,-.75710946,3,0,38,0,0
504,8.1993103,2,19.87001,91.796776,14.746191,.82674825,4,0,46,1.8661114,0
505,9.21875,3,8.450058,172.84624,9.1371384,.28470212,4,0,29,.087973401,0
506,.9375,3,9.7798147,31.566948,12.324751,-.093123026,1,0,43,0,0
507,14.191916,2,7.878294,35.792019,14.984942,-.68156737,3,0,24,.85703212,0
508,27.15625,3,4.8707037,34.588959,8.6195698,-3.0868416,5,0,27,.47403282,0
509,27.15625,3,3.7529163,36.720963,9.0280132,-3.1830046,4,0,27,.60792178,0
510,34.795181,3,3.962543,37.273544,7.7783737,-2.47756,5,0,27,.53031838,0
511,29.364597,3,4.453341,39.98074,8.5404711,-1.4785792,5,0,27,.56805003,0
512,7.375,3,16.054649,107.65424,10.770043,-.56085515,2,1,52,0,0
513,.96966004,2,6,42.175545,5.589498,-.62981319,1,1,38,0,0
514,1.0036068,2,7,44.190376,7.7790465,-.47327954,2,1,38,0,0
515,37,3,11.026939,57.692474,12.744762,-1.403885,4,0,58,2.060379,0
516,2.7165105,3,7.5010195,67.091103,8.3106012,.64299113,4,1,47,2.6143463,0
517,1.9617894,3,5.8995852,79.601173,9.2956724,-1.2127091,5,0,24,1.7201605,0
518,3.2173824,3,10.409629,153.95711,15.990572,1.1221962,2,0,54,.8271237,0
520,3.5321832,3,13.2,71.654572,11.535179,-.24016634,3,0,48,0,0
521,6.4375,3,4.7937703,71.099358,9.7286129,-3.4803882,1,0,27,2.4835246,0
522,4.6875,3,10.205069,49.661026,6.0318289,-.080567032,2,0,59,0,0
523,4.5165734,3,14,45.661736,9.6690826,-.060406554,1,0,57,0,0
524,6.09375,3,13.161689,93.864876,13.056198,.61430699,3,0,56,0,0
525,7.34375,3,12.89675,79.544327,6.2810225,.5644632,3,0,56,0,0
526,4.21875,3,12.9878,84.467384,12.91312,.52036077,3,0,56,0,0
527,6.40625,3,4.0633636,103.11242,8.8374252,-.05199185,4,0,23,0,0
528,21.154083,1,3.6840277,10.766996,5.0816283,.060694251,3,1,26,3.0096247,0
529,11.21875,3,12.62639,29.736773,10.347563,-1.2419469,2,0,51,0,0
530,10.179885,3,10.5,33.572598,9.2983418,-1.4016173,3,0,51,0,0
531,2.875,3,13.830577,30.420391,8.9458246,-.91613299,3,0,33,0,0
532,14.0625,3,16.872263,174.65488,12.822307,-1.8296789,2,1,42,1.2691966,0
533,21.828905,3,12.304225,128.8288,11.390425,.71867609,2,1,56,1.6253749,1
534,4.7585454,3,5.6895261,92.428734,6.717433,.88617575,2,1,57,5.7089629,1
535,26.591318,3,13.366446,71.343887,11.47318,.47956493,5,0,51,.849931,0
536,23.976265,3,10.918115,55.06953,17.122375,.72422582,4,0,49,1.2381362,0
537,20,3,12.558573,51.592464,18.114918,.53597534,5,0,49,1.1960382,0
538,21.09375,3,11.736096,96.510651,11.838001,.28836742,4,0,57,1.031123,0
539,6.09375,3,11.70345,73.80365,10.22968,-1.0527654,4,1,38,1.8070276,0
540,5.4661098,3,3.99,103.47636,5.1430063,.47583795,4,1,22,0,0
541,4.0625,2,15.121531,34.063583,8.7476311,-.94201028,5,1,33,0,0
542,2.34375,3,7.1432042,80.617104,8.2950344,.34321511,1,0,29,2.6666605,0
544,.95960075,3,9.1000004,178.10973,7.304986,-.23183765,3,0,21,0,0
545,6.5625,3,12.339005,53.910038,10.04443,.62363374,2,1,37,0,0
546,16.40625,3,15.444317,140.16444,10.697848,.31791022,5,1,49,0,0
547,1.40625,3,10.49564,127.81752,10.498519,-.061666269,3,0,36,1.8777782,0
548,6.5625,3,10.188076,110.48257,9.4911098,.64496589,3,0,36,0,0
549,.9375,3,15.72376,140.99913,8.6018553,.38359439,1,1,51,0,0
550,.46875,3,15.838,187.7043,13.087247,.4557822,1,1,49,0,0
551,22.360512,3,33,682.48688,15.214172,.26419044,4,1,53,0,0
552,2.8125,3,12.637717,98.755867,16.866903,.47555625,5,1,59,0,0
553,9.34375,2,11.101986,18.502481,8.1008806,-.677284,1,1,38,0,0
554,15.153632,3,4.6999998,28.538626,6.1073322,-.52079713,1,0,38,0,0
555,3.59375,2,12.380593,20.640078,5.3120084,.1862241,4,0,33,0,0
556,1.40625,3,14.486859,86.970901,12.349667,.32202283,2,1,49,0,0
558,1.40625,3,15.110186,78.349403,5.8868608,.35555878,3,1,48,0,0
559,5.9375,3,13.05571,252.28932,12.263145,.63589215,4,0,44,0,0
560,1.40625,3,11.937417,122.00635,12.098342,.19218011,3,0,44,2.9872589,0
561,55.144859,3,19.950001,50.163502,6.3250012,.8381201,4,0,52,0,0
562,3.1940966,3,20.895,25.367771,9.0306044,.4671036,4,0,53,0,0
563,10.625,2,12.818182,50.66428,7.300817,.069494501,5,1,38,0,0
564,8.4375,3,10.031428,23.214783,5.9782343,.075285427,4,1,44,2.8490398,0
565,4.0625,3,18.227257,301.64105,15.587841,-1.2613009,3,0,51,.47783679,0
566,2.34375,2,5.0910892,47.095116,7.0642009,.26893336,1,1,23,2.9706857,0
567,1.40625,3,5.2647667,48.367664,9.286252,.60547107,4,1,24,0,0
568,.97572702,3,5.1999998,244.13318,8.9698801,-.35073325,1,0,26,0,0
569,19.084436,3,3,99.52475,5.1345811,-.17872962,2,0,38,0,0
570,9.375,3,11.226453,64.182693,5.6584377,-.11803592,2,0,38,0,0
571,2.1875,2,3.296057,19.082678,6.5147977,.44456661,1,0,22,0,0
572,5.3152666,2,9.3450003,15.752644,4.6271772,.38505211,1,0,28,0,0
573,1.875,1,9.9917135,.47197151,10.460806,-.093239337,5,1,31,2.057646,0
574,36.875,3,11.534296,21.74983,9.6737156,.93196785,5,0,39,0,0
575,2.8444245,3,10.5,39.39679,4.6271772,1.1321557,5,0,38,0,0
577,5,3,7.0636635,89.270721,6.2809844,-.72184825,5,1,21,0,0
578,1.875,3,9.0532141,42.236282,10.189608,.72851306,3,0,34,3.645865,0
579,20.719135,3,19.290752,344.35818,21.748758,-.79995859,4,1,38,.98791283,0
580,5.15625,3,5.3285141,87.658325,8.0169983,.55242509,4,1,23,0,0
581,2.1875,3,6.4666471,88.26918,8.4558392,.23839499,3,1,23,0,0
582,1.875,3,17.348162,233.05806,7.9672384,-1.2726419,4,1,42,1.579165,0
583,2.1875,3,17.240559,210.88788,14.097999,-.48289055,3,1,47,.75721949,0
584,3.75,3,16.391941,119.36291,11.400045,-.23152579,2,0,32,0,0
585,4.7890978,3,6.3000002,52.11985,7.9398832,.34570587,3,1,26,0,0
586,3.444778,3,10.660238,58.661606,12.857649,-3.4803882,1,1,60,1.6100869,0
587,2.0220048,3,14,101.33662,6.1755838,.046883691,1,0,26,0,0
588,4.21875,2,5.7173619,83.131813,6.0871582,.28930393,5,0,21,0,0
589,5.9375,2,2.7706017,0,8.2021971,-2.2873268,4,0,22,3.0382214,0
590,9.84375,3,15.247274,107.53874,11.528163,1.3784676,5,1,41,0,0
591,9.84375,3,13.820073,101.79006,8.525651,1.011556,5,0,41,0,0
592,9.375,3,11.190782,107.85773,13.72674,-.79405242,1,0,43,0,0
593,2.65625,3,10.82907,47.30323,13.232113,.51368219,3,0,43,0,0
594,20.46875,3,14.265081,64.265984,7.2273169,.090452299,3,1,47,0,0
595,11.21875,3,16.379362,103.85158,12.009253,-2.0031388,4,1,32,.7174958,0
596,1.875,2,15.014962,89.824356,12.306758,-.16488954,3,1,49,0,0
597,8.90625,3,10.973194,25.74441,16.870338,-1.5974456,4,0,41,1.004204,0
598,8.40625,2,11.972177,17.700087,12.407391,-2.1437871,5,0,41,1.1685568,0
599,7.7886372,3,22.552275,344.43771,13.355234,-.73800898,2,1,34,1.6103698,0
600,2.6875,3,7.5958843,47.02425,5.8227396,-1.0404264,3,0,28,0,0
601,19.21875,3,12.133367,66.248077,16.326361,-1.3522191,4,1,56,2.5091109,0
602,4.1875,3,5.486784,71.689171,7.6200709,-.46830621,3,0,22,0,0
603,5,2,3.2819991,4.0435905,15.951871,-.52262449,4,0,24,1.5064298,0
604,3.75,2,3.8136382,9.3790293,7.9829559,-.76512086,4,0,26,1.46067,0
605,9.0330725,3,16.652969,106.029,14.112632,.22666404,3,0,41,.62652165,0
606,23.751194,3,22.995001,78.63662,7.4033318,.062952928,4,1,38,0,0
607,21.71875,3,10.847742,109.24565,13.936719,.05839305,4,0,43,0,0
608,2.8209858,3,9.6000004,30.324991,7.7096486,-.32390723,4,1,37,0,0
609,15.3125,3,14.961197,225.29919,14.079721,.15064625,5,0,54,0,0
610,3.8684795,3,18.48,220.28162,11.306157,.14169088,5,0,53,0,0
611,6.09375,3,7.4374356,152.32523,7.4864612,-2.6331062,1,1,21,.97672677,0
613,3.6904817,3,8.295989,108.47949,7.963244,.36881483,1,1,24,2.3002112,0
614,3.1048281,3,12.075,171.97638,9.2408628,.52900869,3,0,36,0,0
615,25.364832,3,10.5,173.5896,13.339183,.44351462,3,1,24,0,0
616,11.21875,3,17.251347,144.84668,12.615708,-.43959379,3,0,32,0,0
617,11.71875,3,15.093064,101.54843,11.742063,-.99524486,4,0,32,0,0
618,6.3298588,3,5,71.196793,13.243615,-2.3174739,1,0,22,0,0
619,5.9375,3,5.0942631,117.56098,7.1955371,.14730799,4,0,21,0,0
620,46.092094,3,34.200001,713.59546,21.048403,-2.2499843,5,0,41,0,0
621,11.796875,3,15.538914,230.98233,14.8227,-.66124362,3,1,43,2.078783,0
622,25.913877,3,7.3304849,299.80084,18.094057,-.30153239,4,1,41,1.3243246,0
623,24.0625,3,18.42592,724.61243,17.401508,-.087668814,4,0,29,0,0
624,5.656424,2,9.0113115,35.199516,5.6580639,.27261746,3,0,31,2.2909982,0
625,8.5536613,2,14.471541,36.970612,8.6533852,.2487095,4,0,38,1.4028533,0
626,2.6608362,3,22.9,190.60178,14.642808,.24955697,5,0,42,0,0
627,13.5625,3,11.37444,54.821602,9.11518,-.54835844,3,0,37,1.9441454,0
628,20.716591,3,11.00409,75.065178,11.624521,-.4535175,2,0,37,1.2451308,0
630,37.063919,3,5.5265985,270.50604,8.5345297,-3.4803882,4,1,23,1.6651999,0
631,6.40625,3,4.860363,74.198425,9.1106892,-.60948622,1,0,24,2.1266799,0
632,4.6875,3,5.4543462,83.922897,10.476239,.54488403,3,0,23,3.8686678,0
633,5.9375,3,4.6889639,116.73737,7.9891086,.83533728,4,0,23,2.9672537,0
634,9.2191505,3,24.57,143.95601,11.076941,.46142223,2,1,44,0,0
635,11.5625,3,10.2848,57.416489,11.263577,.52110386,5,0,44,1.1395729,0
636,3.0640674,2,18.67136,6.8304234,10.098173,.35085836,4,0,29,1.7989768,0
637,2.7626724,3,7.2374964,20.183926,7.3966098,.46466896,2,0,22,2.829634,0
638,4.1875,3,15.502423,121.12593,13.690668,-.71083665,3,1,47,.68002522,0
639,6.09375,3,35.143986,926.93677,17.005941,.54829252,5,1,32,0,0
640,8.90625,3,12.639856,49.969448,13.141446,.64628959,3,0,49,0,0
641,1.953125,3,12.85195,93.808075,12.521709,.34226844,2,1,43,0,0
642,22.8125,3,10.040753,282.90433,30.648701,.032485351,3,1,23,1.0242944,0
643,24.0625,3,8.8997297,262.75949,11.039165,.056162555,4,1,21,2.4619834,0
644,2.5216234,2,7.875,17.043125,8.9048328,-.08707796,3,0,51,0,0
645,12.217634,3,18,322.37286,6.99685,-.17488807,4,0,37,0,0
646,16.875673,3,7.6986103,157.99585,9.6968679,.25642213,3,1,28,1.6961499,0
647,2.8866496,3,28,131.9222,9.6459427,.22399524,5,0,57,0,0
648,2.34375,3,12.495506,105.06562,8.962945,-.0060395971,2,1,59,2.8727052,0
649,2.1415598,3,6.0094199,140.47681,13.238661,.46204403,3,1,37,4.3078799,0
650,2.34375,3,13.618357,184.6134,12.342408,.36925906,4,0,39,1.6434233,0
651,16.346079,3,14,98.211441,11.901249,-.21840827,3,0,54,0,0
652,14.0625,3,15.543697,61.712547,12.550689,-.083511196,3,0,32,1.6604334,0
653,27.03125,3,10.930089,148.13037,9.1307564,.81999594,5,0,36,0,0
654,3.0931923,2,7,18.364792,13.419179,.33750603,3,0,22,0,0
655,10.15625,3,11.816545,30.719543,11.849962,-.15580346,3,0,39,1.8668942,0
656,11.71875,3,11.617981,40.792362,12.744218,-3.1953089,1,0,41,1.4545485,0
658,1.875,3,12.821088,79.977669,10.434155,.32468277,2,1,37,0,0
659,63.90625,3,12.46834,177.48224,17.815645,-.099924028,4,0,54,1.3082786,0
660,1.8125,2,5.2914448,32.193096,10.394797,-1.0812235,3,0,27,0,0
661,16.40625,3,18.333868,369.27182,20.20923,-.022111313,5,0,49,.80160928,0
662,2.71875,3,8.1755505,88.333023,7.7976656,-.87746143,5,0,28,0,0
663,5.2802701,3,8,215.08757,20.504601,.647304,2,0,24,0,0
664,.9375,3,7.911695,237.77449,10.78442,.32892901,3,0,23,0,0
665,5.15625,3,4.9681439,48.233944,7.3528581,.17489867,1,1,23,0,0
666,50.09137,3,6.3160334,193.57404,6.5150309,-1.4600859,4,1,24,.88157755,0
667,2.3425651,2,3.9433379,9.7677975,10.413199,-.84084302,2,0,39,2.0579026,0
668,8.4375,2,10.771673,26.243103,10.527513,.49217671,2,0,37,3.0305929,0
669,13.151524,2,3.0356293,23.380146,10.466051,.5219028,2,1,37,3.0178885,0
670,34.6875,3,14.244195,138.68832,14.02143,-.41615528,4,1,49,0,0
671,32.1875,3,14.925034,175.49039,14.654792,-.33252826,4,1,49,0,0
672,5.2955875,2,5.3643489,7.839859,8.1942062,.35007009,2,0,48,2.4838786,0
673,18.28125,3,10.655713,138.82774,11.031127,.31733128,4,0,59,0,0
674,1.46875,2,12.974958,50.709774,10.642525,.44366515,4,1,47,0,0
675,16.62121,3,17.687002,18.392166,14.526098,-2.7505808,4,0,33,.81330431,0
676,37,3,8.2304859,147.81206,9.6981459,-1.2468809,3,1,24,0,0
677,37,3,6.8944211,148.9398,9.3853159,-.99589777,4,1,24,0,0
678,6.5625,2,5.5596309,57.619305,4.6271772,.37041476,3,0,24,0,0
679,13.09375,2,11.727518,78.478981,10.214089,-1.7551209,4,0,39,0,0
680,4.5803866,3,6.6999998,195.22107,8.0225716,-.21419053,5,0,34,0,0
681,8.992053,2,5.25,10.327943,5.1155257,-.62060666,1,1,27,0,0
682,5.625,2,7.2852597,12.229563,6.5157442,-.4358007,1,1,28,0,0
683,17.65625,3,13.653663,107.03665,15.560264,1.1508853,4,1,47,2.1915886,0
684,5.6510158,3,6.5100002,82.031609,14.113531,-.21287043,3,1,48,0,0
685,.98663318,2,25,56.3116,11.277795,.13106443,4,0,47,0,0
686,.9375,2,13.063237,55.488018,10.754584,.20338926,4,1,47,0,0
687,8.875,3,4.7870116,28.300064,4.6271772,-.064019449,1,1,22,0,0
688,2.8125,3,5.1406426,97.080872,8.4532919,.38422486,4,0,26,0,0
689,13.59375,3,12.656222,72.877571,13.454551,-1.0584983,4,1,56,1.2166066,0
691,5.703125,3,12.934269,219.56494,15.467614,.58892798,4,0,43,.78907537,0
692,10.555376,3,22.096844,145.62067,13.026623,.56417447,5,1,42,.81937754,0
693,33.4375,3,12.924801,233.82973,14.535762,.8607409,1,1,34,0,0
694,4.6875,3,7.385519,44.150223,7.3622808,.6828022,2,0,28,0,0
695,6.40625,3,13.544751,155.80211,12.808878,.72323632,4,1,46,0,0
696,14.0625,3,11.59956,57.595837,9.8392839,.092604034,4,0,41,0,0
697,70.3125,3,6.03234,209.55661,10.216755,-.32165229,4,0,23,0,0
698,70.3125,3,13.475179,175.74738,12.432402,-.44233185,5,0,37,0,0
699,76.05658,3,9,183.84842,5.6772389,-.38926485,5,0,22,0,0
700,3.75,3,12.905584,69.15905,10.419773,-.22685483,1,1,39,1.0244509,0
701,19.21875,3,13.502068,171.25998,15.374566,-.42487663,4,0,47,.69108456,0
702,43.181568,3,4.3808637,251.44162,11.197185,-3.4803882,4,0,28,1.8756378,0
703,5.0368676,3,42,89.580818,12.165363,-.34476605,1,1,47,0,0
704,5.5429397,3,12.18,214.64326,12.773364,-.48016313,4,0,37,0,0
705,1.875,2,3.4012671,10.124791,9.412219,.32432899,1,0,22,1.3787661,0
706,11.714502,3,7.8018961,390.62198,18.249901,-1.8920761,4,0,42,1.002463,0
707,12.96875,3,6.9210629,178.84982,11.980382,-.27055344,3,0,23,2.494766,0
708,7.5,3,10.424905,61.787231,7.0636625,.23125067,4,0,37,.010813962,0
709,7.5,3,11.014935,93.815849,10.18724,.52233624,4,0,38,1.1094176,0
710,23.652369,3,9.3665876,117.58086,7.2969747,.30888236,4,0,36,2.85605,0
711,2.890625,3,12.549028,108.9064,11.837523,.67993116,4,0,41,0,0
712,11.65677,3,15,101.65188,11.849893,-3.3996727,1,0,37,0,0
713,11.439327,3,10.5,285.39301,9.3420591,1.4882684,4,1,38,0,0
714,4.5207138,3,7.77,320.93787,10.693434,1.4882684,4,1,38,0,0
715,2.6829436,2,5.2009397,8.1473751,7.2042174,.41081795,2,1,29,1.8682315,0
716,3.1804605,3,4.8299999,134.85141,7.9823093,.65327859,2,1,28,0,0
717,10.697593,3,5.9452548,39.832489,8.8482199,-.79315543,3,0,21,.93383884,0
718,7.8125,3,12.899538,56.525322,11.781862,-1.8153841,4,1,41,0,0
719,2.4501958,3,7,38.581299,9.0705156,.033557609,3,0,44,0,0
720,2.34375,3,11.085747,77.184052,9.4206333,.037797224,3,0,44,0,0
721,42.97678,3,4.7359872,123.8013,10.401862,-1.2201571,3,1,22,2.5640576,0
722,9.480957,3,5.0999999,80.541458,8.6063366,-.65415639,1,0,23,0,0
723,5.0182991,3,14,82.914215,6.8030787,-1.5536216,5,1,39,0,0
724,2.1875,3,11.914149,34.382404,10.425442,-3.406136,4,1,39,0,0
725,20.59375,3,12.89204,179.81447,14.527922,-.051529694,2,0,43,0,0
726,4.125,3,11.032552,160.55856,12.789318,-.63273937,4,1,36,2.0481236,0
727,5.4648099,3,3.9327893,177.57669,10.97524,-.57372957,3,1,36,1.6166999,0
728,34.65625,3,8.0061378,278.3941,12.552361,-.23743305,4,0,24,.87788397,0
729,26.381481,3,13.250234,268.32932,31.155828,-.49323821,5,1,54,.44849205,0
730,20.824316,3,19.472141,193.16411,12.393656,-.30941284,3,1,57,1.363781,0
731,16.25,3,12.868667,73.764832,9.4964495,-.31890967,5,1,38,.96084428,0
732,2.8052716,3,22.700001,138.4108,7.3279657,.45427659,4,1,37,0,0
733,7.5,3,11.062123,56.339058,10.796311,-1.7717071,2,0,37,0,0
734,5,3,10.682152,68.203484,10.942389,-.92772394,1,0,37,0,0
735,5.5,3,11.435337,76.508217,12.747079,-1.5492294,2,0,37,0,0
736,1.875,3,10.46795,54.985004,8.8917913,.89192969,3,1,36,2.0349481,0
737,2.0937555,3,3.9288635,68.686897,7.2062974,.83515543,2,1,34,3.5416119,0
738,11.71875,3,16.797737,213.31744,6.5627222,.67385304,5,1,49,0,0
739,1.75,3,4.2167611,64.61647,8.6236839,-.87560964,4,0,27,0,0
740,.97432935,3,5.8569436,101.01554,7.1868267,.77019083,4,0,27,1.4283223,0
741,26.460358,3,11.55,52.65295,15.140176,.54078805,5,1,43,0,0
742,26.25,3,9.7915068,29.625751,9.8037472,.42377979,5,0,44,0,0
743,7.6381116,3,15.75,95.295509,14.61348,1.2303916,3,1,47,0,0
744,25.78125,3,16.690275,199.386,18.441366,.022062488,4,1,33,0,0
745,2.1875,3,11.088921,28.366371,9.3010626,.48235652,5,1,44,0,0
746,2.4767761,2,2.73,17.31901,9.9197836,.50264633,4,1,43,0,0
747,27.781076,3,8.5763617,84.392357,21.985422,.79369265,2,0,37,1.5339352,0
748,.8125,3,6.4095182,97.951103,8.7045097,-.056201447,4,1,27,1.3719767,0
749,.9375,3,12.968417,139.52269,13.797591,1.0969037,4,0,47,.4196265,0
750,1.875,3,5.2469816,130.47762,9.1395645,1.4882684,4,0,24,.46361679,0
751,24.375,3,13.115783,105.38293,15.997877,-2.3012791,4,1,56,1.7966586,0
752,2.6856039,3,9.6599998,138.47926,8.3728504,-.15283267,3,0,36,0,0
753,8.75,3,10.36325,102.80785,29.517952,-.16724131,3,0,36,0,0
754,9.6174936,3,23.940001,115.75378,13.024355,.22125787,4,0,43,0,0
755,3.1312611,3,17.85,129.53229,11.346706,.21711403,3,0,38,0,0
756,4.7163424,3,25.200001,179.64024,11.269828,.60873067,1,0,53,0,0
757,15.3125,3,9.7445421,242.86201,9.050416,.85340416,3,1,22,0,0
758,9.3231277,2,8.1301098,0,6.4003496,.32259479,3,1,22,2.5579569,0
760,2.3166974,3,17.6,121.51042,8.1895161,.96968162,4,0,36,0,0
761,8.9238291,3,17,131.42389,9.4740639,-.47887093,3,1,44,0,0
762,3.625,3,12.88722,188.98064,24.084669,-.41622806,4,1,44,0,0
763,7.5,3,6.4164619,51.856155,8.7121964,1.3050097,4,0,28,2.6039264,0
764,70.3125,3,7.0938554,29.812193,6.8737621,.9790222,5,0,28,0,0
765,70.3125,3,7.2243643,36.880875,15.881389,.4412086,5,0,28,0,0
766,11.953125,3,14.108118,195.80325,14.807821,.30330437,4,0,41,.57174301,0
767,4.3156419,3,9.4499998,36.510967,5.3934226,.4561142,3,1,22,0,0
768,8.093792,3,15.098849,66.884666,4.6271772,-.31403217,1,0,38,2.0109644,0
769,8.7798853,3,11.55,111.74097,12.363853,.17623606,3,0,56,0,0
770,12.65625,3,13.82417,99.420921,13.528007,-1.2232987,3,0,47,0,0
771,2.890625,3,11.474319,23.233232,12.04723,.86598116,4,1,57,1.7508914,0
772,13.5625,3,7.9588947,120.63495,9.9458647,-.52234632,3,1,27,1.4639268,0
773,9.375,3,15.072058,135.46495,12.02244,.1387825,2,0,33,1.3239303,0
774,17.13061,3,4.997179,168.07858,14.216749,.44710964,3,1,22,.043833416,0
775,16.40625,3,7.269712,204.96817,9.588233,.39398441,4,1,23,.04747925,0
776,10.546875,3,14.173969,158.57106,13.434858,.3296603,5,0,56,0,0
777,25.000059,3,20,161.18774,13.130491,.29529843,5,0,49,0,0
778,1.40625,3,12.602561,102.372,8.1617718,.72254276,4,1,38,0,0
779,7,3,13.670772,367.06076,14.081452,-2.0820041,4,0,34,.50032377,0
780,2.5742517,3,8.3000002,34.765087,5.7761045,-.73114449,4,0,23,0,0
781,12.96875,2,12.296055,13.160601,11.439143,.21708581,3,1,54,.44718978,0
782,9.3816242,3,5.8000002,28.564247,5.3087506,-.31849033,1,0,26,0,0
783,14.942004,3,4,25.564207,9.8681459,-.29530513,1,0,26,0,0
784,2.1875,3,7.4536657,116.61024,7.1485806,-.92147481,5,1,22,0,0
785,15.3125,3,9.4742708,145.25414,9.6372938,.65236253,4,0,36,0,0
786,2.9704771,3,13.038277,176.84987,8.4297552,-2.5228961,1,1,56,2.2947052,0
787,4.6875,3,13.547447,83.759537,13.180959,-.19951139,1,1,47,2.2659614,0
788,1.9579184,3,9.1999998,27.817343,8.3630981,-.15408343,1,0,37,0,0
789,5,3,5.2753716,46.984726,10.348694,.23484962,3,0,24,0,0
790,2.8125,2,11.401675,40.856365,9.0433674,.39631298,1,0,39,0,0
791,2.65625,2,10.825181,57.732883,7.8056192,.64482492,1,0,38,0,0
792,4.6875,2,9.5791063,17.490179,8.3279839,.44365671,4,0,53,1.6761073,0
793,6.875,3,6.0822396,62.484024,9.3420935,.43189675,3,1,23,2.7757168,0
794,4.6875,3,16.547424,185.35258,11.223235,-1.082075,4,1,42,0,0
795,70.974976,3,8.3999996,100.77021,13.846527,.37020245,1,0,28,0,0
796,5.1383896,3,9.3000002,106.59626,7.9630923,.49164838,1,0,29,0,0
797,14.0625,3,10.115477,101.98994,12.526184,.8958109,4,1,36,3.7618384,0
798,5.59375,3,8.2513208,52.613651,8.4810133,-.17917652,1,0,34,0,0
799,11.5625,2,4.9345069,12.690796,8.5682402,.12016949,4,1,27,2.2806487,0
800,4.21875,3,6.2889771,85.172874,8.4753962,.81433409,4,1,26,1.6654122,0
802,3.75,3,11.870629,37.828739,9.3685522,.69421452,5,0,57,0,0
803,2.9188585,3,18.9,53.153488,11.826028,.84867543,5,0,59,0,0
804,3.28125,3,10.441279,51.408989,11.542871,.71220338,5,0,59,0,0
805,2.5226724,3,5.115191,451.1138,14.533107,.23878835,5,0,23,1.6037451,0
806,38.371765,3,12.881175,38.969547,10.070992,-1.0962006,3,1,34,2.411839,0
807,40.72279,3,13.323209,78.612961,9.5704956,-1.0642387,3,1,34,2.5912824,0
808,5.7530499,3,4.6185884,90.129555,14.615084,.32687485,4,0,43,1.087708,0
809,19.056417,3,25.560671,118.72835,10.161285,.02921143,5,1,38,1.2942872,0
810,6.0625,3,4.3161802,20.855429,5.4386401,-.82528466,3,0,22,0,0
811,31.199125,1,61.754913,0,10.824642,-.033685382,5,0,42,1.9196796,0
812,9.13801,3,10.1,102.24772,9.9447536,-.80257607,4,0,29,0,0
813,21.981459,3,10.254087,198.83862,14.948363,-.47851157,5,1,49,.79260761,0
814,2.3791857,3,2.3,28.318672,8.6768417,-.53614789,3,0,31,0,0
815,2.5252981,3,43.959377,108.26097,14.720335,.63443595,5,0,46,.07945504,0
816,4.6875,3,13.507856,128.34914,5.4366517,.0025802811,2,0,39,5.2181916,0
817,10.625,3,13.461093,239.00732,13.017538,-.10247625,2,0,44,0,0
818,26.807318,3,8.5050001,257.5845,17.050125,-.088177338,2,0,43,0,0
819,8.5639305,3,5.25,21.367861,7.7343125,.25311255,3,0,48,0,0
820,12.370614,3,3.8879273,22.949242,11.413924,.3374925,1,0,37,2.5373552,0
821,35,3,15.141356,129.12135,12.435078,-.20975232,4,1,52,.81384999,0
822,8.1633339,3,17.43,122.61235,31.155828,.24308915,1,1,42,0,0
823,53.114269,3,48,926.93677,27.24049,-.74617088,5,1,52,0,0
824,5.6941481,3,9.6084442,926.93677,22.87529,.33505592,4,1,42,.66604453,0
825,6.5625,3,23.042814,617.42511,9.7913055,-1.2049422,4,0,33,.4646773,0
826,13.004248,3,12.075,74.717781,12.388611,.32805473,3,1,56,0,0
827,2.12287,3,9.4499998,87.089478,7.3778954,.37172145,3,1,58,0,0
828,2.253566,3,5.25,63.908932,12.996839,.3039754,2,1,54,0,0
829,1.40625,2,4.4848304,13.859571,7.336946,1.0551978,3,0,22,2.6541085,0
830,20.042889,3,18.059999,47.144032,7.823226,.53198487,4,0,56,0,0
831,3.8819499,3,12.6,29.901583,17.61404,.53584135,4,0,61,0,0
832,1.7506062,3,10.29,56.22015,10.144913,.33245337,3,0,59,0,0
833,2.84375,3,14.932487,152.90569,12.958956,-2.4196372,4,1,41,1.0769893,0
834,51.925137,3,11.13,103.90803,7.2842779,.45692241,3,0,36,0,0
835,3.1952894,3,15.500401,69.036797,22.226612,-.23496811,3,0,62,.91851836,0
836,17.719988,3,15.425615,67.015373,8.4261999,-.24801069,4,0,58,1.4967563,0
837,12.65625,2,15.219503,99.404984,8.0200396,-1.3700888,4,0,32,2.068085,0
838,6.09375,3,13.832186,61.834942,11.502129,.41953421,2,1,47,0,0
839,5,3,11.329042,105.55846,12.963537,.5428037,3,0,44,2.1049178,0
840,17.34375,3,15.628159,266.34729,11.243877,-.45185044,5,1,44,.76164114,0
841,4.4940519,2,4.0826936,31.599371,8.4576435,.32955214,3,0,23,3.3621461,0
842,25.78125,3,13.389807,162.85133,10.793776,.38610283,2,1,59,0,0
843,47.46376,3,20.874828,519.99835,13.605029,-3.2663,3,0,58,1.8991648,0
844,18.75,3,4.211688,44.747803,9.2149954,.27431238,4,0,27,1.647047,0
845,5,3,11.153071,35.775803,12.489721,.72497445,1,1,43,1.6175628,0
846,5.859375,3,10.439588,106.9895,6.0918169,.82752663,4,1,31,4.9729934,0
847,12.96875,3,16.272295,106.88642,12.702284,.88291413,4,1,32,1.7818066,0
848,3.75,3,18.208109,269.93039,14.334588,-.6590569,4,0,32,0,0
849,5.7701654,3,7.3499999,103.16757,6.7599754,.0742281,4,0,54,0,0
850,1.0170192,1,3.8426592,4.0270214,7.5568547,-.60291278,2,0,27,3.3989735,0
851,9.875,1,4.4836555,4.6834126,7.7250595,-.85321617,2,0,27,2.2896211,0
852,6.09375,3,4.3684735,44.635548,15.197832,.1609454,2,0,22,0,0
853,13.059268,3,12.29563,138.93736,15.687591,.26772812,4,0,49,1.0941014,0
854,4.5743279,3,10.5,112.81631,6.364388,-1.0146199,4,1,53,0,0
855,1.875,1,3.2725315,16.942642,11.960487,-1.956768,1,0,23,2.8444319,0
856,8.203125,3,13.756834,253.32797,11.873295,.65073675,4,0,38,0,0
857,13.90625,3,12.929732,135.27139,10.591213,.16914731,3,0,38,0,0
858,9.375,3,13.320207,123.21218,11.606079,.42078865,4,0,51,1.1641995,0
859,9.375,3,15.509103,145.74738,13.237205,.35977513,3,0,52,1.0381585,0
860,13.60889,3,6.0999999,206.35101,10.615899,-.81408179,4,1,23,0,0
861,3.59375,3,5.7303185,76.975349,16.436085,.24856561,4,1,21,1.1258578,0
862,11.71875,3,14.810273,238.95535,11.657619,-2.2382238,4,1,38,0,0
863,53.90625,3,6.6622982,60.498554,10.410615,.17516965,1,0,29,3.4980664,0
864,4.658668,3,11.2,42.414185,11.038866,-1.1233073,2,0,44,0,0
865,6.3289375,3,6.3000002,73.439034,10.54785,.014773624,1,0,44,0,0
866,.9375,3,12.015963,91.237556,10.854982,.020715695,1,0,39,0,0
867,3.4937723,3,8,102.95431,13.015132,-1.0144472,4,1,42,0,0
868,3.2087138,3,6.6999998,158.4584,10.945599,-1.6986307,4,1,42,0,0
869,15.3125,3,15.759383,219.07938,14.183196,.26772484,5,0,41,0,0
870,11.783126,4,15.985001,23.47624,8.2716732,-1.2737159,4,0,38,1.1545503,0
871,30.940794,3,9.9049673,117.46145,12.554328,-1.2714809,3,0,61,.51769829,0
872,30.46875,3,8.6517954,55.506157,11.51105,-.71060669,3,0,61,.6354121,0
873,29.96875,3,9.3124971,112.55064,6.8429751,-1.5332468,2,0,61,1.1634244,0
874,10.200698,3,4.9584846,209.82443,14.424098,.017534062,5,0,48,1.1976842,0
875,2.4073792,3,7.3499999,24.625605,9.4143047,.30412492,5,1,24,0,0
876,1.875,3,4.5813575,23.868183,6.971324,.33163822,4,1,24,0,0
877,3.5828543,3,7.3499999,30.163277,6.9589434,.24731386,5,1,26,0,0
878,9.375,3,13.556404,83.897636,12.688829,.39293361,4,1,41,1.1759198,0
879,4.4052758,3,11,44.419392,10.591314,.72916031,2,1,59,0,0
880,.8125,3,11.861128,138.43428,10.232329,-.11365025,4,0,38,0,0
881,9.453125,3,15.951863,147.02626,11.349026,.27790356,4,1,33,0,0
882,16.40625,3,15.984583,75.437607,30.948065,.25082698,3,1,33,0,0
883,28.125,3,12.597932,76.108833,12.941914,.89863384,3,0,39,1.7336104,0
884,28.125,3,11.399692,54.778061,10.222258,1.4882684,3,0,38,1.2380394,0
885,67.415932,2,24.054607,18.813858,12.853735,.76551074,1,0,41,1.7303861,0
886,5.1400647,2,8.4322824,15.308775,8.1645918,-.14784588,4,1,28,3.279115,0
887,1.84375,3,14.715071,89.825638,11.551825,-.80214471,2,1,41,0,0
889,22.9375,3,4.5414562,35.060333,14.198011,.82411742,2,0,60,2.7829008,0
890,17.872435,3,28.85487,179.86128,11.981179,.56710416,5,0,48,.96908617,0
891,18.75,3,14.989645,173.46936,7.6779809,.67163581,5,0,48,1.6195045,0
892,1.875,3,10.842391,185.04442,10.587169,-2.2544274,4,0,31,0,0
893,10.605915,3,5,61.82526,6.5780764,.33802229,5,1,21,0,0
895,7.5,2,4.1435037,38.852131,5.5446086,1.2697457,1,0,21,1.9348873,0
896,6.2104445,2,6.5877557,62.415447,7.6506119,1.0753474,1,0,23,2.7239702,0
897,7.3644414,3,7,237.07076,6.4976554,.15913883,3,0,27,0,0
898,4.1875,3,13.162386,105.76115,10.742456,-1.2047071,2,0,39,1.3313965,0
899,5.1966667,3,11.999585,82.806099,8.0200367,-.062988579,4,1,44,.0070080771,0
900,4.21875,3,14.881651,89.153473,18.523327,1.0668834,4,1,33,0,0
901,3.359375,3,8.8973837,107.46333,9.3794699,.91739845,4,0,34,0,0
902,5.3812366,3,4.7249999,35.756184,11.357072,-.13015379,3,0,46,0,0
903,5,3,11.949132,73.57299,17.101967,-.16346534,4,0,49,0,0
904,20.59375,3,9.485816,60.394608,10.139162,-.34931582,3,0,36,1.7843428,0
905,2.5484908,3,8.7677107,40.230991,9.8887224,.11709037,3,0,44,3.1647875,0
906,31.169678,3,8.2303543,286.37079,8.2886705,-3.4803882,4,0,44,3.5643473,0
907,5.15625,3,10.536848,104.86362,13.892869,.67151129,4,0,43,.0071587572,0
908,2.34375,3,16.590303,642.47943,15.106378,.5270068,2,1,22,2.4443705,0
910,39.84375,3,5.7557397,86.911789,8.5117283,-1.8748319,4,1,21,2.0067649,0
911,2.911768,3,11.818198,214.17067,12.789862,-.6151076,3,1,34,1.512604,0
912,1.46875,3,10.730686,202.38982,11.537905,-1.0303475,4,0,34,1.0435413,0
913,67.06543,2,3.1379044,8.9009542,8.0595694,.51367569,4,0,24,.22088006,0
914,60.3125,2,2.359318,9.8140936,7.7510328,.75259364,4,0,23,.19229585,0
915,.9375,2,13.246498,13.314372,5.8894558,-.57820243,3,0,33,2.5258925,0
916,19.97613,2,3.0532622,12.335915,8.0640097,-.34338048,4,0,22,2.1451354,0
917,5.9375,3,5.0665913,140.16322,8.1991043,.57194573,4,0,23,0,0
918,3.0763638,2,9.3999996,95.504662,13.953234,1.023846,1,1,46,0,0
919,3.3494508,2,7,61.933571,5.0044475,1.052762,1,1,21,0,0
920,5.625,3,4.8662515,20.127796,5.9864554,.6808449,1,1,22,0,0
921,5.625,3,5.0320363,29.090593,4.6271772,.64390981,1,1,22,0,0
922,5.625,3,4.7055626,34.02441,7.1153445,.76566344,1,1,23,0,0
923,12.584343,3,17,183.5719,15.703362,-1.0471312,4,0,32,0,0
924,9.375,3,13.697947,116.30747,16.681343,.49015701,3,0,39,0,0
925,.9375,2,3.8225188,15.298176,8.2862024,-.32314837,3,0,23,1.0186069,0
926,3.6713576,3,19.299999,117.59776,15.258717,-1.4216046,3,0,41,0,0
927,10.138714,3,22.049999,244.4368,14.790533,.22454982,3,0,56,0,0
928,3.9388866,3,15.33,197.66364,10.862432,.33070648,3,1,57,0,0
929,2.1875,3,14.623834,95.780136,11.445522,-3.4192843,5,0,33,0,0
930,42.598522,3,30.706865,138.81311,8.2242069,1.4882684,3,1,51,2.6822796,0
931,13.90625,3,17.444445,187.11464,14.14433,.83624649,3,1,52,1.6326872,0
932,1.0100759,2,12.3,83.290771,4.6271772,.18978801,1,1,28,0,0
933,3.1342564,3,15,138.74658,5.4260068,.28135613,1,1,28,0,0
934,7.96875,3,11.438783,50.694603,12.601433,.36271095,4,0,41,1.0467267,0
935,9.21875,3,11.873442,33.930794,11.850859,.29600182,3,0,39,1.9492998,0
936,.46875,2,4.4104843,7.1508613,7.8481059,.43037188,5,0,27,2.7690458,0
937,8.75,3,13.308927,71.523819,12.748944,.51640564,3,0,47,0,0
938,7.5,3,14.332113,89.300552,10.757891,.46486056,2,0,42,0,0
939,1.8743024,2,5,72.28952,22.590891,.60849577,2,0,34,0,0
940,9.6331453,1,4.0944729,11.487173,7.5547347,.51150179,1,0,23,3.5132115,0
941,13.90625,3,16.591383,254.15674,16.176414,-2.8474755,3,0,41,0,0
943,7.5,2,12.740843,69.813683,9.3292007,.68849176,5,0,39,0,0
944,2.8125,2,12.858941,15.943101,10.740173,.76132375,3,1,39,2.2802949,0
946,2.5481477,3,7.2449999,138.55316,11.824714,.47358507,3,0,61,0,0
947,76.782768,3,6.3000002,23.616961,5.030592,.42987445,5,0,22,0,0
948,18.845366,2,5.9214706,13.769369,5.3085513,.74976981,4,0,22,1.4225602,0
949,2.4735734,2,9.7937555,3.6342134,9.3055525,-.70064187,2,1,53,3.1367688,0
950,14.0625,3,32.807674,926.93677,31.155828,1.4191816,1,1,54,0,0
951,3.59375,3,3.3315201,23.401171,8.3491135,.24443798,4,0,60,0,0
952,5.15625,2,11.427032,52.537582,8.5241156,1.095258,1,0,57,0,0
953,11.71875,3,11.640033,138.55923,9.0639191,.56989843,2,1,36,0,0
954,5.9157906,3,7.5599999,52.479073,5.4460611,.5502997,2,0,27,0,0
955,1.875,3,6.1708112,88.202599,7.3194685,.19286452,1,1,22,3.1877275,0
956,2.8125,3,14.213183,130.39342,13.078559,.11894228,5,0,47,0,0
957,18.931448,3,9.4499998,100.88937,12.63586,.12406871,5,0,43,0,0
958,2.1876616,3,10.5,149.15868,10.841787,.7162028,4,0,33,0,0
959,4.2985153,2,8.1051435,68.942017,4.6271772,.65086704,1,1,21,8.73417,0
961,.9375,2,10.904519,45.507389,9.2507553,-1.0220015,1,1,44,2.3004098,0
962,23.4375,3,7.047646,72.857719,8.340106,.60543996,3,1,27,0,0
964,3.1140747,3,9.3000002,29.768724,8.2773752,.43999764,4,0,31,0,0
965,1.84375,3,18.879107,366.88599,17.25625,-.23396951,1,1,41,1.5924098,0
966,5.59375,3,16.466497,168.15265,12.505093,.25662926,3,0,33,0,0
967,34.65625,3,7.5982437,191.19083,9.0495586,-.93525165,4,1,21,1.4118885,0
968,23.90625,2,8.5438242,12.372889,10.745093,.22411858,4,0,44,1.0259916,0
970,3.2752962,2,9.8999996,84.677101,10.344214,-.5509094,3,0,44,0,0
971,37.84375,3,15.462139,128.69348,13.172228,.22941095,5,1,49,0,0
972,3.75,2,13.813975,24.759338,9.0024815,.46803749,3,0,33,0,0
973,3.125,3,12.537926,104.59308,10.843337,1.1307136,4,1,37,0,0
974,12.650407,3,24.885,74.378845,5.6810212,1.0756797,3,1,36,0,0
975,2.65625,3,4.8535004,74.842133,13.928272,.31030491,4,0,26,2.0747075,0
976,2.1387277,3,22.155001,199.38309,11.253592,.68133122,2,0,44,0,0
977,22.784161,3,17.85,247.08371,17.457405,.48995885,3,0,43,0,0
978,9.375,3,13.660974,183.21849,8.209795,.69122285,3,0,43,0,0
979,3.125,2,11.751555,80.008492,12.722374,.38938043,3,0,43,0,0
980,12.719875,3,5.7695694,111.43477,9.3506088,.003191821,3,1,22,1.6233144,0
981,20.639347,3,30,103.41698,13.103379,-.77726281,3,0,57,0,0
982,22.8125,3,17.40118,203.17297,14.730626,.60319525,5,1,52,1.4808762,0
983,9.7518959,3,13.747386,230.29495,10.782775,.45100966,4,1,53,4.0476022,0
984,1.875,3,16.163052,142.72392,15.352496,.039805368,3,1,48,1.853317,0
985,24.6875,3,25.067924,918.83734,26.801161,-.79805458,4,0,44,0,0
986,10.546875,3,28.7241,926.93677,31.155828,-.64441001,3,0,43,0,0
987,15.3125,3,13.755113,229.46805,15.272904,.14230593,5,1,36,0,0
988,85.135399,3,20.790001,207.85214,13.320205,.16602087,5,1,41,0,0
989,.9375,2,12.640822,13.53653,11.454646,-.12859036,2,0,52,5.1312513,0
991,4.0304241,3,7.3499999,78.605072,7.422358,.37214187,4,0,22,0,0
992,2.8125,3,17.108036,162.40392,10.714532,1.1858761,3,1,51,0,0
993,1.875,3,7.8600144,66.563965,11.053719,-.67907536,1,0,61,0,0
994,2.4301884,3,4.5,35.834747,9.3268948,.16200086,3,0,58,0,0
995,9.6875,2,7.4813566,75.403755,7.1686912,.62881309,1,0,28,2.3472679,0
996,2.527638,3,10.1,143.42857,6.2148132,.27836156,2,1,34,0,0
997,14.0625,3,12.115549,40.839649,8.4952974,.37626955,2,1,38,0,0
998,14.0625,3,11.410026,36.117661,9.7732887,.64466363,1,1,37,0,0
999,1.875,2,11.031606,18.855869,10.985157,.14966457,3,0,54,3.9411392,0
1000,3.1499286,3,18.585423,460.72107,19.297085,.092581876,1,1,41,1.8304219,0
1001,2.9152915,3,9.2248516,472.66382,13.021995,.11854063,2,1,39,2.5559065,0
1003,61.5625,2,11.433348,16.305531,9.6759462,.43600914,5,0,39,0,0
1004,60.3125,3,11.986577,22.866598,7.9406242,.39753455,5,1,38,0,0
1005,1.0082439,3,7,34.97665,23.426996,.70840335,3,1,52,0,0
1006,2.3359504,3,4,28.495918,8.8568687,.63425452,3,1,53,0,0
1007,2.3749173,1,6.1710587,5.9308052,5.8278198,.63716149,4,0,27,3.4715242,0
1009,1.28125,3,14.633865,94.933784,12.570435,-.31056774,2,1,49,0,0
1010,.9375,3,12.455493,80.643776,12.849092,.50287718,1,0,47,1.9442439,0
1011,.9375,3,12.995253,77.304306,6.5309696,.6416201,2,0,47,2.5492625,0
1012,11.71875,3,11.322827,67.133263,9.363924,.51113296,4,0,58,0,0
1013,3.6435294,3,18.9,115.36994,13.555214,.68545574,4,0,54,0,0
1015,8.2838621,3,32.13044,153.82109,11.652265,1.0000789,2,1,33,1.2336464,0
1016,19.091654,3,4.5024867,62.343323,6.743207,.57649249,3,0,57,2.1067283,0
1017,2.75,3,12.422643,120.9271,23.558891,.19163992,3,1,31,0,0
1018,5.7254224,3,5.25,38.450279,6.4273925,.60974789,4,0,21,0,0
1019,1.875,2,3.4090846,4.3800859,7.1269975,1.4882684,1,0,22,5.8086052,0
1021,2.7444918,3,6.1537266,201.64812,16.201599,.60402322,4,0,56,1.5577493,0
1022,18.75,3,11.787694,23.436993,13.09992,.55565751,2,0,41,3.0251238,0
1023,20,3,11.391062,30.467369,30.547184,.59644079,1,0,41,1.0061129,0
1024,21.09375,3,10.500106,26.794094,13.236862,.40170848,2,0,46,2.8075631,0
1025,1.875,3,11.469131,38.984657,12.074274,.23722027,3,0,54,0,0
1026,11.479945,3,4.5999999,215.61044,9.4097176,.40652135,4,0,56,0,0
1027,21.09375,3,13.591395,130.85754,10.779978,.34375781,5,0,57,0,0
1028,29.917191,3,11.34,123.81436,5.4754252,.2621384,4,0,26,0,0
1029,85.155258,3,15.75,199.0863,10.630322,.88095802,4,1,38,0,0
1030,7.03125,3,4.6383057,42.339489,9.1936426,.43549156,3,0,23,2.3812506,0
1031,2.65625,3,5.2159781,152.98643,9.3527527,-.19438595,4,0,23,0,0
1032,5.15625,3,8.8262606,348.14813,6.7496214,-.19267285,4,0,23,0,0
1033,5.4302278,3,7,195.44154,9.8879452,-.19847851,4,0,23,0,0
1034,13.317841,2,5.760149,5.5095739,8.1097317,-.5890398,1,1,38,2.500191,0
1036,9.375,3,5.8408742,103.24799,7.9794626,.27401695,3,0,22,0,0
1037,1.875,3,12.674962,143.08252,11.502598,-.57090169,4,0,57,1.8315835,0
1038,1.8661479,3,7.0349998,53.014725,8.3345566,.044657562,1,1,47,0,0
1039,3.59375,3,15.917017,418.83923,12.354369,.024443055,5,0,34,0,0
1040,2.34375,3,21.805485,395.35419,13.64626,.035779137,5,1,33,0,0
1041,6.875,3,4.3665724,54.681656,8.1898899,.14458317,2,0,23,0,0
1042,4.4740667,3,5.0999999,44.346203,8.0392895,-.026160205,2,0,23,0,0
1043,4.6875,3,3.4299324,48.917053,7.9153528,-.035204627,1,0,23,0,0
1044,2.34375,3,6.0437808,56.890179,6.1904693,.31375524,1,1,27,3.6715193,0
1045,39.84375,3,9.7421112,110.44543,8.3897419,-.3123557,3,1,29,0,0
1046,20.074936,3,50.299999,233.88428,17.439938,-.34181958,3,1,28,0,0
1047,26.40625,3,17.648008,249.7585,7.7532697,1.1349896,5,1,41,0,0
1048,9.375,3,11.313387,126.73,9.2070723,.92789257,2,1,34,0,0
1049,9.375,3,5.1738539,134.18102,7.5571213,-.14344296,4,0,21,.072296366,0
1050,2.8125,3,8.6683969,47.490974,6.2525749,.87567216,1,0,31,0,0
1051,12.65625,3,8.2569914,32.931667,8.6312342,-.22162651,2,0,34,0,0
1052,2.4088972,2,24.49296,82.660408,9.1287861,-.75992507,2,1,53,1.4271863,0
1053,3.9394135,3,6.8039393,44.737656,8.1105709,.94473016,4,0,23,3.0961125,0
1054,3.75,3,5.0526376,48.038315,7.8316998,1.1087067,3,0,21,3.6486936,0
1055,1.875,3,14.56748,97.808128,9.8026648,-.60831797,3,1,58,0,0
1056,13.5625,3,4.0918698,22.602144,26.498335,-.31749251,4,0,27,.23527318,1
1057,17.826246,3,5.0999737,239.36102,15.983611,1.2282064,4,1,46,1.1405368,0
1058,.9375,3,4.5540724,24.17137,7.095161,.18913721,3,0,21,2.7476652,0
1059,28.75,3,14.488914,79.419937,14.567326,.55208325,5,1,48,1.2359304,0
1060,39.970474,3,21.200001,215.08156,15.438946,-.13330705,5,0,43,0,0
1061,2.421875,2,7.7739267,21.451069,5.5158339,.71984172,1,1,28,0,0
1062,16.40625,2,12.38073,0,12.585028,.71892631,3,1,47,4.1750989,0
1063,16.40625,2,12.185675,3.978899,12.247675,.65719098,4,1,48,2.7180285,0
1064,4.0011196,3,17.634382,114.05842,13.495029,-.49845314,4,1,41,1.118845,0
1065,2.0411949,3,19.590864,99.417946,7.5457292,-1.7691169,1,0,58,4.377852,0
1066,2.0775914,3,21.516697,153.31328,10.810782,-1.0064911,1,1,58,2.7911072,0
1067,2.0721784,3,17.785997,110.56412,8.8470125,-1.5760028,1,1,58,2.3427153,0
1069,5.9375,3,13.944447,490.88138,11.717383,.62369186,2,1,22,0,0
1070,3.8298299,3,10.967619,218.92296,8.7774839,.45638922,4,0,38,2.5202024,0
1071,9.770627,3,14.461559,162.48849,7.5260992,.62344307,3,0,38,1.8413799,0
1072,18.75,3,19.63567,426.11996,13.98498,.48836422,5,1,53,0,0
1073,6.09375,3,11.471208,47.635841,9.8769131,-1.0891157,2,1,44,0,0
1074,9.375,3,15.593283,216.61911,15.924535,1.4882684,4,0,33,.81463927,0
1075,2.8893638,3,7.0960011,69.111969,9.131094,-.036265723,3,0,22,4.2710891,0
1076,2.8125,3,15.311091,127.65775,14.12002,-.062598132,4,0,32,3.0025623,0
1077,3.75,3,17.636225,403.63541,7.1058841,-.6432299,5,0,38,1.1069974,0
1078,7.03125,3,26.016319,650.96106,19.667578,.40078938,5,1,42,0,0
1079,8.9048843,3,3,83.776543,8.4882584,-.02057779,3,1,23,0,0
1080,8.4008389,2,5.0405483,70.339989,6.4540277,-.55303532,3,0,23,3.8637433,0
1081,3.125,3,17.038736,315.17001,21.561611,-2.3244991,4,1,48,3.4138937,0
1082,5.4027343,3,9.3000002,48.446079,16.578979,1.0775368,4,0,43,0,0
1084,11.794686,3,10.7,342.0311,15.407888,-.24910945,4,0,42,0,0
1085,11.09375,3,5.7191133,79.951591,6.414607,-.064302348,4,1,21,0,0
1086,14.0625,3,10.440697,63.867599,26.481907,.61575383,4,0,56,1.8534067,0
1087,10.56854,3,8,68.332764,10.288274,.80959642,5,0,44,0,0
1088,10.180674,3,7,58.599125,16.195309,.61833072,5,0,43,0,0
1090,21.09375,3,21.763445,406.94852,16.587208,.30329868,3,1,33,.4943552,0
1091,5.4826374,3,11.946742,20.383114,9.5159502,.81146783,4,0,38,.47265935,0
1092,2.8360138,3,5.5,123.03285,12.038445,.41080523,1,1,47,0,0
1093,3.59375,3,5.6950707,144.48341,9.3341331,.93557423,4,0,27,0,0
1094,2.34375,3,5.1550174,97.854317,8.4409189,.52587819,4,0,26,0,0
1095,5.8549089,3,4.8838296,40.583439,11.948668,.31009167,1,1,27,2.5351582,0
1096,51.880917,3,5.5792251,38.92926,8.0535564,.24825175,1,1,28,2.5784676,0
1097,14.0625,3,4.8332524,127.6067,8.3972445,-1.6624477,4,0,23,0,0
1098,48.2103,3,22.365,22.460316,25.93104,.98168987,5,0,43,0,1
1099,21.865126,3,22.681993,866.00507,25.885506,.9542191,5,0,37,.29217497,0
1100,19.6875,3,10.893599,32.999577,11.53533,-1.719458,5,0,46,0,0
1101,12.872961,3,8,145.55002,22.470362,.66097289,4,0,34,0,0
1102,2.2037611,2,4.8000002,91.902382,10.501417,-.2815688,3,0,33,0,0
1103,2.34375,3,14.39568,129.58174,10.731184,-.27252817,4,0,33,0,0
1104,9.375,3,11.508945,95.944344,10.015823,-.27889359,2,0,43,2.7034423,0
1105,11.087753,3,8,83.114883,7.6894846,1.3558342,2,0,28,0,0
1106,.46875,3,13.223639,30.555943,9.7924643,.2442961,3,1,57,.99342746,0
1107,24.6875,3,11.674564,296.25861,12.892819,.47126558,5,0,29,0,0
1108,23.4375,3,12.476684,122.94576,16.214636,.9519816,1,0,58,3.8219287,0
1109,3.125,3,16.088106,155.4705,13.272056,.59864956,3,1,41,0,0
1110,2.875,3,5.7093148,77.469925,7.3226905,-.59948069,3,0,21,0,0
1111,2.5291255,3,6,67.549149,7.3732362,-.60738569,2,0,22,0,0
1112,1.0221406,3,6.0999999,144.8291,10.341247,.074105822,3,0,29,0,0
1113,7.8991308,3,18.7658,405.1832,9.6985378,.37884519,4,1,46,1.0564368,0
1114,6.09375,3,16.425377,329.58401,17.872856,.30605516,4,0,47,.57480812,0
1115,5.6681552,3,11,152.98392,13.448965,-.97630394,1,0,23,0,0
1116,3.28125,3,4.7853255,109.76996,6.9123731,-.85078979,1,0,23,0,0
1117,25.78125,3,16.444153,174.5583,12.690396,.027384039,4,0,32,0,0
1118,2.875,2,4.1395893,90.071381,7.7456236,-.18145865,4,0,23,0,0
1120,27.625,3,18.221434,408.65833,19.362085,-1.711789,2,0,56,.70425439,0
1121,.99560809,3,7,65.465317,8.9308147,-1.2164518,3,0,26,0,0
1123,8.1564608,3,5,56.554855,8.4808569,.14024076,2,1,34,0,0
1124,7.96875,3,9.9902182,105.63564,9.8986664,.20554493,3,0,34,0,0
1125,10.15625,3,14.808697,156.7451,10.92121,.44088787,4,1,49,0,0
1126,14.0625,3,5.4655271,32.525997,6.5791945,.97076494,2,1,22,0,0
1127,11.438754,4,12,138.55188,10.735716,-.11516769,5,0,57,0,0
1128,5.625,4,18.039631,293.51407,7.15064,-.15171212,5,0,53,0,0
1129,5.625,4,17.171635,309.97363,13.752665,-.17666267,4,0,53,0,0
1130,23.4375,3,22.804813,618.90875,23.359858,-2.9475057,2,1,54,.87032646,0
1131,22.460154,3,20.444351,441.39828,11.361311,-2.2560375,2,1,54,1.7983576,0
1132,8.4031906,2,3.5899999,18.228477,13.623614,.72838998,4,1,47,2.7280838,0
1133,5,2,13.566227,59.532135,10.031343,.38172412,2,1,39,2.7468264,0
1134,3.1875,3,13.995596,188.22281,31.155828,-.729186,5,0,46,0,0
1135,2.1875,3,18.832823,449.73166,18.664143,-1.5931041,5,0,46,0,0
1136,3.984375,3,17.332893,386.4393,19.34676,.73201877,3,0,43,0,0
1137,11.5625,3,17.353165,387.24182,31.155828,1.0566772,4,0,39,0,0
1138,9.84375,2,11.904053,16.089333,10.020709,.44440523,1,1,39,1.8433274,0
1139,11.71875,3,10.402332,203.30965,13.113545,-.72609806,4,0,34,1.9818246,0
1140,3.28125,3,13.629745,77.218788,5.3022571,.41802889,5,1,56,3.9530962,0
1141,5.625,3,12.42867,42.881672,10.212765,.38642299,5,1,53,2.3590751,0
1142,3.28125,3,13.280698,29.219822,11.263855,.5931201,4,1,52,2.5778644,0
1143,25.28125,3,6.8468103,189.33931,19.481054,-.70390469,4,0,26,0,0
1144,1.7243716,3,8.6099997,46.665501,7.1115208,.57779837,2,0,22,0,0
1145,8.75,3,16.776854,118.26611,11.243159,.22614181,3,1,33,0,0
1146,1.8125,3,7.8085575,175.11749,24.166367,-3.012569,5,0,27,1.4194579,0
1147,3.125,3,6.6959753,173.54022,11.82128,-1.9579874,4,0,27,4.3281255,0
1148,2.6817842,3,5.5719795,23.933041,8.1965904,.42432088,4,1,27,2.190203,0
1149,2.875,3,15.513848,252.02611,10.454434,.10149376,4,0,41,0,0
1150,18.75,3,15.490277,579.37762,16.962072,.74858874,1,1,26,2.4442394,0
1151,29.476402,3,5.9347892,525.47552,22.237194,.80149502,2,1,24,1.7953143,0
1152,6.7394919,3,14.91,153.8447,7.3464756,.89764148,5,1,39,0,0
1153,7.9897966,3,9.4499998,118.09212,12.44078,.74300933,5,0,41,0,0
1154,11.21875,3,11.970777,24.182552,10.780199,.000059000002,3,0,39,.74394649,0
1155,11.397751,3,9.8765697,20.098284,22.309452,.000060999999,4,0,39,.44524613,0
1156,20.46875,3,14.695107,191.16432,13.994051,.42825225,4,1,56,0,0
1157,10.43224,3,7.3499999,151.17105,12.199951,.69815433,4,1,24,0,0
1158,6.2902875,3,6.3000002,155.37502,6.3334417,.87075013,5,1,24,0,0
1159,41.71875,3,5.0550575,29.125919,7.634233,-1.6427763,5,0,26,0,0
1160,2.8125,3,15.379612,173.367,12.074821,.50281698,4,1,41,0,0
1162,2.1875,3,7.9370494,62.18074,8.7248373,-.3033464,4,0,36,0,0
1163,4.6875,3,13.369995,118.39268,9.1785707,.98793012,1,1,53,0,0
1164,2.5387759,3,17.4,30.191994,22.86598,.045092203,5,0,43,0,0
1165,2.34375,3,5.3722391,35.405827,7.7563148,.89272749,2,1,23,1.9597223,0
1166,4.21875,3,11.754922,107.98237,8.3467512,1.022979,1,0,38,0,0
1168,18.75,2,10.278642,19.98967,14.588307,1.031087,3,0,43,1.8312548,0
1169,23.311359,3,2.6102378,229.787,11.993438,.20489858,3,1,36,2.3373146,0
1170,5.03125,3,9.7792377,31.562876,4.9847918,-1.1552361,1,0,43,0,0
1171,4.53125,3,4.1347799,22.758839,7.3473673,.16807093,1,0,26,0,0
1172,17.387457,3,19.504248,92.833244,15.370268,.30432844,2,0,47,.6139161,0
1173,15.90625,3,13.089813,83.03299,7.7587361,.31795132,2,0,47,1.3510493,0
1174,40.57021,3,72.988602,278.27335,13.64251,.58816719,5,1,33,.44477615,0
1175,4.65625,3,7.2346463,27.506134,9.7528038,-.59531832,4,0,34,2.1000855,0
1176,11.792099,3,3.257911,40.570236,11.30213,-.45439214,4,0,34,2.4793298,0
1177,9.2082291,3,8.3999996,35.760906,8.5741911,.19837341,4,1,53,0,0
1178,3.5611238,3,5.5650001,112.94739,15.042802,.5567745,5,0,47,0,0
1180,4.21875,3,10.002288,124.51027,8.5609379,-.32979372,3,1,29,0,0
1181,2.890625,3,12.92802,80.849655,12.727406,.041598894,4,0,52,2.3961871,0
1182,2.6875,3,12.272287,100.74071,26.629469,-.28816363,3,0,37,0,0
1183,77.744301,3,21.020311,106.46536,14.572556,-1.9851015,3,0,42,1.3212463,0
1184,72.491135,3,26.122431,71.804367,21.599163,-1.6062714,3,0,42,1.5465276,0
1185,5.5274239,3,18.9,42.78767,6.2097282,.34396094,3,0,32,0,0
1186,.8125,3,7.3834734,169.63112,10.128822,-.89318627,5,0,24,1.3163959,0
1187,43.09375,2,10.426895,12.353443,10.272259,-2.7805026,5,0,38,1.1995199,0
1188,3.5912793,2,5.074357,71.622108,10.217339,1.1767473,3,0,21,3.5662255,0
1189,5.8924832,4,13,285.43378,12.807163,.10276494,5,0,53,0,0
1190,11.71875,3,15.236821,198.23236,11.015123,1.2910299,4,1,58,.76933503,0
1191,7.109375,2,10.60941,8.8429537,9.2511501,.71986079,3,0,46,1.7666005,0
1192,16.709806,3,14.188251,21.276318,11.948617,.56039357,4,1,47,.77974397,0
1193,19.594835,2,14.57726,19.953678,12.993908,.60100514,4,1,46,.44222054,0
1194,22.127287,2,14.461887,15.093046,6.0215025,.67478907,4,1,46,1.4842027,0
1195,18.95681,2,13.343076,3.8670263,10.797523,.79802305,3,1,51,1.4972488,0
1196,2.109375,3,10.683545,22.77132,12.620816,.38890392,1,1,43,2.4069295,0
1197,15.492041,3,49.424438,926.93677,30.949865,-.42593116,3,0,46,.32127634,0
1198,15.205039,3,2.9000001,119.47511,11.808002,-1.3438642,1,0,48,0,0
1199,1.875,3,12.266597,59.933788,10.348247,-.39253786,2,0,39,0,0
1200,1.8125,3,12.55885,116.23131,10.625468,-.27941865,3,0,37,0,0
1201,1.40625,3,11.29605,42.113049,11.860332,.88016969,1,1,43,0,0
1202,11.71875,3,13.351122,364.6088,14.721059,-.75678533,4,0,34,1.032385,0
1203,3.6875,3,19.641815,317.39072,7.2344103,-.25533986,2,1,42,0,0
1204,7.7325478,2,42.33313,47.494568,10.623989,-.67943698,3,0,51,1.2198657,0
1205,2.34375,2,14.822437,44.340206,10.405638,-1.1927923,3,1,51,2.2319162,0
1206,1.875,3,13.844292,141.58644,9.1455641,.41552389,5,1,43,2.1931114,0
1207,15.556454,3,9,122.63771,11.479347,.48163322,3,1,51,0,0
1208,1.8232199,3,4.8000002,77.672684,9.4717712,-.11690238,3,1,34,0,0
1209,9.375,3,6.5140142,68.252563,22.767025,-.076259583,3,1,22,0,0
1210,1.875,3,13.737215,123.61787,12.184743,-.02463349,4,0,42,.77787125,0
1211,2.875,3,13.52248,113.21939,12.325305,-.031110004,4,0,42,1.169515,0
1212,14.482587,3,6.291348,86.901726,14.733217,-.1424011,3,1,28,.95501179,0
1213,10.11039,3,3.9289358,74.535797,8.5110922,-.21455117,3,1,28,1.7862498,0
1214,9.375,3,8.2029352,78.521881,9.1096687,-.22970757,3,0,28,1.9143935,0
1215,3.625,3,15.538738,61.316399,9.1808147,.16989981,5,1,33,0,0
1216,3.625,3,16.420689,108.99352,10.467887,.116396,5,1,33,0,0
1217,5.125,3,14.470268,66.937019,10.220006,.21669269,4,1,33,0,0
1218,69.8125,3,8.0273342,204.39568,15.252748,.0078765443,3,0,24,1.4899874,0
1219,3.28125,3,4.3907409,44.406734,7.8511014,1.1982464,1,0,24,0,1
1220,26.435022,2,14.911912,2.8153772,18.146166,-.80463344,4,0,24,2.2078805,0
1221,23.78125,2,3.6962032,6.6939611,18.120724,-.75627333,4,0,24,2.2858381,0
1222,8.875,3,12.523666,129.90552,13.063716,-.24852178,4,0,56,.74213117,0
1223,12.201906,3,44,914.98169,31.155828,-.046626508,2,1,46,0,0
1224,19.21875,3,17.592663,520.73621,16.172924,.45827052,5,0,36,0,0
1225,13.5625,3,13.797664,118.92645,12.703834,.34516183,2,0,47,0,0
1226,4.0709343,3,7.8567433,105.31469,16.708057,-3.4803882,4,0,60,1.084582,0
1227,7.03125,3,3.2860737,38.48267,8.219533,.98296183,4,0,22,0,0
1228,7.1201487,3,8.8199997,119.64867,12.258383,.99676436,2,1,60,0,0
1229,11.008645,3,3.1500001,36.179119,4.9709625,.85289866,5,1,27,0,0
1230,3.28125,3,16.814257,307.57626,7.6811442,.081684895,2,0,56,0,0
1231,11.71875,3,4.6392303,111.63859,7.7420211,.66731727,4,0,22,0,0
1232,2.7677946,3,5.2630882,125.90515,4.9187737,.71973914,4,0,36,3.261205,0
1233,5.9333601,3,12.6,107.71387,10.393579,.62304109,2,0,33,0,0
1234,1.84375,3,13.542158,132.62903,10.888558,.0075487918,4,1,57,0,0
1236,7.03125,2,8.8057232,91.216377,10.355883,.22596887,4,0,36,1.8641648,0
1237,15.3125,2,11.640191,53.510025,11.566071,.48390597,3,0,37,1.9962467,0
1238,7,3,12.749967,190.71173,13.918512,-.33254784,4,0,37,1.1485641,0
1239,8.75,3,15.186165,173.2894,22.752756,.23603463,4,1,48,.60634035,0
1240,7.03125,3,10.343706,31.094532,9.7389708,1.0872233,4,0,57,0,0
1241,9.7899408,3,6,44.826828,8.3456001,.77039635,3,0,56,0,0
1242,4.1129036,3,11.55,325.93893,19.585203,.42444426,4,0,29,0,0
1243,.9375,3,7.5793033,21.026863,8.2173548,.12882997,4,0,31,0,0
1244,.9375,2,3.407774,22.778316,10.523623,.89816916,4,0,60,0,0
1245,25.3125,3,12.406889,107.2269,8.4799376,-.59402859,4,0,41,2.1162086,0
1246,11.71875,3,14.716455,92.680855,10.699533,.25391519,4,1,33,0,0
1247,20.216196,3,50,336.93652,15.212695,-.26550722,4,0,42,0,0
1248,20.161655,3,49.400002,299.33423,8.8111687,-.25764954,5,1,42,0,0
1249,35.15625,3,12.946209,139.90302,14.498208,.063578844,4,0,49,0,0
1250,8.4375,3,3.7069356,31.454834,7.8522348,.35652778,2,0,23,0,0
1251,4.296875,3,3.1704373,34.877327,10.463533,.44016889,1,0,23,0,0
1252,6.09375,3,4.5480161,41.073586,8.1677208,.52946347,2,0,24,0,0
1253,9.375,3,4.3488927,49.50713,8.7604275,-.052414455,5,0,23,1.4544798,0
1254,8.4037218,3,1.9715474,35.330585,4.6271772,-.048260637,5,0,23,1.7984335,0
1255,9.375,3,2.8986583,34.945499,8.6446638,-.042308144,4,0,23,1.3030283,0
1256,9.375,2,3.69942,17.028454,7.9164042,-.043258123,5,0,23,.81166136,0
1257,2.1875,3,19.214848,485.3974,16.245245,1.2212151,4,1,43,0,0
1258,2.6186686,2,4.1999998,75.319405,7.3908253,-1.17642,4,1,27,0,0
1259,3.75,2,13.775836,35.477161,8.8086138,.91963613,4,1,42,0,0
1260,9.375,3,11.655839,22.749132,10.41762,1.1077441,4,1,39,1.3818696,0
1261,3.125,3,11.163224,406.35715,11.1487,.28201398,5,0,23,0,0
1262,1.40625,3,22.813864,542.95007,15.946739,.31019935,5,1,39,0,0
1264,3.75,2,10.486884,39.453686,7.641705,.32315698,1,0,38,0,0
1265,10.625,3,4.9323068,22.892778,9.2556725,.36474067,2,0,26,4.3354998,0
1266,4.6875,3,5.2221732,20.993446,10.456562,.29915059,3,0,26,3.1681094,0
1267,18.59375,3,12.285082,40.773689,12.320958,.47020999,5,0,49,0,0
1268,3.5484025,3,15.03848,24.810894,9.8608646,.57135689,1,1,49,3.4475601,0
1269,5,3,4.4460721,37.987293,6.1616068,.67013305,3,0,23,0,0
1270,3.0294151,3,9.9750004,65.32074,11.081501,.086736239,3,0,39,0,0
1271,12.0625,3,14.132003,154.17038,11.506152,.62132108,4,1,39,0,0
1272,10.393161,3,23.816305,603.00769,15.460259,.33820006,5,1,56,.67559683,0
1273,3.125,2,4.8705525,62.806133,7.1582494,.4598628,1,0,27,0,0
1274,3.28125,2,5.7826543,62.237797,7.1820631,.53535122,2,0,26,0,0
1275,39.84375,3,12.391109,124.89732,9.957818,-.10811616,4,0,58,0,0
1276,20.534847,3,9.3000002,75.133667,10.767928,-.245546,4,0,61,0,0
1277,22.26679,3,7.3499999,598.51477,18.018913,.64778715,3,1,23,0,0
1279,5.0070934,3,14.7,64.753296,11.65428,.29557279,2,0,54,0,0
1280,7.5,4,18.108509,95.759857,11.296238,.87401485,3,1,42,0,0
1281,7.0959029,4,12.6,108.99572,17.112175,.64885569,3,1,42,0,0
1282,10.78125,3,13.393339,99.235229,12.895253,.92660493,2,0,49,0,0
1283,4.6875,3,11.710517,79.546822,9.8111095,.42908576,2,0,38,1.7118311,0
1284,7.0840898,3,11.76,125.52416,7.6916785,.67682624,4,0,36,0,0
1285,3.125,3,13.111219,66.611397,9.8727808,.15878049,1,1,39,0,0
1286,3.1442816,3,7.77,83.523666,7.2127414,.36134595,3,0,21,0,0
1287,21.09375,3,15.159212,185.40918,11.861578,-.3622579,3,1,37,0,0
1288,20.59375,3,15.898352,298.72256,14.242543,-.34069785,4,1,37,0,0
1289,25.824947,3,17,186.46622,15.862794,-.27776691,4,1,37,0,0
1291,7.96875,3,12.553273,116.46109,13.253685,.87062508,4,0,47,0,0
1292,7.96875,3,14.019879,201.92827,13.80113,.98797822,5,0,46,0,0
1293,22.03125,3,12.079748,143.37865,8.6146288,-.9407829,3,0,44,0,0
1294,13.002902,3,14.07,196.84673,14.370411,.49454045,4,0,54,0,0
1295,2.7009466,2,13.785321,74.061424,7.1476116,.074646913,3,0,27,2.565171,0
1297,5.2008543,3,15.639175,195.09491,11.759171,-.74366903,3,1,53,.704319,0
1298,34.53125,3,16.559631,189.68747,12.584002,-.62955385,4,1,52,.29553294,0
1299,11.46104,3,18.9,460.254,22.100023,1.3291805,4,1,43,0,0
1300,2.3396521,2,6.8000002,66.491508,9.7120657,.29180324,4,0,39,0,0
1301,1.71875,2,13.194069,60.596264,11.656595,.14442602,3,0,47,0,0
1302,14.53125,3,16.368399,296.33261,18.794344,.40244815,2,1,43,0,0
1303,3.3954186,3,24.15,311.54184,13.908764,.7014277,1,1,48,0,0
1304,1.84375,3,12.729091,197.43687,9.8183727,.32409233,2,1,36,0,0
1305,5.46875,3,5.4406233,142.51497,6.1585956,.97795141,4,0,22,0,0
1306,1.40625,3,6.0836501,38.608932,7.4379892,-.012301353,4,0,28,0,0
1307,6.5625,3,11.232906,37.38892,10.492533,-.61562264,1,0,39,1.1752275,0
1308,23.4375,3,11.957758,28.402016,11.456437,-1.6696029,3,1,43,1.4962728,0
1309,5.9375,3,11.662224,56.286274,8.6399355,.018924652,4,1,38,0,0
1310,16.40625,3,10.777222,90.063705,12.665383,-.73600394,4,0,46,0,0
1311,3.125,2,8.1828384,62.368561,12.037812,.73338526,1,1,29,0,0
1312,4.3890362,4,25.514999,222.95827,10.257386,.3731381,1,0,27,0,1
1313,.9375,3,12.318051,159.41527,11.463611,-.58076739,4,0,37,0,0
1314,1.061612,3,14.3,212.20343,16.239824,-.62744355,3,0,37,0,0
1315,2.65625,2,7.3017287,4.2492599,8.6610107,.53627467,4,0,31,1.9808105,0
1316,.703125,3,15.124804,65.100548,10.632795,.30931017,2,1,42,2.6173496,0
1317,2.65625,3,15.312649,74.325668,13.968881,.30409992,2,1,42,1.1891291,0
1318,1.875,2,4.5045214,29.597839,6.9040627,.33517092,2,0,22,4.1448965,0
1319,1.875,1,3.7263999,16.292912,6.7832141,.42009994,1,0,22,6.723115,0
1320,23.4375,3,5.4745078,24.512577,9.5180511,-.75204706,4,0,29,0,0
1321,20.686926,3,17.599152,129.08087,15.023435,-.79380858,4,0,47,.92193067,0
1322,36.875,2,3.2591729,.46502399,10.852259,.53523886,4,0,24,2.9603639,0
1324,11.71875,3,10.3087,144.93291,10.91708,.76064855,2,0,34,2.0670834,0
1325,13.480263,3,2.9638059,44.57505,11.63851,.85649037,3,1,33,1.8095447,0
1326,13.5625,3,13.205265,119.56133,14.894475,-1.1294916,4,1,57,1.1437334,0
1327,46.875,3,11.891118,145.80441,13.874118,.37627155,4,0,37,1.1095804,0
1328,1.875,3,16.387913,196.10258,13.597069,-.012484718,2,1,41,1.1839384,0
1329,3.28125,3,5.2633014,25.854681,7.4779482,-.056237374,5,0,26,1.0553539,0
1330,3.7206888,2,4.2824717,18.454428,7.3475227,-.04541599,5,0,26,.50153828,0
1331,2.78125,3,4.0725546,24.497721,7.9126868,-.04862988,4,0,26,1.1626028,0
1332,20.266941,3,34.799999,926.93677,31.155828,.30764139,3,1,46,0,0
1333,4.667623,2,9,68.368813,8.484395,.33912265,4,0,53,0,0
1334,1.1356246,3,16.62608,78.313942,8.7474003,.59828985,3,0,27,1.8712907,0
1335,.9375,3,5.6134701,85.455849,5.8969092,.90432614,2,0,27,3.1578851,0
1336,5.59375,3,13.140818,100.62226,10.937825,-.65423417,4,1,39,0,0
1337,9.21875,2,12.944256,8.8679848,12.236248,.73401457,5,1,49,1.017339,0
1338,3.28125,3,4.7554889,61.272667,5.1799874,.12314816,3,0,23,4.6139007,0
1339,18.75,3,16.455225,208.64635,13.593606,.71668148,5,0,52,.69610763,0
1340,18.75,3,16.832428,252.96106,14.384208,.68915898,5,0,51,.66810381,0
1341,4.53125,2,14.091865,21.168798,6.4646387,.62469167,4,1,33,0,1
1342,18.389763,3,34,318.03986,15.593707,.26001152,4,1,41,0,0
1343,5.2537236,3,39.900002,402.84656,18.821692,.18614782,4,1,39,0,0
1344,14.218715,3,25.41,322.99191,14.485471,.34340742,4,1,39,0,0
1345,25.234901,3,29.198854,136.84343,14.935652,1.1451228,3,0,46,1.1969073,0
1346,17.990383,3,36.015282,98.725349,12.257999,1.2504894,4,0,48,1.0490874,0
1347,11.487483,3,17.321728,82.868416,17.868706,-2.505384,4,1,56,1.5005716,0
1348,8.1284676,3,4.5999999,151.15552,11.293612,.53199458,2,1,42,0,0
1349,6.40625,3,7.6469798,37.773266,9.6550941,.36853883,4,0,34,1.9990708,0
1350,5.15625,3,7.94485,25.999214,20.591864,.58238459,4,0,31,1.5036755,0
1351,3.828125,3,15.22051,31.689394,11.912152,.44781664,3,0,32,2.5542197,0
1352,10.246792,3,9.5963545,122.04318,12.614455,.64769459,3,0,38,2.5055218,0
1353,1.28125,2,5.9190507,86.485329,9.9934807,-2.7803037,3,0,22,2.9863002,0
1354,2.34375,3,15.20662,195.88524,14.676393,.40434521,2,0,41,2.6049473,0
1355,8.5662546,3,8.3999996,312.91373,13.64834,.60870045,3,1,43,0,0
1357,5,3,14.664618,223.28101,14.684916,.21761167,4,0,41,0,0
1358,17.107113,3,15.336912,23.146942,23.909563,.14689779,3,0,56,2.2581072,0
1359,1.46875,2,4.5295353,57.915791,6.7839284,-.2755039,4,0,27,4.0208573,0
1360,8.6479712,3,10.395,223.82484,12.694549,.61307526,5,0,33,0,0
1361,2.8125,3,15.045702,144.38963,11.836163,.78301787,3,0,48,1.0888995,0
1362,3.0841591,2,5.6700001,31.281092,6.6064229,.62820399,1,0,28,0,0
1363,3.125,2,6.8940306,31.67223,6.7537246,.46971768,2,0,29,0,0
1364,8.4375,3,13.305157,81.117027,14.121717,-.55420732,4,1,47,1.8776909,0
1365,12.300383,3,6.1479373,84.607521,16.394337,-.44126919,4,1,43,1.0680096,0
1366,4.21875,3,12.415789,84.871437,12.921685,-.60986924,3,1,44,3.2549312,0
1367,4.1875,2,5.7479715,73.559128,8.7102623,-1.5263499,2,0,27,3.0260525,0
1368,8.4375,3,14.160704,256.44617,5.5451965,.61192328,4,0,46,.44927683,0
1369,8.4647865,3,3.9905472,326.59711,15.817899,.6131779,4,0,47,.15161331,0
1370,8.4375,3,6.097858,65.875412,7.4990416,.20793188,5,1,23,0,0
1372,16.40625,3,3.8987234,36.088009,8.6395807,.95693982,4,0,21,3.7929769,0
1373,16.40625,3,4.9995418,61.524624,9.4429674,1.3664612,3,0,23,2.0494716,0
1374,1.4494882,3,3.675,127.31557,12.61552,1.3941971,5,0,27,0,0
1375,10.625,3,6.7423706,139.5489,8.3076305,.06894286,3,0,22,0,0
1376,1.3841021,3,5.6700001,169.40256,10.348524,.072667129,4,0,21,0,0
1377,2.0560973,3,4,269.87967,9.9748554,.030071061,1,1,27,0,0
1378,3.2887809,3,18,109.03613,9.435153,.087091595,3,0,36,0,0
1379,3.28125,3,5.0489006,51.716137,6.1376185,.63192016,5,0,21,0,0
1380,6.5625,3,10.179864,38.185028,7.562778,.3272205,5,0,44,0,0
1381,7.7573423,3,5.0696611,251.22522,14.008346,.15041539,1,0,44,2.8960271,0
1382,3.5904803,3,4.8299999,101.43346,10.936553,-.76213908,4,0,44,0,0
1383,2.65625,2,12.399545,32.491207,7.0962195,.13560446,4,0,42,0,0
1384,2.8125,2,9.7980404,47.771225,11.932658,.14780881,4,0,43,0,0
1385,16.40625,3,34.43298,926.93677,30.993324,-.2137759,3,1,52,0,0
1386,13.055993,3,6.8870177,52.61142,7.5846138,.44886249,4,0,24,.20763622,0
1387,5.7303162,3,18,215.48753,10.674529,.64985639,2,0,34,0,0
1388,18.596937,3,17.344664,224.85471,10.725609,.53224814,5,0,56,1.3312798,0
1389,2.3125,2,10.761472,36.474735,5.9101896,.014068577,5,0,43,0,0
1390,2.8125,2,9.9270277,54.747051,12.064521,.025246879,4,0,43,0,0
1391,4.0625,3,10.545177,81.275795,10.85955,-.88369757,4,0,38,2.0170867,0
1392,8.90625,3,6.8456817,49.494453,13.736055,.9553892,3,1,27,0,0
1393,24.073767,3,9,204.21022,12.806974,1.0757176,3,1,37,0,0
1394,21.09375,3,20.199413,347.211,16.505775,.86990452,5,1,42,1.1634798,0
1395,1.84375,3,13.842072,110.07383,8.73526,-2.1365085,4,0,52,1.6844939,0
1396,15.90625,3,30.543596,926.93677,29.021259,-.25167704,2,1,46,0,0
1397,2.8256321,3,4.1999998,194.77872,9.869482,.1630027,4,0,34,0,0
1399,9.6875,3,7.6330175,105.31313,6.0314126,.42116162,3,1,21,0,0
1400,18.75,3,11.193856,402.58185,10.85878,.709867,5,0,22,0,0
1401,23.036058,3,4.1999998,297.12662,5.6299963,.85699016,5,0,22,0,0
1402,2.34375,2,10.810916,15.903749,11.544223,.2670204,1,1,43,0,0
1403,15.602379,3,10,152.62012,14.119259,-.099436641,4,0,49,0,0
1404,14.0625,3,7.9880967,141.56036,14.674565,-.1055066,4,0,28,0,0
1405,30.4375,3,19.847675,366.46719,16.23295,-.63986504,5,1,48,.5111267,0
1406,11.571188,3,10.8,138.83817,12.001936,.32842934,4,0,33,0,0
1407,11.21875,3,13.891952,151.58464,28.07159,-1.8225729,4,1,57,0,0
1408,1.8372493,3,7.77,27.592529,9.8496885,.59823507,2,0,33,0,0
1409,2.2967494,3,7.3499999,48.748867,10.256063,.79833972,1,0,32,0,0
1411,15,3,14.966742,205.42616,20.180702,.29399145,5,0,49,1.9784384,0
1412,7.5,2,4.415513,7.9672036,9.1257238,-.95116675,3,0,24,1.9197419,0
1413,1.84375,2,13.432208,77.374092,5.0746884,-.83814734,3,1,37,2.8303158,0
1414,2.6298778,2,7.0963798,24.150919,7.5665526,.18056494,4,0,23,1.9945503,0
1415,2.34375,2,4.5085149,42.647541,7.4927621,.1150801,5,0,23,1.7839744,0
1416,2.2327471,3,26.985001,97.024361,5.3343091,.39357525,2,1,31,0,0
1417,4.4651384,3,13.450068,47.677643,11.38831,.21706802,3,0,39,1.4586154,0
1418,5.15625,3,13.613283,33.067719,11.331474,.19546942,3,0,42,1.4692529,0
1420,2.0434539,2,2.5384276,115.66673,9.8689699,.44888541,3,0,27,4.171607,0
1421,1.8209857,2,4.5,85.800133,8.2963524,-.58318567,4,0,27,0,0
1422,4.64676,2,6.3000002,80.662773,6.9966884,-.65382266,4,0,27,0,0
1423,12.950249,2,16.749292,41.152779,10.989325,.29290882,3,1,47,.27101192,0
1424,5.687315,3,14.218761,79.280479,6.4062519,-.39089069,5,0,29,1.9799026,0
1425,3.75,2,4.4135919,82.276115,11.26368,.67475164,4,0,22,0,0
1426,.46875,2,13.365976,87.064125,8.8208714,.23736265,3,0,58,0,0
1427,16.643236,2,11.651079,56.45068,12.530764,-.72188526,2,0,39,1.967167,0
1428,18.405703,2,12.797468,39.338051,9.1743593,-1.0099007,2,0,39,2.6135988,0
1429,8.4375,3,16.722815,315.1228,16.04574,-1.0742359,4,0,48,.68658006,0
1430,11.71875,3,12.137707,79.744156,11.62026,.61109889,4,1,46,0,0
1431,8.9869595,3,9.4499998,246.99481,11.904078,.7424168,4,0,38,0,0
1432,1.875,2,14.842925,73.213043,9.0189829,.70457846,1,1,42,0,0
1433,3.0819113,3,8.3999996,81.518242,8.5539064,1.2274666,1,1,24,0,0
1434,20.304081,3,20.16,82.332581,23.816334,.26070753,4,0,41,0,0
1435,3.59375,3,8.297678,155.94423,6.7456956,.60041839,5,1,21,0,0
1436,14.0625,3,11.885747,415.75397,12.595239,.92465132,5,0,27,0,0
1438,9.6264715,3,4.1596727,110.23969,9.5516987,-.25128472,4,1,29,2.5082777,0
1439,12.358367,3,6.039712,84.432541,6.2341871,-.27963546,4,1,28,3.9922733,0
1440,2.34375,3,10.620308,36.026234,6.6210084,.19492362,3,0,43,0,0
1441,5.375,3,9.8807268,35.085167,11.404658,-3.4803882,5,0,44,1.1586541,0
1442,1.7680531,2,12.88717,6.4087925,10.003066,.25219786,5,0,33,1.778837,0
1443,2.1875,3,13.408941,20.884762,7.1404381,.29898161,5,0,33,1.8652962,0
1444,9.2614717,2,5.8000002,60.070271,9.3469219,.086017407,1,0,39,0,0
1445,2.4064131,3,29.995987,327.93774,11.387621,.18719886,4,1,32,.021342954,0
1446,2.4454956,2,15.885922,75.013351,11.552607,-1.9645392,3,0,54,2.1582332,0
1447,6.9218326,3,8.3452301,45.333542,8.6120548,.69497156,1,1,53,1.0247741,0
1448,7.96875,2,3.8110409,72.284531,7.3975534,.85223567,4,0,23,0,0
1449,9.21875,2,5.6068573,96.006813,18.735165,.71104842,3,0,23,0,0
1450,4.21875,3,10.816084,42.015316,8.910244,.43962178,2,0,38,.085441083,0
1451,15.496678,3,3,94.598419,8.5360231,1.4882684,3,0,26,0,0
1452,18.202433,3,5.0999999,110.94891,11.205681,1.4119148,3,0,26,0,0
1453,9.21875,3,11.820033,112.32276,21.686676,1.0041981,1,0,62,.19480151,0
1456,5.859375,3,11.902957,81.311569,12.698625,.6857366,4,0,47,0,0
1457,12.96875,3,11.191754,112.4408,12.816582,.49047273,4,0,46,0,0
1459,17.65625,3,17.803341,250.51213,14.024896,.6965431,5,1,49,0,0
1460,5.625,3,13.185825,139.84399,11.141016,.41804075,1,0,58,2.5348907,0
1461,41.114822,3,4.6544781,35.849876,18.441067,-.25964171,4,0,59,1.6918719,0
1462,39.84375,2,8.4176836,16.384399,13.961432,-.26798546,4,0,59,2.4612658,0
1463,27.036795,3,4.7289271,127.72819,12.265638,-.25113702,5,0,31,1.8896699,0
1464,11.21875,2,13.217602,54.587269,11.047324,-1.7716333,3,0,41,0,0
1465,2.8395915,3,11.321016,341.90247,19.471388,.79999638,4,0,49,1.1270726,0
1466,20.59375,2,4.2555547,0,8.7064953,-.24149582,4,1,24,1.9374985,0
1467,25.917318,2,4.8518367,.80988359,4.6271772,-.25535068,4,1,24,2.9923258,0
1468,21.463745,3,4.0949998,199.40399,10.394311,.63957459,3,0,27,0,0
1470,1.84375,3,5.8947287,83.882462,8.3396177,.99255317,4,1,27,0,0
1471,6.75,2,7.4756722,23.394943,6.9416585,-2.3672781,3,0,28,0,0
1472,11.71875,3,10.325883,58.519596,10.258996,.15000591,5,0,44,0,0
1473,5.9375,3,7.1720991,103.81972,6.6399617,.15516627,4,0,29,0,0
1474,74.855217,3,8.2760582,599.38647,22.201544,.61415941,5,1,57,.69773513,0
1475,25.28125,3,8.0791636,81.705757,8.06145,-1.6285205,2,0,28,0,0
1477,4.2837095,3,9.4499998,95.034103,10.243921,1.4600767,1,0,57,0,0
1478,4.3723149,2,4.5,84.128098,9.6967964,-1.2449507,2,0,24,0,0
1480,4.216083,3,17.745001,75.893349,12.228086,.17361556,1,0,47,0,0
1481,2.0258546,3,15.75,45.254467,11.264467,.14699055,1,0,46,0,0
1483,16.649355,3,7.6400919,65.216721,20.87607,1.3677906,4,1,49,2.2275872,0
1484,1.875,2,12.782893,31.331612,10.697033,1.3422664,3,0,41,.28852117,0
1485,7,3,12.285219,49.626076,14.294177,-.49470624,2,0,47,0,0
1486,8.3935213,3,19,57.022263,12.820066,-.52735674,3,0,47,0,0
1487,12.893167,3,13,47.534012,12.600198,-.50766826,3,0,47,0,0
1489,28.382965,3,5.9720168,298.97867,10.609683,-2.8063152,3,1,22,.32533079,0
1490,27.625,3,11.486019,410.9632,12.023519,-3.4803882,4,1,22,.34086832,0
1491,6.6664329,3,15.588006,91.781952,7.0011358,-.082644992,3,0,38,1.4415008,0
1492,.9375,3,11.615509,34.877911,12.760589,.026831629,2,0,56,3.8458805,0
1493,1.8125,3,12.523812,175.24463,12.553172,.26922911,4,0,37,0,0
1495,3.625,3,5.1663141,81.575981,7.3429255,-2.3210692,2,0,21,0,0
1496,9.375,3,6.108314,178.61143,8.3472843,.86219144,4,0,22,0,0
1497,9.7835264,3,11.55,22.803398,5.928864,1.4882684,3,1,36,0,0
1498,3.75,3,10.134205,113.41998,10.00875,.17503637,3,0,34,0,0
1499,1.875,3,14.572501,82.931648,11.303613,.32403162,3,0,33,0,0
1501,10.99699,2,4.40519,77.150444,8.2114573,.20496084,4,0,26,1.7960776,0
1502,1.875,2,4.7455683,23.63492,7.1554656,.017534107,2,0,27,0,0
1503,1.875,2,4.8496628,29.261482,5.4952464,.03632896,2,0,27,0,0
1504,13.5625,1,10.89965,9.5627632,12.291299,-.45625213,3,0,46,2.1675627,0
1505,23.28125,3,15.734054,145.84961,14.358105,.29453337,3,1,49,0,0
1506,2.1127915,3,5.9000001,110.06401,10.49153,1.1450261,2,0,27,0,0
1507,1.0026619,3,9,129.74147,9.4199495,.13189286,3,0,58,0,0
1508,.96720541,3,9.3000002,100.7992,7.2148314,.24573623,3,0,28,0,0
1509,13.161746,3,3.9280677,20.160233,11.431546,-.51873165,1,0,38,1.6697285,0
1510,1.8570184,3,5.25,128.61319,11.488866,.30834937,3,1,42,0,0
1511,1.953125,3,16.191586,148.63309,13.058638,.38525203,3,1,41,0,0
1512,1.40625,3,9.1250906,185.50087,7.5054655,.62890947,4,0,28,1.9643615,0
1513,8.875,3,5.4512854,50.964264,7.8630395,-.59371889,1,1,24,0,0
1514,30,3,23.221392,499.89243,17.046146,-.27350616,5,1,42,0,0
1515,40.276989,3,3,368.55179,11.601236,-.29028693,4,1,42,0,0
1516,30,3,22.919802,483.58939,16.757315,-.27809671,5,1,42,0,0
1517,4.6122494,3,25,43.311947,12.875235,-1.1671276,3,0,44,0,0
1518,2.8125,2,3.7586038,4.1000395,11.221276,.25944358,5,0,23,1.7265759,0
1519,6.40625,3,8.6380253,105.89967,9.6133986,.14069866,4,0,34,0,0
1520,7.5,3,15.94924,95.945915,10.418253,.078165978,5,1,33,0,0
1521,1.84375,3,13.986005,79.47654,13.084811,.3350572,3,1,56,0,0
1522,4.21875,3,9.1542168,32.794552,8.5779085,.50451148,3,0,31,0,0
1523,15.006669,3,5.0854511,280.21246,12.367273,-.10360015,3,0,27,1.9215971,0
1524,.9375,3,10.224536,32.604366,7.0054893,-.32369685,4,1,44,0,0
1525,7.322547,2,16.541014,31.586546,8.1974802,.57765394,3,0,36,1.7748668,0
1526,11.947827,2,19.20483,45.824368,9.6316929,.49358842,4,0,41,1.2395166,0
1527,1.0318456,3,13,123.64214,7.1504431,-.12452488,2,0,37,0,0
1528,.9375,2,5.6412616,79.902824,6.9316249,-.22552775,1,1,23,0,0
1529,3.2768257,3,11,38.535378,13.583656,.79079646,3,0,43,0,0
1530,8.4375,3,13.805053,92.972397,13.191795,.75880682,4,1,41,0,0
1531,9.8163471,3,13,68.126015,10.214776,.74190593,4,1,42,0,0
1532,.9375,2,11.118341,72.208008,7.4593801,.83014292,3,1,36,0,0
1533,9.1800327,3,6.3000002,393.80103,11.707983,.38932574,5,0,54,0,0
1534,14.256092,3,5.2988515,217.38254,10.71758,.6179921,1,0,34,.032356817,0
1535,2.6220241,3,6.3000002,135.63319,8.5879307,.38881633,4,0,37,0,0
1536,3.4958258,3,3.3701661,69.049171,14.626158,-.03512295,4,1,24,1.8676815,0
1537,4.5625,3,6.1154947,106.81989,8.786212,-.47376955,4,1,24,0,0
1538,6.0625,3,4.1687279,72.979607,8.830555,-.63020808,4,0,24,0,0
1539,10.237754,3,23.1,228.11345,15.807281,.49328622,3,1,54,0,0
1540,13.280396,3,20.055,284.92816,15.460472,.58799791,4,1,56,0,0
1541,4.3332658,3,6.3000002,238.60527,13.817721,-.57579529,5,0,47,0,0
1542,23.827875,3,6.6149998,202.79872,15.153137,-.54747021,4,0,47,0,0
1543,9.4513235,3,7,32.229103,7.2391996,-1.8896754,4,0,22,0,0
1544,12.161962,3,9.2751236,112.19617,12.787021,.5591653,3,0,48,1.2345043,0
1545,10.625,3,15.646289,193.39836,9.2729778,.20450516,3,1,54,0,0
1546,3.515625,3,10.076711,184.14139,11.588506,.19294161,4,0,34,1.5519463,0
1547,8.28125,3,14.49323,156.58868,12.993469,.22253886,4,0,33,1.0691272,0
1549,33.996449,3,16.801424,195.72902,13.25537,.10784563,4,0,44,.49350515,0
1550,29.24313,3,12.600779,126.27818,8.7766581,.078280345,4,0,44,.96141291,0
1551,.9375,3,4.6591468,33.107105,5.441155,.58860171,3,0,21,0,0
1552,21.109362,3,12.937977,200.75864,13.946923,-.012557792,4,0,39,.97266054,0
1553,22.34375,3,11.337364,243.48746,13.59095,-.0081167454,4,0,34,1.6603545,0
1554,4.21875,2,7.4775071,78.936577,7.6436906,.34511307,3,1,27,0,0
1555,3.5617294,2,5.25,43.852913,6.6922584,.34026986,2,0,28,0,0
1556,2.0443375,3,3.5999999,61.038311,8.3018303,-.2441313,3,1,24,0,0
1557,17.65625,3,13.015884,135.97087,24.933052,.57139802,4,1,37,.72447163,0
1558,69.8125,2,3.8170133,0,9.035985,-.58455616,4,1,22,2.8471763,0
1559,6.9493423,2,8.3999996,23.654364,7.8198862,.2912938,2,0,23,0,0
1560,11.25,2,6.411222,16.869949,12.990825,.7796095,3,1,26,1.7245132,0
1561,19.703157,3,20,382.20621,15.130164,.70932609,4,1,51,0,0
1562,14.0625,3,12.119998,70.824738,9.2497425,-.96656382,4,1,53,0,0
1563,28.125,3,11.320765,401.49908,19.943279,-3.4803882,4,1,21,1.6101925,0
1564,25.78125,3,13.330156,79.993187,10.682532,.75043833,1,0,42,0,0
1565,1.875,3,8.658452,112.7609,7.8405895,.72026682,4,1,29,0,0
1566,2.75,2,4.8672562,30.233833,4.7683101,-.7957387,2,0,27,0,0
1567,1.75,2,6.348434,38.918442,7.0972824,-1.1384239,2,1,27,0,0
1568,1.875,2,6.2312031,14.188568,6.7438931,.24511623,1,0,28,0,0
1569,12.5,3,12.619248,133.1855,28.274981,.086682826,4,0,56,0,0
1570,1.962384,3,5.6497445,104.68839,11.116914,.78559768,3,0,38,4.7642975,0
1571,1.40625,2,10.543018,67.440971,12.35366,.75181878,4,0,37,4.5990038,0
1572,39.84375,3,15.852062,167.967,10.477604,-1.7514343,3,1,56,0,0
1573,39.34375,3,14.69623,105.48454,13.141582,-1.6977321,3,1,56,0,0
1574,4.2281618,2,13.304153,60.897366,4.9554224,.6117515,1,1,36,3.7549956,0
1575,5,2,10.942575,85.050056,6.0909815,.40468058,2,1,36,3.0026355,0
1576,1.875,2,12.569544,51.941528,9.8302164,.29580623,2,1,37,2.4776461,0
1577,10.625,3,13.591152,136.83611,9.9444008,1.4882684,1,1,37,0,0
1578,9.375,3,15.052072,145.06606,11.404471,1.4827688,1,0,33,0,0
1579,2.5948465,2,10,58.965847,12.163748,1.4882684,3,0,43,0,0
1582,1.40625,3,6.2928863,54.106918,7.3280058,-.11422324,2,1,21,5.6020269,0
1583,8.875,2,6.809124,.35291767,10.891356,-.7923004,4,0,34,3.5571818,0
1585,3.3034422,3,20.193319,56.407333,11.609819,.20509946,2,1,44,4.216517,0
1586,12.890625,3,13.599314,81.745491,11.822487,.19644952,2,1,39,2.6957796,0
1587,44.339172,3,9.4499998,238.84064,14.52985,.06351269,4,1,48,0,0
1588,2.34375,3,11.015468,38.105278,11.150095,.084657788,2,0,46,0,0
1590,6.790062,3,4.0183506,90.079407,14.018164,-.38178423,4,1,46,1.2250539,0
1591,4.4731355,3,2.6466119,65.987717,12.723712,-.25301239,4,1,46,1.4839015,0
1592,35.625,3,16.132835,162.77902,13.125051,-.15704505,5,1,47,0,0
1593,35.625,3,14.949062,162.16788,11.167102,-.1583232,4,1,47,0,0
1594,7.2513852,3,7.1399999,115.85554,9.0794086,.088910088,2,0,24,0,0
1595,1.40625,3,15.01863,210.47336,13.049731,.16007605,3,0,57,0,0
1597,1.40625,3,14.095506,51.943493,11.655935,-.14800416,4,0,32,1.8300911,0
1598,2.8125,3,10.557585,81.126732,10.045472,.97698236,2,0,59,0,0
1599,5.625,3,10.674189,119.85865,7.3340616,.88130665,1,0,59,0,0
1600,9.7943907,3,24.57,141.44594,11.243138,-.031560346,4,1,44,0,0
1601,14.604928,3,5.0956616,80.308617,8.7164669,-.17710246,3,0,27,2.4766536,0
1603,10.15625,3,13.32422,127.94185,13.747091,.27014217,1,0,49,0,0
1604,2.8647137,3,4.9349999,129.50528,7.5554028,.36053503,3,1,22,0,0
1605,1.9182489,3,3.1500001,167.07503,6.3489866,.24553138,3,1,22,0,0
1606,1.9024624,2,11.13,70.386398,9.1896906,.86303079,2,1,51,0,0
1607,1.8549129,3,7.2588401,42.488781,5.7512393,.82598519,3,0,37,2.7684755,0
1608,13.408864,1,18.419106,9.605772,4.6271772,1.0161142,2,1,52,4.2506762,0
1609,11.71875,1,14.558839,9.5037861,9.9909601,1.1950448,3,1,52,2.270911,0
1610,10.457409,3,10.516429,305.02686,12.647708,-.87307453,4,0,41,.51773506,0
1612,2.80531,2,18.4,53.738373,10.76585,.58561707,4,0,41,0,0
1613,1.875,2,11.289708,54.74773,9.475976,.76658291,4,0,39,0,0
1615,3.28125,3,11.636064,67.64167,11.767063,1.0182561,3,0,37,1.1890317,0
1616,3.5912793,3,16.716064,84.013214,7.6976976,1.3430138,4,0,38,1.4142541,0
1617,9.84375,2,15.123309,31.585178,20.943987,.09709511,3,1,52,0,0
1618,4.6875,2,5.1862845,50.692951,6.4558349,.46535635,3,0,22,0,0
1619,3.59375,2,5.0261478,56.768425,6.0120282,.24777596,2,0,21,0,0
1621,4.296875,3,5.8983307,87.649254,7.0398817,.89937919,3,0,21,0,0
1622,37.5,3,15.556961,168.6389,13.440795,-.41454172,5,1,39,1.1403887,0
1624,10.922736,3,5.1098642,94.620079,9.5366182,-2.8300607,3,1,26,1.5517222,0
1625,10.3125,3,8.7001896,143.78563,10.739178,-3.4803882,3,1,26,2.0362918,0
1627,5.0578232,2,4.9401903,11.570395,10.313476,.65760285,3,1,39,1.2829089,0
1628,5.3039775,2,10.408163,13.256453,5.7164145,.8541398,4,1,38,2.5724981,0
1629,.89188492,1,2.9710805,73.028351,4.7343946,.70332283,2,0,27,3.482161,0
1630,8.0721827,3,4.3501716,46.307037,11.704997,.056756739,1,0,39,3.2707586,0
1631,5.9375,3,11.710706,64.231804,11.084655,.033749122,1,0,39,1.8423792,0
1632,16.40625,3,9.3636084,140.10561,17.875174,-.33796039,5,0,28,0,0
1633,3.0975008,3,6,148.78484,7.4103703,-.4325045,1,1,26,0,0
1634,15.238095,3,18.320856,177.4576,12.232811,-2.6613212,2,1,41,1.137803,0
1635,3.915957,3,4.8721495,40.126118,8.2974081,-.51341134,5,0,26,2.3356779,0
1636,4.3439732,1,4.5,17.506203,10.774499,-.95859182,3,0,46,0,0
1637,24.6875,2,13.069154,5.5862045,12.741965,.31581303,3,1,47,1.4356706,0
1638,25.78125,2,13.539774,0,9.9623985,.37627938,3,1,51,2.1713102,0
1639,3.1034267,3,9.4499998,356.93134,11.331735,.35323,4,0,28,0,0
1640,11.6875,3,9.9578075,35.843853,9.3303747,-.22456297,4,0,38,.77720636,0
1641,9.6875,3,9.6899815,21.22707,16.033201,-.23608449,4,0,38,.47712687,0
1642,23.893648,3,7.4549999,37.783836,7.0937452,.35930607,1,0,28,0,0
1643,4.284265,3,7.3499999,34.581547,5.7008176,.45473722,1,0,27,0,0
1644,4.21875,3,4.3769202,53.283752,14.030684,.57410097,1,0,27,0,0
1645,5,3,3.0867176,50.309429,8.1606474,.27098629,4,0,23,0,0
1646,.703125,3,4.9228625,36.227425,8.9231291,.18720376,1,1,23,8.9644938,0
1648,6.53125,3,15.201027,43.061478,9.5633869,.13971865,5,1,33,0,0
1649,8.2223654,3,9,86.37677,8.3873739,.15483524,5,1,33,0,0
1650,7.4623446,3,8.1999998,81.612213,6.4145803,.1417641,4,1,33,0,0
1651,4.765625,2,5.9441924,18.746696,5.9963579,.48023397,3,1,21,0,0
1652,24.866085,3,13.755,72.626328,11.616339,.47243935,4,0,41,0,0
1653,24.6875,3,10.216543,62.946957,11.227856,.65577447,4,0,37,0,0
1654,23.4375,3,12.508949,112.50201,10.119911,1.0700488,3,0,38,0,0
1655,9.2159491,3,11.55,93.611633,7.9454846,.5750078,4,0,37,0,0
1656,23.447922,3,12.705,66.316742,11.719086,.78203762,4,0,37,0,0
1657,24.6875,3,11.925896,80.99012,9.731039,.82086974,3,0,38,0,0
1658,1.71875,3,6.5015779,25.925547,7.6210046,-.66887432,3,1,26,0,0
1659,3.21875,3,6.4117718,21.071133,10.27132,-.67727882,3,1,26,0,0
1660,11.76263,2,11.8,35.312679,10.344336,.37409616,3,1,54,0,0
1661,40.15625,3,13.629289,152.06268,17.131712,.14843543,5,0,39,1.6943076,0
1662,11.71875,2,15.046516,27.454447,7.8979788,-.70350915,3,1,52,0,0
1663,5.03125,3,17.33112,416.79767,16.008398,-1.5527049,4,1,44,0,0
1664,3.28125,3,9.7796574,43.97625,12.536493,.64419395,1,0,43,0,0
1666,3.984375,3,11.865722,100.87881,13.300633,.67162967,5,0,43,0,0
1667,4.9547482,3,31.5,103.06309,9.6474886,.47494811,3,0,36,0,0
1668,15.614953,3,10,244.44058,31.155828,-3.1331687,3,1,42,0,0
1669,14.495552,3,30,191.26074,13.089124,-2.3435836,3,1,42,0,0
1670,1.875,3,13.948557,49.54583,9.9472809,.77517027,4,1,42,0,0
1671,16.40625,3,4.3580146,108.35742,21.985247,.97608525,4,0,23,1.1317263,0
1672,3.28125,3,11.146391,42.107697,9.4991856,.60144913,1,0,57,0,0
1673,13.660653,3,20.808407,154.72127,13.730402,.83503705,2,1,54,.67696393,0
1674,6.5625,3,19.553616,456.52573,17.54495,.98369211,4,0,51,0,0
1675,7.2032533,3,12,352.4827,15.392915,.96822935,4,0,51,0,0
1676,6.0625,3,21.397928,482.87573,18.309086,.60176247,3,0,51,0,0
1677,5.625,3,8.0375919,262.96399,7.5869722,.28999448,1,0,22,0,0
1678,14.0625,3,13.68,56.401199,10.536353,-.2777997,3,1,39,0,0
1679,3.59375,3,14.434343,64.980843,10.106238,.77148145,4,1,33,0,0
1680,2.9545283,3,12.285,53.98428,8.7173615,.64898449,5,1,37,0,0
1681,2.421875,3,10.35402,51.444519,7.9422665,.44012544,5,1,34,0,0
1682,2.34375,3,15.072679,36.114983,9.4212694,.46419722,5,1,33,0,0
1684,1.7352002,1,4.0077395,16.112226,6.1113768,-.49203545,1,0,21,5.8891869,0
1685,2.875,2,4.1226506,36.881588,5.9134598,-.61792791,1,0,21,3.0744805,0
1686,18.25,3,15.984426,300.16232,6.2913151,-.52290893,5,0,53,0,0
1687,15.056038,3,30.450001,246.411,12.348203,.71110636,2,1,57,0,0
1688,16.741594,3,9.5,160.37158,8.4135094,-.22568536,2,1,29,0,0
1689,7.0070267,2,5.1836348,13.314474,4.6271772,.88981467,3,0,22,2.3798053,0
1690,3.28125,2,3.5224702,14.603998,8.4041557,.69837177,2,0,23,3.3378944,0
1691,5.46875,3,2.8445225,37.216545,8.0053711,.2899859,4,0,23,0,0
1692,2.0862167,3,10.815,78.232193,8.1612883,.79763752,3,0,31,0,0
1693,3.125,3,10.648213,75.827286,11.304831,.43168977,2,0,44,2.3266833,0
1694,4.21875,3,19.399511,467.63702,17.057758,.42700237,3,1,44,0,0
1695,69.8125,2,8.1319771,0,9.0811996,-2.1911042,4,1,31,2.6822565,0
1696,76.064148,2,9.082057,0,11.109134,-3.0833988,4,0,31,2.0084302,0
1697,2.1875,2,8.4796915,54.371357,7.1512403,.66503668,1,0,36,0,0
1698,1.875,2,12.473352,66.353584,7.7256079,.72627664,2,0,39,0,0
1699,4.53125,3,11.264424,72.120247,14.188964,1.4148459,3,0,43,1.0715988,0
1700,1.1177887,3,16.622843,195.8486,12.535471,.90629715,2,0,42,1.5967551,0
1701,11.71875,3,8.7772522,39.65044,6.8464508,1.012305,3,0,34,1.4432477,0
1702,37.136471,3,8.3999996,195.28024,9.5803938,-1.3499196,5,0,26,0,0
1703,37.5,3,12.947632,207.3994,14.73058,-1.1059719,4,0,46,0,0
1704,1.875,3,20.056377,583.61743,25.117138,.4527767,5,0,59,0,0
1705,7.9415779,3,31.5,151.88177,11.696226,.9698506,4,1,48,0,0
1706,9.375,3,12.951998,187.18253,11.40144,-.56516314,4,0,53,0,0
1708,13.851953,3,12.39,66.343781,12.768978,-.099577948,3,0,47,0,0
1709,11.21875,2,15.120382,31.439543,9.126524,-.39756712,3,1,52,0,0
1710,12.380917,2,23,37.476761,10.4151,-.38684157,3,1,52,0,0
1711,5.9375,3,6.78894,114.24123,8.3575001,-.075491019,2,1,23,0,0
1712,3.251838,3,12.6,317.01007,13.634257,1.1005335,3,0,31,0,0
1713,3.125,2,9.3289204,73.683182,9.5034552,.91542912,2,0,34,0,0
1714,1.875,2,9.1858292,39.126041,7.4903345,1.1526979,3,0,36,0,0
1715,7.5,3,13.121548,218.99702,11.450999,.22540551,4,0,38,0,0
1716,7.5,3,13.609107,245.34831,13.03082,.41513517,4,0,38,0,0
1717,3.625,2,11.261531,17.317129,10.938933,-.7712267,4,1,54,0,0
1718,1.875,2,3.9542012,17.910723,8.417222,.87189358,4,1,23,3.4910719,0
1719,9.21875,2,13.574902,64.840179,12.442423,.56704587,2,1,57,0,0
1720,1.0943724,3,15.6,249.41985,11.537138,.76164079,2,0,38,0,0
1721,.9375,1,10.880962,16.091557,11.258203,.44903412,1,1,43,2.5329678,0
1722,5.7620039,3,7.5861607,22.712925,21.267477,.35805136,3,0,23,1.1803685,0
1723,5.9375,3,15.619396,156.28613,12.186991,1.3568796,4,1,42,.92093641,0
1724,66.462494,3,3.5699999,23.286612,6.1724863,.15123966,5,0,38,0,0
1725,53.90625,3,6.8588486,201.83922,6.0669808,.32387093,2,0,23,0,0
1726,3.28125,3,14.787682,28.131063,9.160533,.76508373,5,1,52,0,0
1727,6.5625,3,14.58999,41.001221,9.3606186,.807666,5,1,51,0,0
1728,3.75,1,3.7141106,7.9417496,11.270916,.69854748,2,0,23,2.5425372,0
1729,2.65625,1,3.64467,9.7296448,5.5976787,.75964689,1,0,21,4.0465922,0
1730,2.0065892,2,10.032087,61.403099,8.7487841,.94571823,2,0,58,4.1453414,0
1732,13.5625,3,11.240173,43.815144,13.15057,-.17978586,3,0,46,1.2393163,0
1733,9.6875,3,19.356565,652.90015,17.175179,1.0633057,1,0,34,0,0
1734,9.375,3,11.97452,157.96898,15.88219,1.0154812,4,0,37,0,0
1735,10.625,3,11.713352,142.85651,10.25119,.90897018,4,0,38,0,0
1736,1.640625,3,5.0137591,89.664055,8.4126787,.25087184,2,0,23,0,0
1737,21.09375,3,16.950577,388.03537,27.841293,.46687183,2,0,43,.49235556,0
1738,8.5466843,2,4.5999999,9.0408268,6.2002096,-.90085983,1,1,22,0,0
1739,20.3125,3,5.8843546,134.77315,12.312881,-.014505047,2,0,23,4.5601997,0
1740,3.0245249,3,6.9000001,259.87866,13.465099,1.1139398,5,1,43,0,0
1741,3.1516197,3,7,269.8176,12.594598,.86873502,5,1,44,0,0
1742,2.34375,3,15.048183,264.8985,16.023008,.79174089,4,1,43,0,0
1743,8.75,3,13.051663,146.4483,6.2937269,.42107061,4,0,47,1.8330752,0
1744,1.875,2,11.809154,14.207945,10.166556,.36093265,3,0,39,0,0
1745,12.224863,3,3.9046648,68.591133,10.023689,-1.2070986,4,0,31,1.6431743,0
1746,.9375,2,2.8402843,17.038057,14.780785,.13219312,1,0,23,0,0
1747,70.3125,3,5.7809525,38.593437,6.2858343,.30406812,5,1,22,0,0
1748,70.3125,3,6.0708113,48.004509,5.8172455,.53353518,5,1,21,0,0
1750,14.0625,3,30.60173,926.93677,31.155828,-1.386632,4,1,42,.94056851,0
1751,48.424664,3,12,127.333,11.722783,-.89439017,3,1,52,0,0
1752,39.84375,3,14.438609,84.39669,4.6271772,-1.0100573,2,1,49,0,0
1753,39.84375,3,15.316582,110.88798,13.903945,-1.3639508,3,1,49,0,0
1754,3.1777334,3,23.5,171.28951,8.2581635,.30534768,3,0,57,0,0
1755,49.84375,3,14.452044,316.49988,14.426931,.87376076,4,0,43,0,0
1756,29.296875,3,16.950741,335.25571,14.680421,.72633296,3,1,44,0,0
1757,10.625,3,12.06769,101.54921,11.189204,.069620363,4,0,39,0,0
1759,3.1168303,3,8,48.523678,8.6697617,-1.2690192,1,0,34,0,0
1760,5.9518676,2,12.495,18.93918,7.129149,.40844315,4,0,31,0,0
1762,1.875,3,13.529698,87.612236,12.891286,.19860964,4,1,49,0,0
1763,38.939915,3,23.44532,47.833687,12.329123,-.027583618,3,1,41,2.6451411,0
1764,21.09375,3,17.885956,168.65912,6.832592,.41259894,4,1,32,0,0
1765,11.71875,3,3.1122663,51.444588,8.1289816,.78692013,4,0,23,.080264777,0
1766,14.0625,2,12.374321,90.678558,13.407745,-.8698678,3,0,46,1.6640784,0
1767,13.5625,2,11.861277,82.689133,25.277987,-.6919058,2,0,46,.95971572,0
1768,4.6875,2,14.454461,83.044182,10.422707,-1.1095581,5,0,42,.81353879,0
1769,5.625,3,13.914846,131.60777,12.16212,-1.3786763,4,0,42,0,0
1770,4.7079144,3,9.0531979,27.600424,19.23431,-1.545673,1,0,33,1.2367355,0
1771,4.6875,3,12.640355,22.732315,10.787426,-1.2443079,1,0,33,2.2926431,0
1772,6.5625,3,11.703686,82.126404,13.574055,1.270978,3,0,43,0,0
1773,25.435558,3,18.9,108.77386,8.1101818,1.4882684,4,0,39,0,0
1774,9.8515759,3,10.7,78.868408,10.122638,-.41394213,3,0,53,0,0
1775,8.875,3,4.852314,56.348976,8.945179,-1.8043441,1,0,26,2.6809974,0
1777,22.34375,3,6.0245523,113.18941,8.1644449,-.20680587,3,0,22,0,0
1778,1.875,3,12.032381,28.610514,11.038832,.19947857,2,0,41,0,0
1779,3.125,3,9.0718946,33.248123,5.6125536,.68740529,1,0,59,0,0
1780,1.875,3,10.626305,26.429857,9.4165869,.60863215,1,0,57,0,0
1781,1.875,3,10.737196,28.645023,11.433545,.61535066,1,0,56,0,0
1782,3.75,3,11.118989,88.55925,11.037963,.28176096,1,0,46,0,0
1783,12.0625,3,13.495335,113.92539,12.933587,-1.6877227,4,1,56,0,0
1784,2.7761817,3,3.748605,196.18958,6.1272573,.641976,4,1,48,2.2103627,0
1785,2.488775,2,7,43.658642,5.2459831,-.8366822,4,0,27,0,0
1786,10.546875,3,11.719065,71.783241,8.8848372,.50258851,4,1,38,0,0
1787,5.8487625,3,7.3499999,80.280876,8.2757139,.39514655,4,0,37,0,0
1788,14.0625,3,9.3091354,240.31746,19.649418,.3139495,2,1,22,0,0
1789,15.000825,3,7,210.98984,9.5071354,.34015757,2,1,23,0,0
1790,1.40625,3,8.1514196,152.03838,8.9757252,.37044093,2,1,24,0,0
1791,2.2980785,3,6.3000002,155.94878,6.531816,.62437892,3,1,24,0,0
1792,18.75,3,9.6451893,57.290092,14.575791,.84420699,4,0,43,1.2588043,0
1793,2.75,3,13.220195,136.32216,13.579699,-.46530733,3,0,46,0,0
1794,27.625,3,13.279709,126.87686,9.054409,-3.4803882,4,1,57,2.1009655,0
1795,28.125,3,14.410044,192.66333,15.353925,-3.3961077,4,1,57,1.5631452,0
1796,8.6430779,3,19.145731,69.343193,10.441228,.38801956,2,0,52,1.4806097,0
1798,11.71875,3,10.835175,321.07837,10.610601,.53032702,4,1,26,0,0
1799,12.96875,3,9.4193659,272.95587,10.595561,.51821297,4,1,24,0,0
1801,2.34375,2,12.610586,40.491703,9.261734,.61656153,4,0,52,0,0
1802,4.21875,3,4.9537988,102.44256,6.8204103,.48238873,1,0,21,0,0
1803,21.687355,3,4.1999998,110.30341,5.9575925,.567532,1,0,21,0,0
1804,4.65625,2,9.2284555,8.1662579,8.2660007,-.41365126,2,1,36,2.2022908,0
1805,9.7949457,3,8.3999996,45.917824,8.1570539,.37100697,3,1,44,0,0
1807,11.71875,3,4.2404962,39.320908,8.2885027,.28707969,3,0,23,0,0
1808,11.71875,3,3.4172387,45.579853,7.0181599,.71804905,4,0,22,0,0
1810,7.4932814,3,12.2,47.672852,8.514185,.057346996,2,1,38,0,0
1811,12.96875,3,12.940204,157.97992,10.931684,-.79216057,3,1,31,1.6736842,0
1813,7.309206,3,6.152029,35.53381,8.3185883,1.2378787,3,1,29,2.5622702,0
1814,1.875,2,13.103087,39.362476,8.6209488,-.49787489,2,1,57,0,0
1815,9.21875,3,14.253313,82.774658,9.0534115,-.02361756,3,1,39,2.6602082,0
1816,48.875755,2,13.31614,18.997501,12.17114,-.75985134,3,1,52,1.7399408,0
1817,5,3,11.955997,141.01859,9.0019131,.34867096,2,1,36,2.4814608,0
1818,8.875,3,13.358705,40.681652,10.954133,-.50297785,5,0,42,.73073959,0
1819,8.5713367,3,10.205062,34.397148,8.9076071,.35741106,1,0,27,3.4959388,0
1820,9.629241,3,8.789691,70.70858,12.681443,-3.1266994,1,0,24,1.1915991,0
1821,15.3125,3,8.2706022,138.36983,9.4172611,.70297587,3,1,27,.72993833,0
1822,28.125,3,13.199396,135.28551,11.746967,.89388931,2,0,57,.74059778,0
1823,21.71875,3,14.286837,98.364937,13.339264,.43803763,3,1,56,.57744163,0
1825,5.5933294,3,21,229.14217,11.021677,.48684207,5,1,51,0,0
1826,1.5783951,3,4.8544397,55.676857,10.37501,.14815427,2,1,46,2.5789032,0
1827,22.700176,3,5.1706791,127.23512,13.827008,.97939116,4,0,44,.68140888,0
1828,7.0565944,3,4.6344953,110.5163,13.721647,1.0962802,4,0,46,1.1934607,0
1829,30.46875,3,30.256708,910.07129,28.971066,.67472023,3,1,51,.65306646,0
1830,.46875,3,6.717205,139.98592,8.8902531,1.4140579,4,1,22,.20105939,0
1831,40.1875,2,10.446344,0,17.777292,.54290539,3,1,43,2.2905118,0
1832,41.6875,2,7.7436271,0,18.853971,.64253712,4,0,43,1.8343618,0
1833,4.4398513,3,15,207.97725,9.6105719,-.13679689,3,1,47,0,0
1834,2.34375,3,3.7996175,76.397255,8.2814302,.77339083,4,0,23,0,0
1835,4.3651371,3,9.4499998,102.46566,6.3302002,.46508503,4,0,27,0,0
1836,7.4572797,3,9.7650003,75.864731,15.070743,.52059257,4,0,27,0,0
1837,2.4320991,3,5,29.451492,11.452869,-.56088167,3,1,41,0,0
1838,16.081919,3,3.1710408,147.96561,10.673718,.33082756,1,0,24,2.3121152,0
1839,10.625,3,6.9800029,188.81248,10.136207,.35742053,1,0,24,2.7811587,0
1840,7.5,3,10.360501,107.88979,7.067296,-.081701294,3,1,28,0,0
1841,2.6875,3,15.324773,123.96342,11.173939,-.13220927,4,1,42,0,0
1842,8.875,4,12.999088,23.26152,22.338097,-3.4803882,4,1,46,.42257166,0
1843,4.53125,3,16.796383,48.83939,10.583409,.37959212,3,1,32,0,0
1844,2.875,2,6.5997624,67.848495,6.4205751,-.1991739,2,1,21,3.4551802,0
1845,13.476801,3,19,132.87816,22.05596,-.47788811,3,0,32,0,0
1846,1.6627975,2,6.2187471,0,11.038577,.11175643,3,1,51,3.5507252,0
1847,4.0625,3,14.749159,185.57074,12.869656,.45175624,3,0,39,0,0
1848,2.0808821,3,10.29,233.95476,5.4918752,.57772779,2,0,39,0,0
1849,11.71875,3,5.7637434,80.375885,6.9753323,.81962651,3,0,21,0,0
1850,15.355486,3,48.886871,180.59496,18.083565,-1.1427792,3,1,33,.66817039,0
1851,13.442945,1,3.936733,12.639199,9.6841545,-3.4803882,2,1,44,1.5178473,0
1852,5.15625,3,9.2841043,24.675289,13.202878,.84130698,4,0,43,1.1842768,0
1853,3.6673248,3,9,101.27123,7.4938931,-.262014,4,0,21,0,0
1855,3.0117481,3,14.678886,22.234018,10.316966,.24907522,1,1,52,3.1803923,0
1856,19.514881,3,6.5,139.15199,8.5233784,-.78364116,1,1,53,0,0
1857,24.295786,3,5,150.06903,7.9535322,-1.0418746,1,1,53,0,0
1858,18.93866,3,5,107.00662,9.5483093,-1.0283924,1,1,53,0,0
1859,2.7200103,1,2.477417,2.2014709,4.6271772,.66774309,1,1,22,5.0795898,0
1861,7.03125,3,13.140573,354.76682,13.625447,.79576355,4,0,61,0,0
1862,3.125,1,12.302182,17.477652,9.1735601,-2.3472531,3,1,38,3.3309216,0
1863,1.875,3,11.563895,48.116554,18.074232,-.025732974,3,0,46,.94355255,0
1864,5.6119528,3,55.188156,37.144253,10.646709,-.42856175,1,1,33,2.4511082,0
1865,2.0132244,1,9.9266729,16.181044,10.243404,.86996323,3,0,56,1.0476618,0
1867,9.375,3,16.183741,177.45038,12.840252,.72385615,3,0,52,0,0
1868,4.6875,3,10.227962,327.96185,10.553197,.39261395,3,0,22,0,0
1869,24.6875,3,4.9515257,147.82449,19.261848,.38185638,4,0,23,.42635468,0
1870,7.5840144,3,9.85392,89.307892,13.314782,.48916194,1,0,47,1.4132512,0
1871,15.3125,3,7.0453835,189.23653,10.97627,-1.4568853,4,1,23,1.5938448,0
1872,25.78125,3,6.805532,174.50061,7.2597265,-1.085728,4,1,23,2.5945606,0
1873,1.875,3,10.846489,37.768478,12.130208,.72437435,4,1,43,0,0
1874,6.6681643,3,2.52,65.572487,9.9678774,.62109101,4,0,41,0,0
1875,7.34375,3,6.6279178,93.451263,13.452888,.60528672,5,0,63,.81422907,0
1876,41.6875,3,14.12875,253.32869,14.238319,-3.4803882,3,0,59,0,0
1877,41.6875,3,14.965926,371.88919,15.433991,-2.1658828,4,0,59,0,0
1879,5.125,2,6.6729364,51.094784,6.4094648,-1.2249604,3,1,21,2.468435,0
1880,4.9810748,2,4.3219624,28.426546,6.017837,-1.8957324,3,1,21,2.8759513,0
1881,5.5905309,3,11.55,50.428547,6.2054434,.39642194,4,1,52,0,0
1882,2.8125,3,13.045562,120.8178,9.6445885,.61112064,4,1,53,0,0
1883,5.2074289,2,8.3999996,8.9907808,7.7217588,.4834753,5,0,37,0,0
1885,35.345173,3,26.25,213.30093,15.66119,.45303443,3,1,43,0,0
1886,2.875,3,15.878471,147.98631,11.544255,-.74974352,2,1,41,0,0
1887,8.9225435,3,7.8399925,199.79716,15.31566,.76562679,5,0,59,.87679917,0
1888,27.65625,3,12.334395,358.71875,12.617085,-2.2992361,3,1,27,0,0
1889,27.65625,3,9.6241512,285.57144,11.263486,-2.4064138,4,1,27,0,0
1890,27.65625,3,13.302675,484.4299,16.177294,-2.7129099,4,1,27,0,0
1891,4.21875,1,8.3664436,0,8.5820513,-.34546086,3,0,34,2.6342528,0
1892,6.5625,3,12.62136,31.448069,12.845726,.41200802,3,0,41,1.8294138,0
1893,2.1442997,3,3.346945,133.89771,10.75059,-1.9736073,5,0,56,3.5253911,0
1894,6.5625,3,11.912321,64.923874,11.760425,-.38825077,4,1,54,0,0
1895,6.4503379,3,22,50.044975,16.138826,-.43511689,4,1,53,0,0
1896,6.875,3,15.144645,11.972636,10.819596,-3.1472807,4,1,52,1.5171703,0
1897,8.875,3,15.104451,8.0662365,11.080671,-3.3096614,4,1,52,1.0567404,0
1898,7.375,3,15.13114,8.4988213,10.939956,-3.3907003,4,1,52,.90338153,0
1899,12.96875,3,12.060804,124.53017,15.195469,.52938318,1,0,38,0,0
1900,6.7749271,3,21.4,111.293,9.6444883,.8711732,3,1,38,0,0
1901,18.814514,3,7,193.00885,15.773171,-2.0111039,3,1,22,0,0
1903,18.561268,3,36.090134,287.33716,13.108174,.62764531,5,1,58,.98269534,0
1904,3.5477285,3,11.655,51.400013,11.91699,.054760177,1,0,41,0,0
1905,8.3348331,3,9.4499998,66.926506,11.662681,.052631203,2,0,41,0,0
1906,3.28125,3,13.553196,59.642136,10.51986,.035870921,2,0,42,0,0
1907,11.669469,3,9,123.65558,12.047076,1.2645282,4,1,37,0,0
1909,3.8803358,2,15,32.725975,10.058956,.98828167,1,0,46,0,0
1910,22.04007,3,7.665,39.296535,9.7976151,.55127436,4,0,26,0,0
1911,2.9386663,3,7.0813274,180.22865,8.224411,1.0969152,4,1,42,4.1884851,0
1912,15,3,16.814159,163.70448,12.146952,.33763191,3,1,51,0,0
1913,1.40625,3,14.723504,160.19244,12.089757,.6430558,1,1,39,5.4704924,0
1914,28.125,3,17.121943,323.802,31.155828,.94369638,5,0,39,0,0
1915,17.65625,3,21.197659,446.02097,16.313028,1.0715518,5,0,52,0,0
1916,7.03125,3,23.468609,559.30621,20.131742,.78379959,5,1,47,0,0
1917,20.000696,3,7.3499999,263.64392,29.25679,.61672932,5,1,47,0,0
1918,4.6875,3,10.031292,20.165564,10.151564,.72687376,3,0,44,0,0
1919,4.6875,2,9.0515041,12.129278,12.183538,.71589178,4,0,43,0,0
1921,4.2006087,3,8.3999996,21.275274,8.0320263,.60147268,3,0,23,0,0
1922,3.75,3,6.4628243,57.8633,11.035615,1.4882684,5,1,60,0,0
1923,3.75,3,6.0742888,36.874905,27.032286,1.0240759,5,1,60,0,0
1924,1.0866388,2,12.298544,9.6057005,10.2694,.93602854,3,0,37,.029464163,0
1925,9.71875,3,13.614601,1.3228397,13.015869,-2.7167842,4,0,33,2.9232223,0
1926,16.768724,3,26.9126,0,9.1495132,-3.4803882,4,0,33,3.0980313,0
1927,3.59375,3,6.9231896,121.1692,11.5759,.21415196,2,0,63,1.3741734,0
1928,2.34375,3,5.967833,65.086914,9.16115,.23795524,3,0,26,2.4807529,0
1930,4.6875,3,10.985198,53.74728,9.5527039,.57096982,1,1,44,0,0
1931,36.504143,3,14.7,127.0367,8.6987648,.91599721,1,0,39,0,0
1932,11.71875,3,3.9521897,30.30344,12.545633,1.3780432,1,0,27,0,0
1933,17.240337,3,6,27.336929,10.53262,-3.3118725,5,0,42,0,0
1934,1.5079715,3,6.7199998,63.584187,6.1570377,.49607515,5,0,57,0,0
1935,7.0554662,3,9,100.94057,20.044069,.46246046,5,0,23,0,0
1936,20.070139,3,5.9000001,256.17331,10.714192,.026888626,5,0,24,0,0
1937,29.375,3,13.717256,27.308544,11.231532,.61723721,3,1,41,0,0
1939,10.60795,3,25,568.65515,17.168434,1.1309921,4,0,58,0,0
1940,5.15625,3,13.498486,34.966583,11.677748,.77662528,5,1,49,0,0
1941,1.875,3,14.912964,356.32651,10.725104,.9613319,1,1,34,1.6796618,0
1942,7.03125,2,9.9401426,29.846907,7.799356,.51695269,4,0,38,0,0
1943,27.03125,3,4.96873,63.81015,8.3946323,.76514202,2,0,24,0,0
1944,11.25,3,10.70378,68.324402,28.311037,.40449727,1,0,46,1.1113307,0
1945,17.671705,3,9.2570705,64.865158,13.153244,.80849659,1,0,47,1.5138646,0
1946,5.15625,3,12.370673,86.649971,12.508108,.35482121,1,0,47,0,0
1947,5.15625,3,12.356823,98.142105,13.658947,.42005745,2,1,44,1.5347946,0
1948,.98549813,2,7.0722704,56.067917,10.304656,.49089894,2,1,39,5.1813679,0
1949,.46875,2,13.3849,49.555992,9.9033165,.40072334,2,1,39,4.8883152,0
1951,2.7654152,3,3.9341321,129.38298,12.64836,.85035378,4,0,36,4.8036246,0
1952,9.375,3,13.194766,55.580185,10.985737,.31605557,2,1,57,2.6720126,0
1954,2.336735,3,4.5,142.85524,6.6259212,-1.0982269,3,1,21,0,0
1955,2.3587029,3,5,246.67896,13.56341,.051365513,4,0,46,0,0
1956,1.8125,3,16.474241,322.19183,7.8986101,.038884781,5,0,46,0,0
1957,14.0625,3,33.477066,926.93677,29.895868,.93619812,3,1,51,0,0
1958,10.78125,3,10.996297,28.710691,13.251075,.3829841,4,0,41,1.9350555,0
1960,1.84375,3,5.4779487,39.347691,8.2051344,.19085674,2,1,23,3.4786026,0
1961,5.703125,3,15.393827,85.362244,10.736693,1.1355908,1,0,32,0,0
1962,8.90625,3,15.951952,115.54251,13.355651,.76021737,1,0,32,0,0
1963,.9375,3,15.107014,156.67271,12.72448,.21772461,3,0,41,0,0
1964,11.934637,3,6.6999998,172.85318,6.850688,.65822035,4,0,22,0,0
1965,15.3125,3,14.055334,113.27479,19.536947,.62207288,3,1,37,0,0
1966,3.9144013,2,6.8249998,66.859802,6.4573841,.26113829,1,0,28,0,0
1967,8.1977348,2,9.4499998,48.856148,14.882259,.21437046,1,0,32,0,0
1968,11.71875,3,13.131104,64.272766,15.815522,.86687386,3,1,46,1.1088548,0
1969,9.21875,3,11.567439,57.375706,11.313909,.28214946,1,0,39,2.3030043,0
1970,6.939054,3,11.917549,79.076996,8.8754005,.21790995,1,0,42,2.1230886,0
1972,21.09375,4,14.653604,181.82721,14.165324,1.0399091,4,0,46,0,0
1973,.89302981,3,4.89043,168.241,8.3049326,.11668388,3,1,23,4.0546184,0
1974,.9375,3,7.0534167,196.28392,6.0100598,.10279553,2,0,23,7.0675888,0
1975,13.063059,3,7.1373019,154.11345,15.572176,.92478085,4,1,49,1.2959226,0
1976,9.8482933,3,6.4327149,131.51346,8.0662355,.74479419,4,1,48,3.341604,0
1977,70.3125,3,12.219392,198.48331,13.71526,.73626345,3,0,31,0,0
1978,70.3125,3,8.0103884,252.21991,10.45317,.045334417,4,0,26,0,0
1979,5.5126181,3,18,200.13733,17.58987,-.14683191,4,0,51,0,0
1980,8.90625,3,14.904224,110.80872,11.595417,.27835068,4,1,42,2.0012822,0
1981,3.125,3,14.440674,156.45836,12.273869,.44626927,3,0,39,0,0
1982,3.75,3,10.795214,71.019371,11.595061,1.4882684,1,0,46,0,0
1983,2.75,3,6.2802444,110.27285,12.988416,.40057215,4,1,21,0,0
1984,.9375,3,6.9407048,145.97807,7.0301266,.29910228,4,1,21,0,0
1985,1.875,3,5.2231536,79.996284,8.6194191,.58660191,3,0,23,0,0
1986,4.1875,3,16.22307,304.06024,5.9024563,-.49910444,4,0,49,1.8402332,0
1987,9.375,3,13.08933,222.80269,10.821296,-1.8192042,2,1,34,0,0
1988,11.896125,3,19.6,200.84557,12.82908,-1.4581151,1,1,33,0,0
1990,1.75,3,5.6033359,30.552889,6.7241287,.32675058,2,1,21,3.4718482,0
1991,3.613626,2,6.8597383,15.692412,5.959774,.29239467,2,1,21,4.0169058,0
1992,9.7372007,3,4.3000002,262.10916,16.133472,.1393633,4,1,22,0,0
1993,2.9509573,3,6,248.60614,8.2471933,-1.8446739,5,1,28,0,0
1994,8.90625,2,9.3468571,51.812641,9.4628191,.11023167,4,0,44,0,0
1995,7.46875,2,12.083755,55.025848,12.565282,-.46726793,3,1,44,0,0
1996,.9375,3,4.8146982,35.313374,6.9779892,1.2811565,3,0,22,0,0
1997,3.2005746,3,4.916585,27.499889,18.019903,-.22743362,5,0,60,.83991039,0
1998,2.8125,3,3.4858584,26.42078,8.980794,-.27037841,4,0,60,1.9381138,0
1999,6.9687939,2,9.296236,9.9942245,11.973577,-.49169433,4,0,41,1.1681179,0
2000,2.3481123,2,3.78,80.294647,13.18435,1.2002846,5,0,23,0,0
2002,9.375,3,15.713093,81.550034,10.016066,.82943046,5,1,42,0,0
2003,1.875,2,11.731925,54.363972,10.199401,-.23412481,3,0,37,0,0
2005,3.1323836,2,10.333775,44.341988,8.5514383,.35084423,3,1,58,2.1915202,0
2006,16.078255,2,7.9480004,24.23204,8.9261684,.66786826,3,1,21,1.4367446,0
2007,11.71875,3,13.77388,109.49638,25.768841,.55281401,3,1,46,.35646868,0
2008,7.96875,3,5.5315666,64.005295,7.4806976,1.3728031,3,0,21,2.1520865,0
2009,4.0625,3,13.339232,41.885803,10.8771,1.2144852,4,1,51,1.9926032,0
2011,9.8450117,1,20.638729,4.0562773,6.8786011,.30575308,3,1,29,2.08602,0
2012,25.78125,3,11.426317,374.91998,13.03985,-2.8481133,1,1,24,.81367284,0
2013,3.75,2,10.304559,50.530468,21.06978,1.0247378,4,0,37,0,0
2014,1.40625,3,15.222642,107.84155,10.703013,1.0370392,4,1,33,.13334654,0
2015,1.40625,3,18.094305,106.90272,11.222877,1.1062086,3,1,32,.13953306,0
2016,25.78125,1,8.3404112,0,16.181185,.62723649,4,0,44,2.0091014,0
2017,8.75,3,4.4202046,28.428431,6.561758,-.20132907,4,1,22,0,0
2018,7.5,3,4.5761991,30.60676,6.0477982,-.11165134,4,1,21,0,0
2019,8.4375,3,19.369822,426.43311,14.551363,.78416181,4,0,42,0,0
2020,8.7154245,1,15.704385,11.393635,7.6435528,-1.0966083,1,1,38,1.8818489,0
2021,9.453125,2,8.2334957,11.648787,8.7269402,.19205856,4,1,34,1.4793975,0
2022,5.15625,3,14.574543,167.42509,7.7477522,.69468731,1,0,51,0,0
2023,1.9850368,2,5,55.539524,7.2931595,.67588735,2,0,23,0,0
2024,12.65625,3,14.104562,230.63979,14.713582,.64091766,4,0,39,1.261634,0
2026,6.09375,2,13.088578,21.229271,9.2867947,-.3227247,5,1,39,1.4478298,0
2027,6.5631938,2,3.971899,26.225637,6.4579563,-.47536457,5,1,39,.78354812,0
2029,3.6601028,3,20.588123,60.893982,13.111259,.53953922,3,0,41,1.7616948,0
2030,8.0415468,3,4.1999998,64.422592,7.7315116,.28610808,4,0,59,0,0
2031,3.125,3,6.295773,158.5905,8.3102398,.46693143,4,0,27,3.8492794,0
2032,3.4667718,3,4.2447557,147.71542,10.312269,.48285079,4,0,28,3.388237,0
2033,7.062716,3,9,63.610237,6.9224896,.29962391,4,1,33,0,0
2034,6.2965922,3,4.6765347,291.38425,9.0011969,.2398134,4,1,37,2.8082914,0
2035,20,3,17.982018,296.60385,16.113747,.26333588,4,1,42,1.3263842,0
2036,2.75,2,6.3066483,49.860653,5.5673599,-.26238146,5,1,22,0,0
2037,2.75,3,6.3834076,117.3949,11.521985,-.44125915,4,1,22,0,0
2038,2.5122612,2,4.5999999,68.66243,5.7569561,-.36836505,5,1,22,0,0
2039,5.6828456,2,4.9529238,42.821892,12.064788,-1.3649935,5,0,24,.62431484,0
2040,10.905117,3,4.5,85.428642,5.6768298,1.0514256,3,1,23,0,0
2041,32.375511,3,10.709164,198.1911,13.182055,-.074112333,5,1,33,.87603241,0
2042,2.8125,3,12.364861,37.071426,12.12249,.57865578,4,1,49,0,0
2043,5.3052001,3,16.799999,47.540146,29.204313,.54239619,4,1,49,0,0
2044,60.3125,3,4.9100313,21.226938,7.216011,.67524093,5,0,26,0,0
2045,61.5625,2,4.3291802,18.242346,7.6947937,.56587261,5,0,24,0,0
2046,78.657509,3,5.355,30.908035,6.2098889,.45565337,5,0,24,0,0
2047,4.9054613,3,34.650002,30.775564,8.5081959,.25475055,4,0,34,0,0
2048,23.4375,3,11.233882,26.212971,9.8566723,.94103742,3,1,44,0,0
2050,3.28125,2,10.070384,36.54306,7.0252399,.58771497,2,1,36,0,0
2051,17.375,3,10.332543,101.40409,10.094777,.33961055,1,0,59,0,0
2052,8.4000454,3,27.9,121.16434,31.155828,.94464338,5,1,52,0,0
2053,24.375,2,6.0677047,18.822262,7.6578736,-.24454565,3,1,21,3.0225422,0
2054,11.751122,3,19.6,125.13967,14.004272,-.29148662,3,1,37,0,0
2055,16.961847,3,14,178.40097,10.124728,-.3995308,4,1,37,0,0
2056,1.875,2,10.803756,18.901182,9.9873161,-.44423205,5,0,37,0,0
2057,32.8125,3,13.217932,56.803524,9.2864504,-.40635166,3,1,53,0,0
2058,5.625,3,6.5272603,35.840588,5.8059063,-.078828081,2,1,26,0,0
2059,2.7686591,3,4.1999998,288.06879,14.803353,.68481773,3,0,41,0,0
2060,29.396351,3,30.450001,173.66895,10.389686,.40546447,4,0,57,0,0
2062,5.15625,3,6.0329084,118.77615,8.6495476,.58843744,5,0,22,2.1159661,0
2063,7.46875,3,10.436636,200.56615,9.7005148,-.21370775,3,0,28,0,0
2064,1.875,2,4.1889496,3.7946773,12.829513,.88230735,3,0,60,1.9591719,0
2065,2.3997338,2,3.5,62.172977,9.4093561,-.74543232,5,0,52,0,0
2066,2.75,2,14.394221,73.57399,9.6334772,-1.1150122,5,0,52,0,0
2067,4.864315,2,7.1991806,0,18.592445,.46448326,2,1,46,1.4116161,0
2068,18.75,3,4.2838969,115.02527,8.9319677,.28323624,4,0,23,0,0
2069,20,3,4.7229948,67.360641,7.8895245,.61851972,4,1,23,0,0
2070,7.612782,3,20.676943,111.3362,6.9400358,.71208626,4,0,36,.06305097,0
2071,35.848274,3,20.988518,156.80911,11.329029,.47711828,3,0,33,.041355643,0
2072,1.8921331,3,14.392487,75.067123,14.057122,.12110475,5,0,57,2.3250704,0
2073,11.71875,3,5.5406084,135.73761,20.776217,-.73539943,1,0,22,1.17941,0
2074,1.40625,3,16.614328,128.12955,12.214383,.84801477,3,1,33,1.9675313,0
2075,1.40625,3,17.154003,177.54257,11.990629,1.1093717,2,1,33,1.942871,0
2076,1.40625,3,16.912825,143.17146,7.9979749,.96921408,3,1,33,2.3179178,0
2077,2.34375,2,11.360142,27.263765,13.537917,-.77872229,4,0,48,5.6203771,0
2078,3.75,3,15.003654,127.02999,11.317883,.78679866,5,0,42,0,0
2079,6.235661,3,23.930187,502.63693,15.922361,1.2222425,4,0,52,.5513733,0
2080,26.09375,3,15.102522,481.03024,13.80342,.41418016,3,1,26,.51732457,0
2081,19.296875,3,14.954117,575.76489,15.888741,.25267982,4,1,24,.59875154,0
2082,11.71875,3,13.077064,68.970261,19.965271,.42117572,5,0,47,0,0
2083,2.34375,3,17.402107,378.67303,18.482107,.89535511,3,0,46,.75747168,0
2084,22.688915,3,4.5,109.22196,6.1963859,-.31129295,5,0,36,0,0
2085,2.34375,3,14.551246,243.9166,9.2747297,.21878846,2,0,38,.015022734,0
2086,2.0947993,3,5.0480433,39.992588,10.807094,.35619518,5,0,33,1.6544433,0
2087,2.8703854,1,5,15.342649,9.4107552,.94603252,4,1,22,0,0
2089,49.818237,3,5.5833626,39.951584,14.338781,.20812991,5,1,41,1.6750625,0
2090,49.21875,3,13.729794,81.358978,12.540774,.20287234,5,1,39,1.3437861,0
2092,11.703246,3,8.9986467,100.26708,12.776753,.61896169,2,0,56,1.9468348,0
2093,15.151486,3,11.602725,421.36151,30.252161,.092313647,3,1,56,.85669911,0
2094,5.2059007,4,11.831835,317.43484,19.078215,.77439874,3,1,33,3.1546893,0
2095,3.28125,4,16.191193,292.74591,14.22599,.49977791,2,1,34,4.6544471,0
2096,1.875,3,12.614602,64.155113,11.259161,.73499727,4,1,39,2.4780157,0
2098,17.358398,3,20.721903,7.7503719,11.773212,-3.4803882,4,0,39,.99596572,0
2099,5.9375,3,13.431855,135.2494,21.843681,.37957618,4,1,62,0,0
2100,8.4375,3,13.290011,141.50366,11.845949,.50202209,3,0,46,2.1683919,0
2101,8.8125,3,9.4497547,242.41075,9.0650902,-2.5080056,5,1,23,0,0
2102,2.7758462,3,3.4000001,183.97124,7.5986476,-2.0148888,5,0,23,0,0
2103,3.9719653,2,8.3380232,23.329628,5.6356287,.64906025,1,0,41,1.876689,0
2104,2.4548514,1,6.4941225,19.68758,8.2018595,.63334429,1,0,38,3.5276196,0
2105,2.65625,2,10.129304,21.510832,9.4891405,.49166855,1,0,37,1.6910605,0
2107,2.1875,3,9.7686615,30.973726,12.376874,-.47399932,1,0,43,0,0
2108,6.875,3,10.943567,23.093468,11.777763,-.47611067,1,1,43,0,0
2109,5.9375,3,14.920197,137.63889,17.199848,.59022164,1,1,41,1.1982316,0
2110,4.6875,3,13.489317,117.34081,10.546352,-.1852451,4,1,57,0,0
2111,1.9422656,3,9.4499998,119.49536,10.110671,.43164459,4,0,46,0,0
2112,91.891403,3,62.299999,787.92853,31.155828,-.57649928,4,0,39,0,0
2113,17.564369,3,5.0979404,104.18078,10.505975,.067157328,4,0,36,1.6892868,0
2114,10.262402,3,4.8402915,120.91286,14.512959,.14142735,4,0,38,1.9661142,0
2115,4.6837311,3,6,382.54459,9.2716751,-1.7857791,2,0,23,0,0
2116,4.3566542,3,6.8000002,360.35822,11.565997,-1.1806225,3,0,23,0,0
2117,123.14289,3,29.351055,926.93677,31.155828,.13294502,3,0,42,.77828449,0
2118,5.625,3,11.203196,110.08495,29.697727,-2.6147728,1,0,43,.76551527,0
2119,11.837779,3,19.950001,162.74504,13.070438,.54470527,4,1,41,0,0
2120,6.893681,3,28.98,147.12476,9.575079,.3682563,4,1,39,0,0
2121,22.397013,3,14,92.13588,6.9949665,.34204447,3,0,38,0,0
2122,22.5,1,9.8860083,11.441814,20.186634,-.057532057,4,0,62,.8916567,0
2123,4.3929739,3,7.2027864,687.61182,16.713846,.46256036,2,0,27,1.5677696,0
2124,6.2937264,3,6.0999999,67.656296,19.8965,.34775159,5,1,33,0,0
2125,3.75,1,8.9419899,9.7427101,8.898984,.99787843,1,0,44,1.6361432,0
2126,20.500332,2,12.634893,97.295906,12.119294,-.040663473,3,0,47,.34905702,0
2128,2.1393766,3,9.6999998,47.598877,11.112529,.87778717,2,1,47,0,0
2129,8.5218496,3,13,58.676861,10.469394,.1269583,4,0,47,0,0
2131,3.15625,2,4.677403,54.903366,7.1777902,-.74360329,4,0,26,0,0
2132,5.4629569,3,3.1798179,75.625839,19.424582,-3.4803882,1,0,43,.51094562,0
2133,32.3125,3,15.066165,504.55072,6.1934218,-.1956456,3,1,27,3.1846867,0
2134,.8125,3,15.615721,175.92308,15.486028,-3.4803882,5,1,56,3.1751621,0
2135,1.8125,2,14.338539,99.414169,13.169146,-3.4502594,5,1,56,2.0977783,0
2136,2.3125,3,14.444153,106.51419,13.31173,-1.7444085,5,1,56,2.2132428,0
2137,4.53125,3,5.0092459,99.251221,7.2109041,.63794655,1,0,22,0,0
2138,5.6521449,3,12.893596,41.624863,13.543112,-.25407788,2,0,43,.063837312,0
2139,2.5916719,3,11,131.41734,21.866911,.77329433,2,0,41,0,0
2140,9.71875,3,12.88934,64.017387,12.216267,-3.033221,5,0,41,0,0
2141,6.875,2,4.2161803,19.255264,8.0421801,-3.4803882,5,0,22,1.8406849,0
2142,1.875,3,16.439123,100.93028,11.597483,-.048634879,3,0,32,0,0
2143,1.875,3,16.45262,101.65961,11.884502,-.040100656,3,0,32,0,0
2144,4.6875,3,12.012883,41.48431,11.911653,.36079663,3,0,39,2.2514803,0
2145,6.0794024,3,6,309.42032,22.556259,.67231756,4,1,37,0,0
2146,9.609375,3,11.259168,104.83132,12.619295,.52114952,4,1,44,2.046483,0
2147,15.085558,3,5.7864165,83.982475,14.848993,.81363136,3,0,27,1.8241587,0
2148,16.875,3,6.6555085,120.0184,15.203013,.81704497,4,1,27,1.3926843,0
2149,2.9962368,3,10.221889,102.1713,8.8139429,.75445479,4,1,28,2.9424922,0
2150,16.875,3,6.3071003,100.97701,9.8525419,.42302987,4,1,27,1.9186471,0
2151,5,2,11.09249,10.787998,8.2118073,.61242181,4,1,54,2.632134,0
2152,6.5625,2,12.863817,25.352463,9.0439777,.87059337,2,0,51,0,0
2153,3.3253808,3,8.3999996,158.25914,4.9199662,.27616617,4,1,28,0,0
2154,30.46875,4,22.219866,459.63052,19.146679,-3.3781321,5,0,41,.34608805,0
2155,22.34375,3,14.669497,315.81033,17.484175,1.1759921,4,0,43,0,0
2156,4.6875,3,11.855964,160.73921,14.786093,-1.1387279,4,0,43,.91253853,0
2157,31.225639,3,21,183.80206,21.668118,1.0099221,4,0,49,0,0
2158,22.376171,3,2.6191499,49.056458,9.7033157,-.62806505,4,0,29,2.2768638,0
2159,6.1131639,3,7,59.334694,15.000269,.67875433,5,1,44,0,0
2161,17.832602,3,10,348.70944,18.192497,-.71483135,3,1,49,0,0
2162,13.5625,3,21.984558,469.14685,19.729595,-.85997212,3,1,47,0,0
2163,.9375,2,4.8237991,33.090279,8.8940964,-.57439393,4,1,22,0,0
2164,18.75,3,4.4945817,74.053169,8.4210405,-.4420568,2,0,23,0,0
2165,17.93832,3,3,105.41336,6.7064438,-.60993898,3,1,23,0,0
2166,9.375,3,17.456455,145.43573,10.837896,.64223897,4,1,32,0,0
2167,20,3,14.881399,157.93645,12.081172,.35318655,3,1,37,0,0
2168,16.40625,3,12.71483,200.54092,10.947345,-.086018153,2,1,36,1.7533103,0
2169,3.3872442,3,20.82085,111.23129,6.1653123,.74628043,2,0,38,1.8427076,0
2170,4.5764894,3,12.9,60.912739,9.7958956,.71887463,2,1,44,0,0
2171,2.8125,3,11.851506,37.457554,9.8462734,1.0779809,2,0,39,0,0
2172,2.8125,3,12.406284,46.47646,7.6997147,.77833915,3,0,39,0,0
2173,2.8125,3,12.665853,29.423386,11.573847,.81355733,3,0,41,0,0
2174,8.4375,3,5.2379327,30.218678,6.2811866,.76001984,4,1,21,1.6575949,1
2175,10.625,3,15.52636,203.05614,9.7617826,-.96048683,1,1,58,0,0
2176,12.015165,3,5.6700001,211.54604,11.393385,-.8916167,1,1,59,0,0
2177,2.7134023,3,4.1999998,21.431517,10.806096,.76482433,4,1,27,0,0
2178,4.8116555,3,9.3450003,90.92366,14.677063,-.018045314,3,1,36,0,0
2179,4.53125,3,12.745173,115.8256,11.199125,-.016366301,4,1,37,0,0
2180,3.28125,3,10.019282,90.904091,8.4407539,-.02243573,4,1,36,0,0
2181,7.469821,3,8.3999996,121.44571,23.7882,-.17156592,3,0,41,0,0
2182,53.90625,3,10.532071,59.04546,8.811902,.94440955,1,0,38,0,0
2183,53.90625,3,10.909144,80.422844,10.795618,1.0773493,1,0,37,0,0
2184,53.90625,3,10.267275,45.727547,13.61237,.98282766,1,0,37,0,0
2185,3.25,3,9.4317608,40.277054,9.1084213,.20762236,1,0,59,0,0
2186,35.15625,3,20.986528,541.57855,24.690403,.53221166,5,0,48,1.2454412,0
2187,70.3125,3,26.384727,828.66327,25.806303,.33213511,5,0,48,.83721083,0
2188,16.40625,3,13.172498,219.51253,14.617694,.55749387,4,0,46,0,0
2189,.96924537,2,4.5,54.824589,4.6271772,-.89769459,2,1,21,0,0
2190,.9375,2,7.1154165,77.363632,6.8547854,-.77404171,3,1,21,0,0
2191,5,2,10.09584,71.805489,9.0580378,.11593796,1,0,59,1.593872,0
2192,13.646315,2,5.2360229,51.254936,11.512792,.15067962,1,0,59,1.1469524,0
2193,1.875,3,18.370548,304.32556,8.9248457,-.25942072,2,1,41,1.7554538,0
2194,1.9997325,3,20.907759,439.18616,17.70714,-.47637534,2,1,41,.88996744,0
2195,11.25,3,20.001226,303.73914,15.497589,-2.2749267,4,1,32,.74127603,0
2196,11.600695,3,24.124758,362.09088,9.7209015,-2.3945746,3,1,32,1.0192444,0
2197,3.0055811,3,3.0667191,77.894455,14.143305,.33328384,4,1,49,1.9390756,0
2198,1.875,3,13.398489,23.418903,10.155069,.18373679,4,1,33,1.1096432,0
2199,3.125,2,13.296877,18.244797,8.5545044,.16949685,4,1,33,1.3169591,0
2200,42.1875,3,10.56771,88.853058,10.326406,-.39130291,2,1,34,1.9637796,0
2201,8.28125,3,15.843059,231.3129,10.459952,1.3466344,5,1,38,0,0
2202,7.96875,3,11.28843,71.826752,8.1530704,1.4239333,4,0,39,0,0
2203,24.21875,2,5.2997565,18.587429,9.3693724,.64379668,5,0,26,2.447783,0
2204,22.96875,3,12.914301,27.913784,11.298386,.24568136,5,0,51,1.2363791,0
2205,22.96694,3,7.0154724,43.454517,23.13423,.47248462,5,0,47,.93976963,0
2206,5.2178478,3,9.8999996,45.414703,10.526466,.67939138,3,0,44,0,0
2207,3.75,3,14.878345,367.61868,14.742074,1.4882684,4,1,36,2.9918237,0
2208,4.9289737,3,29.897142,389.44409,10.376007,.51776904,4,1,36,3.6159449,0
2209,8.875,2,9.4579716,6.8001714,13.624897,-2.1988719,4,1,44,3.9471853,0
2210,4.21875,3,10.268688,42.598167,11.426398,.13362759,1,0,46,0,0
2211,7.9772072,3,11.55,42.747696,6.9952922,.12896325,1,0,46,0,0
2212,.9375,2,4.9369698,39.184288,5.6934667,.35087213,4,1,22,0,0
2214,16.40625,3,3.8704371,85.743988,19.836176,.578269,4,0,23,.7775712,0
2215,1.875,3,4.4396958,27.503695,7.1393924,.29592612,3,0,22,0,0
2216,1.875,2,4.205266,14.833092,7.0143976,.21656424,3,0,22,0,0
2217,1.0942049,2,7.9246068,6.384263,7.0575099,-.52872711,5,0,36,1.4811375,0
2218,6.09375,3,11.764513,26.476244,12.392481,.58844298,3,1,43,0,0
2219,9.6875,3,13.27559,25.6096,9.7754135,.55103993,4,1,42,0,0
2221,14.0625,3,18.939724,511.71884,17.430677,.31039488,5,0,44,0,0
2222,14.0625,3,18.625853,466.31366,20.060274,.6258738,5,0,43,0,0
2223,2.5199153,3,14,104.23695,6.6323032,-.86020428,1,1,56,0,0
2224,5.3027377,3,11.3,137.52112,12.249284,1.0318583,1,1,46,0,0
2225,.98885661,3,6,136.10474,8.2858677,.086851023,3,1,31,0,0
2226,1.875,3,15.429894,177.67845,16.840723,.29981247,1,0,52,0,0
2227,2.0367897,3,9,85.285133,11.787307,.74562663,1,1,56,0,0
2228,2.2179282,3,6.4171929,104.79033,9.1893387,.900801,1,0,33,2.3744543,0
2229,6.2191095,3,6,71.300133,28.854265,.74586892,4,1,43,0,0
2230,11.500469,3,5.6999998,43.220154,10.1668,-.61170596,5,0,44,0,0
2231,4.0625,3,11.659155,48.593136,8.2963886,.42932436,1,1,38,0,0
2232,23.4375,3,14.094749,249.81331,9.9801388,.30232674,5,0,44,0,0
2233,9.0230646,3,14.7,241.26387,14.284836,.43726489,4,1,46,0,0
2234,.9375,2,5.425921,68.246834,6.7237215,.37147844,1,1,23,0,0
2235,2.1875,2,5.1911502,55.555454,7.8556242,.38557303,1,1,23,0,0
2236,11.71875,3,11.55653,46.93158,12.062126,.94647944,4,0,48,1.6081609,0
2237,25.350319,3,6.0132823,23.087585,14.006522,.843907,5,0,47,1.4625236,0
2239,2.8125,3,4.8349981,24.629633,8.130167,1.0355368,3,0,27,0,0
2240,25.15625,3,14.362604,469.94733,14.63529,-.12549858,3,1,24,.66065109,0
2241,10.546875,3,15.725362,213.54245,11.831789,.12085919,5,1,37,0,0
2242,29.975557,3,9.3450003,151.91983,12.211953,.93418056,4,0,37,0,0
2243,9.2829247,3,21,153.02911,8.8849897,.64517391,4,1,44,0,0
2244,27.54402,3,22.68,134.72621,7.4239144,.46870634,4,1,41,0,0
2245,70.3125,3,7.2084928,128.34494,8.7791939,1.2679282,3,1,23,0,0
2246,2.2583504,3,7.1399999,76.907799,5.6207433,.56738967,1,0,23,0,0
2247,4.9721112,4,6,145.98328,13.714876,.19138221,2,0,24,0,0
2248,4.65625,4,14.209604,161.72656,12.073347,.12602308,2,0,44,0,0
2249,2.8125,3,7.8457699,23.578039,8.4960184,.025755093,1,0,36,2.8918188,0
2250,2.5198188,2,8.8669043,36.599651,8.1816578,-1.6243718,3,0,51,3.7021661,0
2251,9.84375,2,12.489669,62.109604,11.2446,-1.0101676,4,0,51,1.6953095,0
2252,3.1614161,3,4.5806746,26.223738,14.295203,.40567389,5,0,59,1.5235218,0
2253,2.3602428,3,5,66.749847,7.7432156,-.60601258,1,1,38,0,0
2254,8.5337381,2,23.940001,78.144196,11.120765,.054725036,4,1,47,0,0
2255,4.1875,3,11.318643,71.788246,9.9067774,-.050628517,1,1,44,0,0
2256,4.4483571,3,12.8,89.215187,7.3568001,-.059176784,2,0,44,0,0
2257,3.75,3,15.614433,129.68062,11.838254,1.0220095,4,0,32,0,0
2258,3.75,3,12.606063,48.263645,12.808195,.1994693,3,1,46,2.0243599,0
2259,5.46875,3,6.4446692,146.02304,12.564041,.7790271,3,0,23,0,0
2260,2.1656783,3,3.885,156.02866,7.4979043,.85582042,4,0,21,0,0
2261,1.8125,3,8.2568865,123.74718,8.2987804,-1.9402083,1,0,28,0,0
2262,18.620665,4,14.201071,24.701488,12.382006,-1.7474083,4,1,52,1.0577656,0
2263,35.15625,3,20.041224,378.92178,15.232344,-.14668901,4,1,42,0,0
2264,7,3,12.097798,76.715134,12.919292,-2.0915751,4,1,54,.82085377,0
2265,13.195324,3,11.504688,85.093834,14.426721,.15732273,3,1,27,2.2256606,0
2266,12.984877,3,27.93,147.099,11.119224,.50627625,4,0,59,0,0
2267,10.625,3,12.649156,103.89242,13.517343,.035971325,1,0,49,0,0
2268,9.375,3,14.209394,116.84228,7.6488824,.030301308,1,1,49,0,0
2269,10.625,3,12.749565,90.218796,11.736835,.03135391,1,1,54,0,0
2270,14.959491,3,7.9000001,108.15974,8.6016493,-.18288973,4,1,22,0,0
2271,14.0625,3,12.890484,136.12192,24.146347,-.19399317,4,1,37,0,0
2272,21.09375,3,6.1556287,92.447289,8.237958,-.24673516,2,1,23,0,0
2273,7.1681576,2,9.8294601,5.6403265,12.276372,.73852736,4,1,38,1.1827335,0
2274,1.0972178,3,4.688767,71.755882,8.1918478,.35705698,4,0,53,3.5282068,0
2275,.9375,3,12.289472,81.948212,9.8429317,.40762496,4,1,53,1.8387464,0
2276,.9375,3,12.146083,73.866928,9.6445265,.41728932,4,1,53,1.6680011,0
2277,5.0460734,2,11.319991,19.136429,29.339304,.72976321,5,0,56,.54315954,0
2278,26.160238,2,8.9743032,0,9.5449705,.77755189,2,0,34,2.8705885,0
2279,.9375,3,14.007266,80.829338,12.041591,.69934118,3,1,39,3.4019768,0
2280,56.978752,3,10.7,596.14709,13.03031,.18738844,5,1,39,0,0
2281,1.40625,2,14.556716,55.538822,10.714907,-.021971567,3,1,41,0,0
2282,16.40625,3,16.227568,299.89301,14.2013,.58470434,5,1,44,.6986472,0
2283,2.6579902,3,6,48.564812,7.3039703,.4073087,1,0,22,0,0
2284,23.4375,3,11.703613,63.20607,11.958869,.66249341,4,0,41,0,0
2285,.46875,3,8.7863455,153.67397,10.165518,.090739705,3,1,27,3.3357272,0
2287,7.46875,2,13.884631,61.555069,9.2528858,-.4230755,4,1,51,0,0
2288,6.5625,2,3.3002961,0,8.9530106,.57730186,1,0,24,4.7117896,0
2289,4.4123154,2,4.1063609,.6669755,6.9475636,.84838456,1,1,24,4.1744719,0
2290,39.34375,3,13.340014,156.28696,13.355402,-3.1961646,5,1,44,.86439574,0
2291,8.0635786,2,23,22.754698,7.0732064,.93874019,3,1,37,0,0
2292,6.09375,3,14.854985,144.86633,31.155828,.6106478,2,1,57,1.2983056,0
2293,4.0625,3,10.736539,90.084503,9.7419806,-.33345497,4,0,38,0,0
2294,1.9564358,1,12.365767,0,8.0741558,.17428933,2,0,58,5.9759274,0
2295,2.65625,3,15.353262,248.88606,7.8000464,.93117756,2,0,56,1.9176143,0
2296,40.28125,3,14.849676,106.42964,14.490572,-.23612468,5,1,47,1.1147574,0
2297,1.84375,3,3.3502448,24.417421,11.719605,.086494453,4,0,60,0,0
2298,1.40625,3,13.78513,84.228722,6.705811,-1.150717,4,0,33,2.588309,1
2299,2.3125,3,14.988954,162.49594,9.8264828,.44867197,5,1,53,0,0
2300,.89468294,2,4.4706426,14.991373,7.1177511,-.14445484,1,1,23,1.9902387,0
2301,8.9375,2,4.3711576,14.225418,6.8822308,-.1131397,1,1,23,1.1317378,0
2302,13.150865,3,15.604868,43.717545,15.002237,.78606182,2,1,41,4.34553,0
2303,15.474618,3,9,78.631004,13.401798,1.3766615,5,1,24,0,0
2304,14.0625,3,6.0635214,94.5849,13.606498,.56175947,2,0,26,0,0
2305,7.2044425,3,15.75,209.88596,11.568245,.52717322,1,1,57,0,0
2306,13.030546,2,3.9484334,0,12.688607,.8000831,4,1,42,1.946782,0
2307,3.0765929,2,12.691875,7.9581261,8.7990227,.16904041,2,1,46,3.5316603,0
2308,2.34375,2,10.619798,18.368532,11.803148,.15179452,2,0,46,2.730691,0
2309,28.4231,3,16.248125,171.84763,14.681905,.52437419,4,0,57,1.2090071,0
2310,5.625,3,11.689756,61.052101,17.940821,.77814287,4,1,53,.49790844,0
2311,9.21875,2,5.8061929,74.77636,13.032928,.3899456,3,0,60,1.5318805,0
2312,14.0625,4,11.286312,339.96155,12.390421,.8279891,4,0,24,0,0
2313,10.392732,3,13.65,63.839958,16.397966,.74681884,1,0,46,0,0
2314,4.6875,3,13.767844,78.339478,11.668807,.68855965,1,1,47,0,0
2315,37.5,3,12.41007,169.81371,14.074807,-.41778529,4,1,44,1.335521,0
2316,1.8125,3,6.4625669,35.029949,6.5280733,-.22110008,3,1,24,5.740562,0
2317,3.28125,3,12.71695,56.924686,11.239674,.75290674,4,0,42,1.3189744,0
2318,4.09127,3,4.8354945,36.749115,10.463343,.69208056,4,0,41,1.2509756,1
2319,26.655897,3,13.696133,459.50851,31.155828,.19120796,3,1,46,.47791404,0
2320,5.7520008,3,8.569973,98.687401,12.217809,-.14188838,4,0,42,1.1192775,0
2321,35.5,3,12.542576,115.93248,13.595643,-1.0704778,4,0,47,0,0
2322,37,3,16.317665,175.25491,5.772604,-1.1622018,3,1,47,0,0
2323,37,3,14.1326,130.48689,13.275004,-.86257482,4,1,47,0,0
2324,1.84375,2,13.975231,34.273335,11.587081,-.3545132,3,1,49,.3837873,0
2325,1.84375,2,14.811297,79.327072,19.058685,-.32371861,3,1,49,.1703411,0
2326,12.402203,3,15.524157,393.78238,21.899715,.88711435,2,0,44,3.0926917,0
2327,3.0695188,3,15.872763,121.52679,16.196871,.79223222,1,1,54,.86653221,0
2328,5.625,3,10.866531,82.383858,9.9060812,1.4882684,4,0,46,0,0
2329,2.8125,3,12.768011,115.62901,13.073842,1.0079652,4,0,47,0,0
2330,2.8125,3,11.003807,89.829346,12.207804,1.0716026,4,0,46,0,0
2331,1.8125,3,14.956385,170.56856,13.399273,.1284925,5,0,47,0,0
2332,11.71875,3,5.4373751,124.44028,8.9399061,.72486567,2,0,23,.31207812,0
2333,1.7785078,2,12.856177,16.957653,10.310659,.60023618,3,1,41,1.5539314,0
2334,26.042671,2,7.4596825,62.955074,7.3937764,.88300216,4,0,39,1.8767319,0
2335,1.875,2,10.356814,54.853943,10.867491,1.4882684,4,0,37,2.6655014,0
2336,.9375,3,8.9704266,100.25697,9.2495794,1.085269,4,0,36,3.8215215,0
2337,2.051585,3,7,47.673653,19.675545,1.0621569,2,0,23,0,0
2338,1.40625,2,5.8124495,17.030293,7.7131419,1.4705896,3,1,24,0,0
2339,11.469105,3,18,247.05153,18.33305,-.63101536,4,0,41,0,0
2340,11.21875,3,20.027828,449.84305,24.612007,-.65219432,5,0,41,0,0
2341,2.890625,2,3.7592108,9.9877892,7.4444919,-.39499226,4,0,26,0,0
2342,7.5391803,2,9.7650003,10.754583,11.7925,-.39278167,4,0,24,0,0
2343,5.4172893,3,6.3000002,125.29213,9.2555637,.039834302,3,1,27,0,0
2344,1.875,2,7.6564546,35.660717,7.6407552,.65440667,4,0,34,0,0
2345,4.0625,3,10.768217,46.183567,7.5285592,.8156684,5,1,31,0,0
2346,3.75,1,4.4911895,17.196016,7.9497285,1.1241772,1,1,23,.42092699,0
2347,12.96875,3,14.015217,133.96384,15.472079,.5212338,4,1,49,1.3422135,0
2348,1.84375,3,10.334723,33.730511,11.154891,.15651794,1,0,46,0,0
2349,16.40625,3,10.415292,126.20373,18.039337,.24571928,4,1,36,.96782839,0
2350,16.40625,3,13.061586,198.87366,11.458471,.28162575,3,1,36,1.5151927,0
2351,1.875,2,10.83533,90.041901,8.0830641,.85517031,1,1,31,4.0317159,0
2352,11.71875,2,4.1878314,1.8027844,10.691391,.085371234,3,0,21,1.6349796,0
2353,5.4185042,3,7.9378386,86.492798,11.425859,-.72101611,1,0,42,1.0045696,0
2354,5.625,3,14.361578,105.05714,11.583663,-.8993817,2,0,42,.73957407,0
2355,15.3125,3,14.434811,218.57953,8.6975231,.86616421,4,1,38,0,0
2356,8.90625,3,10.799039,62.069145,10.625248,-.29139179,1,0,37,0,0
2357,6.875,3,9.7844143,245.03313,10.028696,.19272409,4,0,29,0,0
2358,8.6688099,3,10.08,225.99226,11.404365,.21553819,5,0,29,0,0
2359,3.59375,3,13.365729,72.341843,11.093431,.85874629,1,0,42,1.8576131,0
2360,3.5695601,3,21.84,137.37567,14.585536,.29342419,3,0,31,0,0
2361,2.421875,3,11.766815,175.98047,7.5509181,.87377775,4,1,31,0,0
2362,1.40625,3,12.502503,35.785946,13.045314,.6843679,4,1,49,2.0336819,0
2363,1.9939729,3,6.8793941,21.369398,6.4231691,.699718,4,1,27,2.8690052,0
2364,17.296577,3,14.695408,140.17834,13.279236,-1.4721763,3,1,41,1.8199106,0
2365,14.518885,3,6,230.52802,11.078802,1.1950934,1,0,38,0,0
2366,14.0625,3,15.760732,342.68506,14.878625,1.1116416,1,0,37,0,0
2367,7.7952127,3,10.5,493.3494,29.481018,.58992851,5,0,62,0,0
2368,1.9695657,3,21.132233,142.29066,11.193187,-.52154553,3,1,38,2.0895762,0
2369,12.96875,3,14.033225,48.669861,11.890581,.70812333,1,1,33,3.7794547,0
2370,8.90625,3,6.2678409,102.1229,6.8868132,-1.0574926,1,1,21,0,0
2371,3.828125,3,4.1122236,67.264534,14.578014,.98308444,4,0,60,2.4352927,0
2372,7.5,3,12.524639,148.29152,14.906058,.62165159,4,0,56,1.0572013,0
2373,23.015785,3,31.5,184.56293,7.1989269,.54759985,2,0,38,0,0
2374,16.40625,3,14.191761,155.44084,12.405443,.39384764,3,0,39,0,0
2375,5,3,12.89631,40.720757,9.9797354,.26998875,1,0,52,0,0
2377,4.0625,3,12.738919,55.563225,10.607038,.20603244,4,0,42,0,0
2378,1.8125,3,8.0501766,276.83832,9.5370083,-1.5339198,4,0,21,.7685833,0
2380,14.080215,3,3.4000001,82.797508,10.815706,.38505602,1,0,37,0,0
2381,25.81913,3,4,106.72446,8.5772524,-.57031101,3,1,21,0,0
2382,18.25,3,5.9174862,45.995369,9.5192842,-.52915382,5,1,22,0,0
2383,4.53125,3,3.9808562,56.922798,9.3477182,.40706149,4,0,24,1.9443934,0
2384,14.0625,3,9.4809179,275.99677,12.163661,.76465225,4,1,24,1.6433591,0
2386,20.480349,3,9.6343775,926.93677,28.970572,.36528659,1,1,52,1.0808266,0
2387,3.28125,3,4.2440476,28.638702,7.262691,1.2192671,1,0,26,0,0
2388,2.34375,3,15.874076,77.44545,8.4032345,.81774068,3,1,33,3.2397532,0
2389,3.59375,3,12.768348,66.976776,9.3449373,1.053544,2,1,38,2.4814649,0
2390,1.875,3,14.541731,25.835625,9.4469328,.78984237,2,1,52,0,0
2392,2.2207575,3,12.705,121.55774,11.84407,.24002239,4,0,32,0,0
2393,2.9675047,3,8,239.04816,17.602379,.17275727,4,0,49,0,0
2394,4.6041732,3,18.799999,209.5844,31.155828,.16270922,4,0,47,0,0
2395,6.875,2,12.45511,54.728523,9.3848915,.28627819,3,0,57,0,0
2396,4.601644,2,4.5977912,1.4706287,9.0870018,1.1432512,2,1,28,2.8691754,0
2397,2.5748496,3,13.284013,697.11389,31.155828,.21547605,4,0,39,.95068061,0
2398,1.875,3,9.4177485,62.268806,9.8485899,1.3479176,3,0,34,2.4244161,0
2399,5.46875,3,13.554589,92.905136,11.750079,1.336025,4,0,33,1.3911309,0
2401,9.4152584,3,8.7876692,231.58029,11.427807,1.2113378,4,0,23,1.5647722,0
2402,8.90625,3,6.0010109,181.80632,9.1941509,1.4882684,4,0,22,1.4526724,0
2403,4.53125,3,4.4484129,59.086292,5.4068036,.90592223,2,0,23,0,0
2404,44.552547,3,9.9750004,40.760036,7.8436394,.56069273,1,1,34,0,0
2405,6.0911417,3,13.845589,129.64764,14.078325,.30686262,4,0,46,.73830932,0
2406,22.265625,3,14.761323,213.57678,20.444342,.2295962,4,1,53,0,0
2407,35.78125,3,14.779559,134.10628,12.962668,.30038017,3,1,54,0,0
2408,34.53125,3,12.485368,161.93781,10.868837,.2182181,4,0,53,0,0
2409,2.65625,2,11.148753,53.694836,8.6831341,.080552019,4,0,56,0,0
2410,4.6875,2,5.4698858,.47820473,7.8768091,.97662729,4,0,28,2.6211557,0
2411,16.63172,3,24,118.07561,13.926134,.26909149,3,1,48,0,0
2413,17.65625,3,22.531683,473.59351,16.240273,.34573594,2,1,42,0,0
2414,2.6388779,2,8.9250002,55.270557,17.131836,.8247273,3,1,43,0,0
2415,.9375,3,13.419031,274.79553,17.426815,1.2204661,4,1,36,.085435942,0
2416,11.835367,3,42.131046,49.56654,10.654505,-.65959835,1,1,39,1.6141818,0
2417,5.0143433,3,8,297.68262,15.429459,1.3844328,2,1,42,0,0
2418,7.96875,3,13.461226,30.278755,7.8161087,.73201764,3,0,52,0,0
2419,8.6920881,3,5.1302314,166.50374,10.106132,1.011066,4,1,27,1.7280365,0
2420,14.0625,3,18.251102,304.43671,14.853538,.9476943,1,1,51,1.4684306,0
2421,10.625,3,3.5660849,66.898727,4.9023876,1.2298939,4,0,23,3.6937642,0
2422,18.75,3,4.9992409,41.524895,8.4626265,.82358897,3,0,21,3.3062727,0
2423,12.5,3,15.08764,130.17252,11.509551,-.7205748,2,0,42,0,0
2424,1.40625,1,11.571022,19.77326,10.57744,.60698968,2,0,39,2.7763097,0
2425,2.65625,1,10.566164,13.336712,9.6300488,.76842761,2,0,37,2.2451847,0
2426,1.9375,3,4.6257348,33.277252,6.0344248,.17298849,4,1,21,0,0
2428,2.9783018,2,12.5,91.543045,8.0706367,.48086953,2,0,31,0,0
2429,5.9375,3,8.0602074,40.529652,7.5072474,-1.2798557,2,1,29,0,0
2430,2.0483985,3,4.3000002,44.21685,5.7348475,.75017577,3,1,23,0,0
2431,2.8125,3,5.7328482,40.713676,6.1498041,1.3994356,2,1,21,0,0
2432,1.7876663,3,5.2712612,96.049461,10.886796,-.0080822017,4,0,24,.66787225,0
2433,5.9375,3,12.366474,345.40906,13.673488,1.4882684,3,1,26,1.4056574,0
2434,7.03125,3,9.6225615,43.002914,12.720484,.56350243,4,0,43,0,0
2435,6.875,3,10.29233,339.59897,9.3465834,.11221869,4,1,21,0,0
2436,13.5625,3,13.534163,97.728661,13.996507,-.64586431,3,0,41,2.0624156,0
2437,4.357327,2,5.8849673,3.1580658,8.7531157,-1.3802305,3,1,36,2.3467216,1
2438,4.9851775,2,6.1584477,1.3054814,8.0207205,-.90309691,3,1,36,2.8125346,1
2440,5.6451659,3,5,68.940559,8.1919584,.48905608,4,1,24,0,0
2441,3.9276912,3,4,85.526588,8.0842848,-.31918979,4,0,21,0,0
2442,1.84375,3,6.917614,83.822952,7.1375346,-.26879135,3,1,21,0,0
2443,2.5848463,3,4,31.098101,7.16886,.15774609,1,1,23,0,0
2444,2.875,3,4.609283,28.83602,7.1478748,.1329236,1,1,23,0,0
2445,.96320099,3,4,32.886116,10.9227,.22153559,1,1,23,0,0
2446,4.921875,3,6.5476794,79.201401,8.0802631,1.4446694,1,1,26,2.7014599,0
2447,36.53125,3,23.665411,686.5672,22.492359,-2.1858265,5,0,39,.25990835,0
2449,15.3125,3,4.4809904,24.039406,7.6300316,.36546636,4,1,22,2.3213587,0
2450,46.94165,3,22.141993,926.93677,28.388758,-2.3677795,5,0,58,.29279241,0
2451,54.410248,3,23.39728,798.37732,31.155828,-3.4755607,5,0,58,.30679455,0
2452,3.3548603,3,17.639999,761.38031,23.473339,.02589545,2,0,41,0,0
2453,5.8680444,3,13.65,506.36191,15.788849,.030856516,1,0,37,0,0
2454,3.75,3,20.467817,503.25797,8.2196674,.022925952,2,0,39,0,0
2455,32.8125,3,12.769227,200.01166,11.605956,-2.125917,4,0,38,0,0
2456,9.8125,3,5.0635858,65.822685,7.6181359,.45896849,1,1,23,0,0
2458,11.71875,3,7.4949985,192.26382,9.5804701,.082937621,5,0,21,2.1963494,0
2459,45.977314,3,10.436319,61.124138,12.363832,-.50131476,3,0,58,2.0955873,0
2460,10.78125,3,16.703594,41.148563,9.2675247,.85552782,3,1,32,2.1211329,0
2461,2.34375,3,15.81064,249.51105,16.128115,.044124767,3,0,56,0,0
2462,2.1875,3,13.623233,440.11438,11.527517,.15000176,3,1,22,0,0
2463,6.5625,3,10.581785,232.50125,8.328907,1.1074431,2,0,29,3.4457026,0
2464,13.09375,2,13.090672,56.985035,10.870252,-.34171861,4,1,47,0,0
2465,3.1875,3,5.544981,116.51161,9.8022556,-2.8769741,5,0,23,1.3721602,0
2466,2.1875,3,4.8208809,76.560387,20.319761,-2.4967716,5,0,23,.81934613,0
2467,11.09375,3,6.6412921,33.442142,7.504806,.73788577,3,1,26,0,0
2468,22.8125,3,21.028948,598.37799,19.517607,1.1781929,4,0,39,0,0
2469,7.6407852,3,50,104.61424,16.876148,-1.5659385,1,1,32,0,0
2470,11.213028,3,5.1957288,100.90886,7.5191731,.7365315,4,1,22,2.6212428,0
2471,22.071461,3,24.811842,146.53305,10.301028,.2054375,1,0,37,.71466362,0
2473,22.34375,3,16.104084,262.01181,19.276455,-2.0347507,5,0,49,1.0028086,0
2474,18.75,3,13.577888,304.93491,16.917986,-1.4281148,4,0,44,1.2125001,0
2475,21.40625,3,3.6055424,37.092632,6.3726273,-.52848148,4,0,24,1.5187107,0
2476,4.21875,3,26.238523,830.14355,25.448128,-.14832857,5,0,57,.60914934,0
2477,9.6875,3,28.977188,926.93677,31.155828,-.10782453,3,0,59,.60381061,0
2478,2.8125,3,9.7061491,54.011158,8.2772036,.46253708,1,1,36,0,0
2479,1.84375,3,11.218155,54.6875,12.159757,-1.0737562,1,0,56,0,0
2480,8.4375,3,13.635423,191.40625,9.6073933,-.25126234,1,1,59,0,0
2481,2.1875,3,20.069815,533.79523,8.8636599,1.0256821,4,0,41,5.908246,0
2482,11.25,2,12.26298,32.363239,9.6337423,.3325935,3,0,58,2.4286861,0
2483,8.1618137,2,6.1506166,36.155056,9.8430662,.21405007,2,0,57,2.4834454,0
2484,21.09375,3,17.138779,255.39069,7.4907641,.2752758,5,1,39,2.0603135,0
2485,21.09375,3,16.7579,283.09558,15.319955,.20386055,5,1,37,1.1091585,0
2486,41.510971,3,19.200001,579.6875,10.173205,-2.771276,5,0,58,0,0
2487,40.048954,3,13,926.93677,24.430929,-3.4495554,4,0,60,0,0
2488,14.0625,3,10.205892,145.46875,7.9922261,.67235476,5,1,29,0,0
2489,1.875,3,15.678942,140.27344,11.291628,.73230761,5,0,33,0,0
2490,1.875,3,16.063278,161.05469,5.8114843,.53244287,5,0,33,0,0
2491,18.871555,3,6,76.5625,10.072433,-3.3286767,3,0,34,0,0
2492,67.387062,4,4.7200532,218.22475,12.69685,-.12715915,4,1,24,1.8593732,0
2493,61.5625,4,8.3185492,176.49911,6.1918044,-.15094,4,0,24,3.3624034,0
2494,62.65625,4,9.5788937,149.91954,12.319471,-.087579489,4,1,26,2.1260035,0
2495,11.71875,2,10.800421,16.398129,12.44409,.11497801,4,0,41,1.3422165,0
2496,11.71875,2,11.96474,16.938265,10.455859,.10514947,5,0,41,1.1436673,0
2497,12.96875,3,14.533296,73.649422,12.21088,-.7430079,5,1,41,.81305361,0
2498,4.09375,3,8.5489674,37.1875,7.1472878,-3.2640874,5,1,28,0,0
2499,11.806749,3,6,31.71875,5.026515,-3.4803882,4,1,28,0,0
2500,3.75,3,12.32891,32.8125,10.307114,.22307718,2,0,48,0,0
2501,5.9375,3,14.227841,142.1875,13.111242,.076845601,2,0,47,0,0
2502,16.40625,3,11.385636,80.787918,10.100937,-.60157251,4,1,43,.87911493,0
2503,16.40625,3,13.906286,145.72021,15.464808,-.72431648,3,1,43,.75757384,0
2504,12.1875,3,7.9363832,181.83594,9.3447952,.051612698,4,1,27,0,0
2505,13.4375,3,13.171727,464.84375,14.982735,.058207177,4,1,27,0,0
2506,7.265625,3,12.282,289.84375,9.8184977,.043195706,4,1,28,0,0
2507,14.295657,2,15.75,16.40625,7.4024382,.27542976,4,0,39,0,0
2508,8.3715134,3,11.865,38.28125,5.9443173,.18397415,5,0,39,0,0
2509,10.688346,3,17.85,32.8125,9.8800735,.23128109,5,0,44,0,0
2510,3.3671823,3,15.435,185.9375,8.2849607,-.10709052,1,1,51,0,0
2511,3.96875,3,11.004875,32.8125,6.8023844,-1.2214733,4,0,47,0,0
2512,11.71875,3,11.734805,82.867371,11.999043,-3.4803882,5,0,37,.49823165,0
2513,2.4295018,3,5,71.09375,8.3344498,-.53130502,1,1,24,0,0
2514,2.34375,3,13.364831,98.4375,5.9684358,.28085098,4,0,52,0,0
2515,3.59375,3,13.73866,109.375,14.235979,.36125562,3,0,49,0,0
2516,1.40625,3,10.071709,32.8125,8.1220236,.14082758,3,1,36,0,0
2517,13.156806,3,7.8809462,292.89285,10.694235,-1.5443224,4,0,22,.99529779,0
2518,11.71875,3,15.872644,114.84375,10.449877,.11453629,3,1,48,0,0
2519,13.064402,2,12.6,71.09375,6.4282475,.22041234,2,1,58,0,0
2520,1.875,1,11.237822,16.40625,6.3965168,.46601808,3,0,53,0,0
2521,13.380248,3,11,328.125,15.050307,-.55401748,4,0,39,0,0
2522,10.050603,3,18.584999,262.5,17.659956,.30422097,3,1,49,0,0
2523,12.255973,3,6.1566038,21.357134,6.1518297,.41244555,4,0,57,2.3653131,0
2524,37.5,3,8.5718098,100.01785,10.646809,-.72986645,4,1,28,2.5622921,0
2525,1.8262725,2,6,32.8125,5.2844315,-.31591296,2,1,21,0,0
2526,2.40625,3,8.7574158,49.21875,7.1443958,-.098737322,3,0,61,0,0
2527,14.065149,3,12.6,21.875,11.531961,.27643225,3,1,56,0,0
2528,3.7569897,3,12.18,32.8125,12.805523,.29399484,4,0,54,0,0
2529,1.875,3,4.762578,26.36252,5.6156201,-.36869317,3,0,24,4.6153827,0
2530,6.5625,2,15.098566,32.8125,8.6746693,-.56448954,5,1,33,0,0
2531,4.0625,2,14.330819,54.6875,9.2761641,-.44626111,4,1,33,0,0
2532,4.5625,2,15.098624,32.8125,4.8356013,-.4423362,5,1,33,0,0
2533,6.5625,2,15.300894,43.75,8.8145113,-.57579499,5,1,33,0,0
2534,2.34375,3,12.324203,59.151936,10.112442,-.26828331,2,0,58,2.4277966,0
2535,1.8125,3,8.4704771,54.6875,5.8683825,-.15232299,2,0,61,0,0
2536,1.9546553,3,6.4000001,60.15625,10.723828,-.16924535,3,0,61,0,0
2537,1.8125,3,8.7978725,51.40625,10.581122,-.12055529,3,0,61,0,0
2538,1.40625,3,9.0608749,65.625,7.2027168,-.18189956,3,0,61,0,0
2539,.46875,1,3.637275,17.920654,6.0338826,-.28261319,1,0,22,3.1056919,0
2540,.46875,1,4.1318393,12.42777,6.3868389,-.2098221,2,0,22,2.6542492,0
2541,3.4845271,2,7.3499999,76.5625,4.9366932,.36803487,1,0,23,0,0
2542,3.75,2,4.3372736,51.953125,5.424365,.3614006,1,0,21,0,0
2543,4.125,3,9.8214941,25.15625,8.600461,-1.116487,3,1,34,0,0
2544,32.860508,3,16.379999,366.40625,8.1761589,-.34325957,4,1,62,0,0
2545,32.855003,3,3.9076619,30.366106,14.717109,.1430573,1,0,41,3.3938777,0
2546,2.4403565,3,11.817101,63.975986,11.814421,-1.1349013,5,0,48,3.3062956,0
2547,4.2519593,3,7.9560022,44.289558,10.702117,-1.2412003,4,0,48,4.2436204,0
2548,21.5625,3,5.2301908,57.697815,7.9109282,-.42558646,4,1,21,2.5274909,0
2549,7.375,3,13.290766,153.125,10.8645,-.92861414,2,0,53,0,0
2551,3.75,3,9.1330786,58.460533,8.6227045,.8423382,3,1,28,3.4891286,0
2552,28.125,3,11.639918,136.71875,13.587295,-1.5233611,4,0,46,0,0
2553,5.03125,3,11.875715,65.625,6.6173992,-1.0874372,4,1,46,0,0
2554,7.5,2,5.7757177,43.75,6.5474501,-.44884777,5,1,23,0,0
2555,7,2,4.6033134,43.75,6.8421388,-.31564689,4,1,23,0,0
2556,18.75,3,6.201757,119.49219,5.2649603,-.35823441,5,0,24,0,0
2557,5.15625,3,11.674397,73.462013,12.818662,.28623945,2,0,54,1.8276865,0
2558,5.15625,3,11.551217,73.702995,10.542097,.49177569,2,0,53,2.1228142,0
2559,3.125,3,14.952484,175,6.9089065,.0062541482,3,0,49,0,0
2560,38.75,3,6.7151031,132.99324,9.8988628,-.76726228,4,1,22,2.2462983,0
2561,14.0625,3,12.781731,20.126175,10.462467,.057686262,2,0,42,1.063351,0
2562,2.8951294,3,7.1399999,49.21875,15.422256,.62984401,1,0,42,0,0
2563,2.65625,3,11.320535,114.84375,13.654094,.30532798,1,0,43,0,0
2564,29.130548,2,13.86,60.15625,11.023268,.34353405,3,1,41,0,0
2565,3.125,3,11.680907,26.25,6.1474185,.79957503,3,0,56,0,0
2566,7.03125,3,10.4866,76.5625,9.4898911,.094479017,4,0,38,0,0
2567,4.21875,2,5.5246072,83.172874,9.8726339,-1.1210828,3,0,23,4.1975594,0
2568,5.1169572,3,4.9853654,115.51651,5.3901958,-.76733083,4,0,23,5.7140865,0
2569,7.408092,3,5,38.28125,6.2001739,-1.4550884,4,1,21,0,0
2570,16.40625,3,17.175781,492.1875,17.838234,.094601974,4,0,44,0,0
2571,5.15625,3,4.6939096,53.482948,10.193219,.96209514,1,0,27,2.3352382,0
2572,1.875,3,4.7544699,38.28125,6.7976251,-.24330899,3,0,21,0,0
2573,25.78125,3,8.7460928,60.692924,11.533723,-.73577821,3,0,61,.60473782,0
2574,25.15625,3,7.3175159,138.75839,9.3609571,.089779817,2,0,63,3.5740509,0
2575,3.800648,3,10.842104,56.318878,13.552361,.085443892,1,0,61,6.0717502,0
2576,1.171875,2,10.902649,31.617689,9.8312025,.52329248,2,0,37,2.3960156,0
2577,17.65625,3,15.271243,207.05782,12.27127,.26243192,5,0,47,.97318381,0
2578,2.0609655,2,8.3254538,16.325571,6.278316,.57349062,5,1,22,1.3297502,0
2579,8.5891752,3,17.553892,73.6008,12.858608,-.2164339,3,1,47,1.2286484,0
2580,18.75,3,11.681085,338.20081,7.0917792,-.42249444,5,1,27,2.7104688,0
2581,10.625,3,12.117384,243.42477,13.157856,-.36144647,5,1,28,3.2422092,0
2582,2.875,2,8.3699808,21.875,7.673872,-.23471543,2,0,34,0,0
2583,6.875,3,14.113485,368.11703,6.7268863,-.10009588,1,1,28,3.0097616,0
2584,7.96875,3,11.178314,297.82315,10.799626,-.10655463,1,0,29,2.8353472,0
2585,22.246105,3,7,93.515625,7.5992565,.38594395,5,0,23,0,0
2586,3.7768064,3,9.6999998,93.515625,5.9416118,.19522126,1,1,52,0,0
2587,6.7006497,2,9.1827993,13.128834,12.515638,.26095641,2,1,43,2.488565,0
2588,34.65625,3,13.461398,43.75,10.680678,-2.7344105,5,0,42,0,0
2589,7.4625568,3,19.357351,323.2019,7.8844991,.021876853,4,1,52,2.8215256,0
2590,13.530656,3,16.912994,53.896538,10.840136,.043412291,4,1,39,1.0814462,0
2591,11.71875,3,12.405046,96.738655,10.646791,.044268295,3,0,38,1.1441624,0
2592,11.21875,3,14.426075,106.69441,19.335131,-3.4803882,5,0,42,1.1559041,0
2593,9.21875,3,13.35892,46.905178,12.709783,-3.4803882,5,0,42,1.7877699,0
2594,.46875,3,25.339155,699.18726,23.167032,.95521069,5,0,52,1.2426404,0
2595,7.34375,3,11.222971,99.060196,6.996624,-.29565141,3,0,44,2.5774612,0
2596,1.40625,1,4.2975063,0,6.3267016,.81261867,4,1,22,4.8046184,0
2599,51.5625,2,3.3914044,20.78125,5.4377165,.13767871,4,0,21,0,0
2600,15.220208,3,7.3499999,71.09375,8.0828943,-.068024054,2,1,37,0,0
2601,2.421875,3,12.858893,82.03125,5.0493731,-.062500283,2,1,37,0,0
2602,2.5900166,3,3.9000001,65.625,11.381223,-.14047727,3,0,37,0,0
2603,14.0625,3,22.259691,623.4375,23.98398,-1.0025359,1,0,49,0,0
2604,21.873922,3,12.9,65.625,5.4991446,-.68720853,4,1,27,0,0
2605,7.375,3,11.758298,82.03125,9.8714085,-3.4803882,5,0,38,0,0
2606,7.375,3,12.062185,98.4375,9.9592915,-3.1729782,5,0,38,0,0
2607,22.323875,3,9.4499998,32.8125,8.1848783,.61505848,2,0,34,0,0
2608,4.21875,3,8.8523846,38.28125,8.5781841,.55045646,3,0,36,0,0
2609,1.8125,3,5.8228912,65.625,8.6791458,-.11147665,3,0,27,0,0
2610,3.2647243,3,5.1999998,76.5625,4.9759812,-.1359113,3,0,27,0,0
2611,11.992693,3,6.8142614,30.366873,8.0173635,-.4684687,2,0,22,2.9328024,0
2612,4.6875,1,4.3726478,6.0475903,8.2530403,-.36935624,2,0,24,4.3250709,0
2613,29.375,3,18.427511,218.55371,6.7498865,.59487414,5,0,32,.034885403,0
2614,20.46875,3,14.56741,234.89368,13.208484,.53516495,5,0,37,.028513698,0
2615,13.019996,3,6.1598697,59.814163,7.4869866,.23147903,1,1,42,2.9095199,0
2616,18.66786,2,12.7,92.96875,6.9383526,-.69362068,4,1,47,0,0
2617,6.5625,2,6.7024374,47.03125,6.6197886,-.23945709,5,1,27,0,0
2618,4.21875,3,15.313172,164.0625,13.790852,.42928499,1,1,49,0,0
2619,2.875,2,11.863856,22.96875,6.7676678,-1.1240697,1,0,48,0,0
2620,1.875,2,13.865418,27.34375,9.0605392,-.92341214,2,1,48,0,0
2621,.92974555,3,11,114.29688,10.137701,-.11378118,2,1,39,0,0
2622,1.40625,3,4.8946157,28.883389,9.0624094,.11793673,3,0,21,2.9360497,0
2623,5.1722655,3,9,135.07813,9.5914297,.7526567,2,1,38,0,0
2624,4.21875,3,14.202227,60.850853,11.882115,.41862422,5,1,47,.68487173,0
2625,3.125,3,7.6667523,32.8125,5.6580153,1.1084374,1,1,28,0,0
2626,7.03125,3,8.2867441,164.0625,8.9361935,.61539561,4,0,29,0,0
2627,2.1875,3,4.1183147,44.84375,6.1432357,.41304538,1,0,21,0,0
2629,2.907275,3,5.25,54.6875,6.7903857,.31021875,1,0,22,0,0
2630,8.875,3,13.357101,27.34375,11.687778,-.0034636231,5,1,49,0,0
2631,8.5502386,3,5,32.8125,6.469707,-.001234069,4,1,49,0,0
2632,9.375,3,13.458268,32.8125,11.77553,-.002888927,5,1,49,0,0
2633,1.875,2,7.303225,35,6.6915827,-.35640672,2,0,28,0,0
2634,1.875,2,13.739443,11.055063,9.2592192,.38418129,3,1,51,6.5717225,0
2635,11.319317,3,6.1610522,65.366035,8.2918491,-.12313284,1,1,26,2.7615907,0
2636,6.7528601,2,16.535881,79.609726,9.5214624,-.79803282,4,1,52,2.2915838,0
2637,5.625,2,14.203955,61.326874,10.245008,-.55663711,4,1,52,1.8978833,0
2638,7.03125,3,7.3425035,267.96875,11.022139,-1.3026779,4,0,23,0,0
2639,7.9587855,3,9,503.125,14.080847,-.75398213,3,0,38,0,0
2640,8.1594105,3,17.504107,102.63765,9.311326,.8329345,4,0,46,2.6247604,0
2641,6.09375,2,13.282587,80.717308,14.074613,.47408268,4,1,47,3.1641507,0
2642,7.96875,3,8.8309593,174.64229,8.8855057,.31412834,4,0,28,.084938683,0
2643,7.62391,3,9.4499998,27.34375,5.7264242,-.08990927,1,0,43,0,0
2644,7.8844223,3,6.4050002,21.875,9.9929857,-.10816722,1,0,48,0,0
2645,6.53125,2,5.314115,41.423538,8.3557253,-.64830148,3,0,24,1.5749577,0
2647,27.15625,3,3.6966865,33.767353,8.9135036,-2.7718821,4,0,27,.59107876,0
2648,41.535118,3,4.3604865,38.127739,6.0024962,-2.7101433,5,0,27,.59481287,0
2649,27.65625,3,4.9773722,40.095272,16.707083,-1.4523333,5,0,27,.29290459,0
2650,7.375,3,16.086494,109.375,10.789954,-.53342491,2,1,52,0,0
2651,8.9375,2,11.886618,43.75,7.3728304,-.57876694,1,1,38,0,0
2652,.9375,2,12.486543,43.75,8.7176275,-.41939822,2,1,38,0,0
2653,9.375,3,9.1377287,196.875,10.462504,-2.0297241,3,1,24,0,0
2654,36.291073,3,10.73366,78.326164,11.020019,-1.1965761,4,0,58,2.1103528,0
2655,6.5625,3,7.3278184,111.6123,11.05591,-.058658659,2,1,21,2.5457263,0
2656,16.40625,3,19.769491,382.09097,18.622768,-.32339954,5,1,41,.92775637,0
2657,3.59375,3,13.083306,65.706253,12.938797,.64020646,4,1,47,1.6594769,0
2658,1.875,3,16.987581,150.55704,8.9713793,.64530569,5,1,33,2.6785016,0
2659,5.1908402,3,8.1367445,93.362282,10.72006,-1.033743,3,0,24,2.9315934,0
2660,1.40625,3,5.1922441,84.474968,9.083889,-1.2701076,5,0,23,1.8923705,0
2661,5.703125,3,13.46944,82.03125,5.5989919,.1583748,2,0,48,0,0
2662,2.3652542,3,4.8299999,54.6875,8.5200043,.29009172,1,0,34,0,1
2663,1.7970726,3,9.9357672,100.62788,11.008521,1.1235731,1,0,57,1.1540643,0
2664,3.4744718,3,22.622614,214.14336,27.347971,1.4882684,2,0,54,.44107798,0
2665,3.2323103,3,9.9109697,182.41321,14.070329,1.3077397,2,0,56,.9576686,0
2666,2.34375,3,13.139097,139.88722,13.195323,1.3249041,2,0,54,1.3129866,0
2667,3.5141766,3,15.894695,277.07153,17.092911,1.3876349,1,0,54,.67178702,0
2668,1.75,3,13.323773,65.625,11.438801,-.2257061,3,0,48,0,0
2669,8.4375,3,4.7233496,67.601593,9.6183167,-3.4803882,1,0,27,2.1650167,0
2670,10.256142,3,11.9,60.15625,5.1675978,-.077397957,2,0,59,0,0
2671,4.4992585,3,14,49.21875,9.7199869,-.061318271,1,0,57,0,0
2672,4.541564,3,8.8199997,92.96875,17.615673,.58021462,3,0,56,0,0
2673,2.7112582,3,9.4499998,76.5625,6.5050297,.69147581,3,0,56,0,0
2674,8.4375,3,13.14509,92.96875,13.048964,.57111382,3,0,56,0,0
2675,12.138827,2,4.8865099,75.952362,9.0589104,-1.7683368,3,0,22,2.0047534,0
2676,5.15625,3,3.8858335,93.515625,10.897791,-.051708225,4,0,23,0,0
2677,21.09375,4,15.840868,165.10455,14.254965,-.22836235,4,0,48,.96202278,0
2678,7.96875,1,6.7262349,17.583158,7.5038743,.069861196,3,1,26,2.7545314,0
2679,11.21875,3,12.642774,30.625,5.7762818,-1.34461,2,0,51,0,0
2680,11.21875,3,13.131919,36.09375,11.035391,-1.5548818,3,0,51,0,0
2681,9.21875,3,13.059972,51.40625,11.49805,-1.8544261,3,0,48,0,0
2682,2.4966304,3,6.4000001,29.53125,8.7463102,-.947537,3,0,33,0,0
2683,14.0625,3,15.942178,175.63019,14.119678,-2.1658323,2,1,41,1.3188971,0
2684,4.6875,3,15.034276,130.87878,13.383656,.75570726,2,1,56,2.0554531,1
2685,5.9375,3,14.265392,94.382736,7.6386237,.82035482,2,1,57,4.0636787,1
2686,2.7915425,3,9.8768663,88.163063,9.961771,.64150673,2,1,58,2.8123832,1
2687,5.9375,3,14.229857,121.6998,10.991608,.76410407,1,1,57,2.226275,1
2688,8.4375,3,4.3873549,49.21875,5.6176028,.54655468,4,1,23,0,0
2689,5.625,3,13.193722,98.710938,12.479521,.53214312,2,0,47,0,0
2690,25.065773,3,13.527703,75.302605,16.613394,.57158881,5,0,49,.7047109,0
2691,9.453125,3,11.668399,62.15023,16.174675,.73743451,4,0,49,1.3491729,0
2692,3.9881616,3,13.764273,54.656605,12.401084,.56693679,5,0,51,2.6307578,0
2693,8.75,2,5.0815411,10.9375,6.9115067,.15641141,5,1,23,0,0
2694,8.6179676,1,2.73,10.9375,5.2122922,.18256292,5,1,23,0,0
2695,5.7830567,3,22.600327,87.409103,11.781115,.30907303,4,0,57,1.6099958,0
2696,5.0882225,3,30.3165,93.478607,16.682392,.17801982,5,0,56,1.4040583,0
2697,6.09375,3,11.485239,62.554352,4.6724954,-.93046248,4,1,38,4.2446413,0
2698,28.125,2,11.637359,7.577898,10.23756,.72936112,5,1,37,.88216758,0
2699,1.4137596,2,11.365216,9.4727106,9.0638962,.54840475,3,1,37,2.5536654,0
2700,28.963636,3,4.0949998,98.4375,5.2448931,.41398415,4,1,22,0,0
2701,14.099274,2,4,35,8.7773247,-1.0596626,5,1,33,0,0
2702,2.34375,3,6.1829014,27.294121,7.8791294,.30353087,1,0,29,3.6425779,0
2704,14.0625,3,12.754805,86.647621,13.724253,-.32368913,3,0,39,2.4185939,0
2705,3.21875,2,13.557652,71.09375,9.7785683,-.73551083,5,0,48,0,0
2706,.98342752,3,7.1999998,169.53125,6.3263369,-.26270872,3,0,21,0,0
2707,5.1539893,3,15.75,54.6875,8.6361942,.55461198,2,1,38,0,0
2708,16.40625,3,15.542455,145.46875,13.57942,.34914452,5,1,49,0,0
2709,1.9275669,3,7.8941851,135.38597,13.409763,-.062483914,3,0,36,1.4192415,0
2710,6.5625,3,12.331417,103.90625,11.790051,.91786045,3,0,37,0,0
2711,.9375,3,16.190933,166.25,10.174372,.50786811,1,1,51,0,0
2712,.46875,3,16.412455,197.42188,10.648252,.3943623,1,1,48,0,0
2713,25.9375,3,24.874872,765.625,25.091873,.31239939,4,1,54,0,0
2714,2.8125,3,12.834135,109.375,9.4185467,.42171684,5,1,59,0,0
2715,9.34375,3,11.386931,33.90625,6.3911567,-.69415516,1,1,38,0,0
2716,10.157899,2,5,17.5,8.0913782,-.69511294,1,1,38,0,0
2717,9.84375,3,9.9449234,27.34375,8.6424837,-.53589511,1,0,38,0,0
2718,2.34375,2,12.38319,20.78125,5.7913089,.1553859,4,0,33,0,0
2719,1.40625,3,14.607947,93.515625,12.445947,.35927841,2,1,49,0,0
2721,1.40625,3,15.294634,88.320313,5.7069411,.3502236,3,1,48,0,0
2722,12.948136,3,37.169998,273.4375,12.594072,.60763538,4,0,44,0,0
2723,13.828817,2,20.736811,87.132019,8.4133148,.093302689,2,1,44,1.3758053,0
2724,1.40625,3,11.694489,108.32661,5.0661855,.16898015,3,0,44,5.7864518,0
2725,7.34375,3,10.150257,48.125,9.2484255,.99772507,4,0,53,0,0
2726,3.046875,3,11.989108,24.0625,10.15241,.56870437,4,0,52,0,0
2728,1.5755658,2,5.355,54.6875,8.7590294,.069638647,5,1,39,0,0
2729,5.9088516,3,7.1756911,20.876955,6.1942177,.078173943,4,1,44,2.9899032,0
2730,5.0625,3,17.957836,290.5112,8.312501,-1.9200908,4,1,51,1.0296836,0
2731,4.2093115,3,11.925511,324.81769,16.067656,-1.369746,3,0,51,.50133699,0
2732,2.34375,2,5.1493578,50.039658,7.1430411,.25062039,1,1,23,3.1597679,0
2733,9.375,2,13.836883,93.515625,5.5040154,.4097257,3,1,46,0,0
2734,1.40625,3,5.7605748,46.757813,7.2941132,.60725743,4,1,26,0,0
2735,.9375,3,8.988204,267.96875,9.251379,-.31472147,1,0,26,0,0
2736,8.875,3,11.657765,87.5,5.0000844,-.18682081,2,0,38,0,0
2737,8.875,3,11.151957,60.15625,9.1961985,-.14042598,2,0,38,0,0
2738,1.875,3,3.4633651,21.875,6.0243306,.43986002,1,0,21,0,0
2739,5,2,6.0422249,16.40625,5.1504536,.37729934,1,0,28,0,0
2740,2.4555814,1,8.6137886,.33417702,7.2314777,-.11318068,5,1,31,2.4825699,0
2743,38.125,3,10.465246,27.34375,10.121121,.79619241,4,0,39,0,0
2744,4.796174,3,5.5999999,98.4375,9.1551571,-.87412214,5,1,21,0,0
2745,3.125,3,9.2240877,51.707188,9.740942,.65710819,3,0,34,3.2238288,0
2746,13.5625,3,16.647032,352.33179,15.337224,-.89011878,4,1,38,1.597176,0
2747,70.3125,3,20.362579,368.05127,19.304312,1.4234443,3,1,33,1.5598383,0
2748,3.7914417,3,5.8800001,109.375,5.7820311,.51757634,4,1,22,0,0
2749,3.125,3,7.4189715,103.90625,8.9222965,.22372386,3,1,24,0,0
2750,2.6198442,3,12.661363,213.09758,11.958003,-1.0587915,4,1,42,1.0446962,0
2751,10.1875,3,17.271252,213.65085,7.5322361,-.48580119,3,1,47,1.1523961,0
2752,5.15625,3,4.2017031,74.452339,7.9015026,.46106115,4,0,21,2.7253523,0
2753,5,3,16.40951,120.3125,11.412663,-.22655435,2,0,32,0,0
2754,1.875,3,6.9329524,49.21875,5.4688835,.33748046,3,1,26,0,0
2755,1.75,3,5.8122172,63.193146,13.042588,-3.4803882,1,1,60,2.2185638,0
2756,1.6467013,3,14.9,87.5,6.1350713,.048790254,1,0,26,0,0
2758,5.0550828,2,4.1999998,49.21875,5.8879056,.33691597,5,0,22,0,0
2759,6.4375,2,2.7568195,0,8.1271439,-2.2987802,4,0,22,2.8365927,0
2760,13.585983,2,6.6443787,12.564674,6.632153,-1.8191642,5,0,22,1.8089466,0
2761,.9375,3,8.7052355,57.148438,8.8493385,.32909024,2,0,34,0,0
2762,3.75,3,13.611362,51.953125,10.204822,.34342605,2,0,33,0,0
2763,6.875,3,25.943333,864.0625,31.155828,.13217179,4,0,39,0,0
2764,12.898936,3,55.5,114.29688,10.411526,1.2058355,5,1,42,0,0
2765,9.84375,3,14.987535,93.515625,11.434123,.68522674,5,1,41,0,0
2766,12.199895,3,32.900002,93.515625,6.3584576,.88445753,5,0,41,0,0
2767,18.291553,3,4,103.90625,10.252946,.41444302,3,0,58,0,0
2768,10.191519,3,3.8,92.96875,13.972361,-.67045927,1,0,43,0,0
2770,4.5248814,3,11.445,60.15625,10.795184,.092465103,3,1,48,0,0
2771,9.21875,3,16.36821,103.46004,12.017876,-1.9200629,4,1,32,.79332691,0
2772,9.7219934,3,5.3937192,229.94722,10.112291,.060809448,4,1,24,2.1915312,0
2773,3.6914318,3,6,25.976563,12.465476,.38576323,4,0,43,0,0
2774,2.408561,2,6,87.5,11.164319,-.17793672,3,1,49,0,0
2775,6.90625,3,10.991847,26.747131,6.4177184,-1.6129614,4,0,41,2.4678836,0
2776,8.40625,2,11.956689,16.723221,12.335172,-2.0194888,5,0,41,1.1389384,0
2777,2.34375,3,15.032458,333.64908,13.164118,-.73948032,2,1,34,2.3190703,0
2779,3.7565165,3,3,48.125,7.9732122,-1.0751505,3,0,28,0,0
2780,11.71875,3,11.368486,91.864754,17.263203,-2.3817539,4,0,56,2.5579789,0
2781,9.21875,3,13.194784,123.49863,31.155828,-1.3537356,4,1,56,1.351092,0
2782,11.443922,3,13.58632,79.331268,16.512054,-1.7180802,4,1,56,2.8035216,0
2783,11.21875,3,13.707704,79.90538,16.381247,-2.7843537,3,1,56,2.8044677,0
2784,4.6875,3,5.5769043,76.5625,5.4511681,-.53404391,3,0,22,0,0
2785,5,2,3.794261,5.1418066,8.349575,-.54509228,4,0,26,2.327914,0
2786,1.875,2,3.3062372,9.2003422,8.5772467,-.82394451,4,0,24,1.9470462,0
2787,.9375,2,11.554137,43.75,9.7301979,.00062347797,3,0,38,0,0
2788,25.054239,3,8.2574625,94.523323,10.846837,.17504933,4,0,34,1.4527539,0
2789,16.40625,3,11.378592,54.051033,10.682393,-.47696933,3,0,38,1.6016293,0
2790,8.4375,3,10.212644,49.976368,6.729744,-.66801375,2,1,36,2.9173558,0
2791,2.1875,3,15.051737,110.05237,12.227391,.20335412,3,0,42,1.0959849,0
2792,5.15625,3,14.383131,71.09375,11.189483,-.075213872,3,0,42,0,0
2793,25.64016,3,26.25,71.09375,7.4575415,.059933461,4,1,38,0,0
2794,20.46875,3,10.748974,103.90625,13.842164,.068722084,4,0,43,0,0
2795,10.15625,3,12.17954,120.3125,14.556996,.25204179,3,0,43,0,0
2796,2.875,3,11.2094,32.8125,5.86274,-.26689032,4,1,37,0,0
2797,2.65625,3,13.613573,120.3125,13.007689,-1.5108758,4,1,56,0,0
2798,11.118351,3,16.5,131.25,6.953506,-1.7271188,4,1,53,0,0
2799,3.15625,3,14.464856,92.96875,19.345304,-1.3678752,3,1,56,0,0
2800,14.0625,3,14.98869,202.61719,14.234703,.14880453,5,0,56,0,0
2801,6.1483202,3,18.9,202.34375,12.138229,.15324521,5,0,52,0,0
2803,6.09375,3,6.1875515,90.561218,7.2794051,-1.6707673,1,1,22,1.0982233,0
2804,26.307213,3,21.01053,133.4019,13.577236,.094861083,5,0,38,1.7220159,0
2805,7.5,3,4.6635256,41.5625,10.255337,.54882145,4,1,22,0,0
2806,1.640625,3,6.931715,111.37082,8.2189121,.40852472,1,1,24,3.7256367,0
2807,24.6875,3,12.921102,207.8125,9.9238558,.47825471,2,1,36,0,0
2808,23.4375,3,11.988529,207.8125,6.0510702,.54639083,3,0,36,0,0
2809,24.6875,3,9.2597904,175,9.2298317,.3781361,3,1,26,0,0
2810,3.1115835,3,9.6599998,164.0625,8.2063971,.38584715,3,1,36,0,0
2811,15.301035,3,15,131.25,23.635229,-.51156676,3,0,32,0,0
2812,11.806945,3,13.4,131.25,12.173992,-.87509775,4,0,32,0,0
2813,12.172009,3,17,109.375,11.968039,-.97900033,4,0,32,0,0
2814,11.21875,2,14.700809,74.391182,6.0922527,-1.6073998,4,0,32,3.7383482,0
2815,4.1143785,3,6,71.09375,7.4798298,-2.5106306,1,0,22,0,0
2816,1.1612248,3,5.04,120.3125,9.336194,.15599468,4,0,23,0,0
2817,45.371838,3,35,926.93677,19.742586,-2.5711176,5,0,41,0,0
2818,44.03125,3,27.79073,869.53125,27.781237,-2.513592,5,0,41,0,0
2819,22.34375,3,16.180103,265.77292,18.840605,-.52394891,3,1,43,1.2838699,0
2820,21.09375,3,16.428524,282.98495,13.595048,-.31142074,4,1,39,1.8465213,0
2821,4.6577764,3,24.979656,34.918373,10.581458,.44356886,4,0,37,.097809233,0
2822,22.8125,3,20.499767,836.71875,19.340757,-.083946861,4,0,29,0,0
2823,3.0114288,2,9.3424473,33.639591,5.7622604,.287139,3,0,31,2.2723777,0
2824,3.75,2,9.9281902,29.785061,8.6280031,.32141283,4,0,38,1.9181683,0
2825,2.75,3,16.727861,207.8125,12.502958,.26147804,5,0,42,0,0
2826,14.0625,3,11.423079,57.190102,5.5808539,-.4792062,3,0,37,2.5989161,0
2827,13.5625,3,11.549707,84.587883,11.72129,-.47076359,2,0,37,1.3286629,0
2828,11.71875,3,10.901097,46.223087,10.137205,1.0904731,4,0,58,1.5078723,0
2829,11.71875,3,10.698269,35.164654,11.197806,1.0893059,4,0,58,1.4613179,0
2830,30.46875,3,8.6523819,278.0864,12.766376,-2.9304469,4,1,23,1.3297676,0
2831,30.648075,3,7.7153592,232.87737,8.8328209,-3.4803882,3,1,23,2.3126357,0
2833,8.7264938,3,4.8985014,66.257202,9.2339039,-.57114482,1,0,24,2.5186594,0
2834,15,3,12.905239,169.53125,14.784938,-.20393932,5,0,43,0,0
2835,16.347111,3,6,62.34375,24.120918,1.0374553,3,0,41,0,0
2836,6.09375,3,14.721867,146.41652,13.514269,1.0871347,3,0,48,1.4106894,0
2837,7.6243563,3,9.8767357,128.74844,12.096886,1.264313,3,1,47,1.0263331,0
2838,22.332737,3,6.1950002,45.9375,7.2358127,.16394937,4,0,36,0,0
2839,5.9375,3,5.8719192,79.07019,8.6138897,.65561283,3,0,21,4.0570459,0
2840,3.7639191,3,3.8655083,115.24001,10.370966,.82263201,4,0,23,2.8001103,0
2841,5.703125,3,13.314602,131.25,9.5170155,.51683402,2,1,43,0,0
2842,10.3125,3,11.216647,53.052223,12.753908,.55589169,5,0,46,1.2068316,0
2843,20.826294,2,16.531183,8.3795347,7.436872,.37054899,4,0,29,1.2597047,0
2844,1.40625,2,12.80316,1.1099118,8.1344414,.49321589,5,0,33,2.4032345,0
2845,2.65625,2,6.6306934,2.2895501,7.388474,.38380209,5,0,28,1.9912924,0
2846,1.7127494,2,7.7455878,19.082167,4.6608763,.44286165,2,0,21,4.8988709,0
2848,6.09375,3,31.570078,926.93677,24.939157,.58315802,5,1,33,0,0
2849,6.09375,3,29.836229,763.71094,21.79188,.51736009,5,1,32,0,0
2850,6.09375,3,32.263771,926.93677,29.765146,.57004839,5,0,32,0,0
2851,5.703125,3,12.72711,54.6875,13.232215,.59354609,3,0,49,0,0
2852,4.1572714,3,18.059999,103.90625,14.542341,.44621831,2,1,43,0,0
2853,2.65625,3,13.139923,109.375,8.3682871,.34877864,2,1,43,0,0
2854,3.75,3,14.992586,92.96875,10.567732,.4342418,2,1,48,0,0
2855,25.653883,3,3.9904516,263.45151,13.936401,.039566793,3,1,23,2.2258749,0
2857,5,2,13.434271,16.40625,10.33439,-.10437747,3,0,52,0,0
2858,8.0158901,3,17.4,285.74219,9.9173727,-.20669308,4,0,37,0,0
2859,9.8214741,3,7.1952558,142.2758,10.451044,.26457798,3,1,27,1.7604889,0
2860,2.34375,3,14.174373,145.46875,9.9319963,.27822199,5,0,58,0,0
2861,8.28125,3,23.894688,579.6875,18.299286,.83055848,1,1,42,0,0
2862,2.34375,3,12.704194,116.27238,5.4095864,-.0068879612,2,1,59,4.0404315,0
2863,3.59375,3,14.864054,164.87572,13.351326,.39408833,3,1,37,3.3525558,0
2864,2.34375,3,13.567147,181.89186,12.327086,.34181282,4,0,39,1.6778005,0
2866,14.0625,3,15.282516,47.048611,12.290597,-.090386607,3,0,32,1.6591953,0
2867,13.5625,3,14.935278,48.078152,11.373586,-.15371136,2,0,32,1.9067769,0
2868,30.184645,3,15.54,164.0625,6.4582696,.83314753,5,0,36,0,0
2869,3.0374844,3,7,20.78125,8.066124,.31327942,3,0,23,0,0
2870,2.8125,3,4.4690456,29.09375,7.1755748,.1581983,3,0,22,0,0
2871,9.5558186,3,12.668662,32.858463,5.158402,-.14284645,3,0,38,3.7723658,0
2872,5.0122156,2,4.5,21.875,9.1825504,-1.3068229,3,1,51,0,0
2873,11.21875,3,11.694166,45.271954,12.968898,-3.4679418,1,0,41,1.6136314,0
2875,5,3,12.158175,76.5625,10.3488,.56886983,1,1,37,0,0
2876,.9375,3,10.290732,65.625,8.2371035,.36757332,2,1,36,0,0
2878,62.65625,3,12.638264,162.35304,17.639177,-.10325803,4,0,56,1.2607535,0
2879,2.5082095,2,6,28.4375,7.1151214,-1.3057541,3,0,27,0,0
2881,2.1875,3,15.027379,120.3125,11.179008,.31109062,4,1,42,0,0
2882,16.40625,3,18.765217,370.30807,17.233332,-.021145675,5,0,48,.84226036,0
2884,2.21875,3,7.9577823,76.5625,7.6723518,-.93293351,5,0,28,0,0
2885,4.21875,3,7.632535,207.8125,10.11431,.58717543,2,0,24,0,0
2886,1.875,3,5.1686993,140.27344,4.9388514,.14821173,4,0,22,0,0
2887,.9375,3,7.7418895,228.59375,10.651914,.39053616,3,0,23,0,0
2888,5.8749089,3,7.8000002,57.148438,5.6406951,.18269695,1,1,23,0,0
2890,40.748821,3,6.2142467,178.8786,10.505736,-1.5364844,4,1,24,.65489542,0
2891,2.9486203,2,4.4388924,9.5942144,12.166218,-.95276809,2,0,39,1.6327552,0
2892,8.4375,2,10.795986,27.231537,5.1949692,.46032563,2,0,37,4.8972926,0
2893,9.6875,2,12.21094,33.609272,8.6867924,.51554322,2,1,38,3.1325636,0
2894,17.490477,3,10.003157,44.9328,9.5082941,.12473952,3,0,39,1.492321,0
2895,1.875,3,6.7638192,158.59375,5.8929515,-1.0423772,3,0,23,0,0
2896,36.106396,3,6.1999998,142.1875,14.082072,-.41304511,4,1,49,0,0
2897,34.1875,3,15.118286,185.9375,14.844284,-.34803265,4,1,49,0,0
2898,51.351967,2,6.5980358,8.3935366,5.0913553,.28384453,2,0,48,1.8991715,0
2899,7.46875,2,3.1213796,16.40625,8.3832083,-2.3254137,4,0,24,0,0
2900,11.21875,3,6.9327235,49.21875,7.8118691,-.14741501,3,1,26,0,0
2901,20.629845,3,11,150.66406,13.209913,.3388533,4,0,58,0,0
2902,2.34375,2,3.754972,9.2439699,8.5595922,-.47528166,3,0,23,1.9220622,0
2903,2.7103446,3,12.6,98.4375,12.803694,-.056098141,2,1,43,0,0
2904,2.7339065,2,4.9990778,6.4794521,11.522438,-.4058139,4,0,29,1.8374286,0
2905,.46875,2,12.785509,40.46875,10.491446,.44151503,4,1,47,0,0
2906,11.71875,3,14.131165,19.117645,11.553345,-2.8473005,4,0,33,1.0476449,0
2907,47.099136,3,5,169.53125,5.3971262,-1.4567961,3,1,24,0,0
2908,37,3,6.567091,131.25,9.1938686,-1.1811631,4,1,24,0,0
2909,6.5625,2,5.5053873,54.6875,7.7999387,.35301793,3,0,24,0,0
2910,13.09375,3,12.703638,131.25,6.3664947,-1.9403676,4,0,39,0,0
2911,11.09375,3,13.656084,109.375,10.972062,-1.8062476,3,0,39,0,0
2912,13.09375,2,11.69201,76.5625,10.206739,-1.873597,4,0,39,0,0
2913,10.237049,3,7,278.90625,6.9853187,-.24895525,5,0,34,0,0
2914,28.125,3,13.424562,109.375,11.87063,.21751735,2,1,46,0,0
2915,20.028507,2,4.1999998,10.9375,5.4020166,-.69363183,1,1,27,0,0
2916,7.5685911,2,5.355,10.9375,5.2434607,-.73804063,1,1,27,0,0
2917,6.875,2,7.2613468,10.9375,6.5057769,-.459943,1,1,28,0,0
2918,16.40625,3,13.479614,96.867233,15.332242,1.0892024,4,1,47,2.2409644,0
2919,6.875,3,15.076857,76.5625,6.2176666,-.22182277,3,1,48,0,0
2920,.9375,2,11.727709,54.6875,11.253398,.12747429,4,0,47,0,0
2921,.9375,2,13.351925,71.09375,10.989103,.19954041,4,1,47,0,0
2922,9.375,3,4.7693219,27.34375,4.6271772,-.062987126,1,1,22,0,0
2923,4.0625,3,5.1657653,98.4375,8.4609547,.44002491,4,0,26,0,0
2924,6.4909763,3,7.7227602,81.03875,6.4613838,.28959504,4,1,22,4.9951577,0
2925,13.59375,3,12.720608,76.17318,6.4921384,-1.1344396,4,1,56,2.1542134,0
2926,3.75,3,7.7331252,55.805771,9.5717192,.096240073,4,0,34,1.3577908,0
2927,8.90625,3,15.631235,213.46309,12.964139,.54208642,4,0,42,1.1705402,0
2928,9.2916565,3,21.999138,161.0746,14.507962,.76128584,5,1,42,.76022983,0
2929,3.9842453,3,6.3000002,246.09375,9.9203367,.85720831,1,1,36,0,0
2930,4.6875,3,4.951663,39.484375,7.9266672,.78612095,2,0,27,0,0
2932,3.1523495,3,13.02,158.59375,13.313474,.68785399,4,1,47,0,0
2933,13.69502,3,9,62.34375,11.000429,.097674295,4,0,41,0,0
2934,18.75,3,24.097864,667.1875,15.717818,.22414446,3,0,47,0,0
2935,70.3125,3,6.1922779,218.20313,10.333885,-.34971973,4,0,23,0,0
2936,36.516228,3,9.1999998,155.85938,12.754333,-.41249883,5,0,37,0,0
2937,69.246002,3,8,192.22656,10.990788,-.35496721,5,0,22,0,0
2938,70.3125,3,7.0764422,202.61719,9.7631483,-.30649391,5,0,23,0,0
2939,3.25,3,12.964464,72.606194,10.529118,-.21186361,1,1,39,1.234652,0
2940,18.107971,3,12.172649,220.09904,7.4617305,-.48441184,4,0,47,1.4820023,0
2941,30.8125,3,9.3748465,216.55304,12.580517,-3.4803882,4,0,28,1.8312036,0
2942,32.8125,3,11.086629,241.34036,11.96483,-2.8572452,4,1,28,1.6641451,0
2943,3.21875,3,13.706738,87.5,6.4269304,-.36876544,1,1,47,0,0
2944,16.40625,3,13.015471,213.28125,11.500889,-.49402657,4,0,38,0,0
2945,2.2568009,1,2.6825662,10.270588,5.217217,.32284284,1,0,22,2.0377078,0
2947,17.72212,3,8.7880678,239.19614,15.652698,-1.4394598,3,0,42,1.141755,0
2948,11.71875,3,6.6989436,166.60307,11.73297,-.26691297,3,0,23,2.5300856,0
2949,8.4386072,3,10.999428,57.122124,10.122327,.32104442,4,0,37,.0072916243,0
2950,8.5569477,3,12.103486,100.9389,10.411729,.54029274,4,0,38,1.227507,0
2951,5.234375,3,8.403286,154.11603,9.2650242,.26716173,2,1,27,1.1937758,0
2952,16.40625,3,8.5755129,83.022774,15.421367,.27087834,4,0,36,1.2716106,0
2953,25.771784,3,10.143087,113.80801,13.363162,.26381347,4,0,37,1.4009005,0
2954,3.28125,3,12.760021,120.3125,12.875636,.66436964,4,0,41,0,0
2955,11.21875,3,11.240362,98.4375,19.004873,-3.2252595,1,0,37,0,0
2956,3.28125,3,16.945723,306.25,13.689877,1.4882684,4,1,39,0,0
2957,5.46875,3,15.146407,257.03125,11.216456,1.4591682,4,1,38,0,0
2958,18.57942,2,5.2915711,5.0021505,4.7750854,.4534708,2,1,28,1.8914983,0
2959,11.52734,3,4.1999998,147.65625,8.316926,.63591862,2,1,29,0,0
2960,5.5410066,3,6.3330393,43.935932,5.6469979,-.93692732,3,0,21,1.8293566,0
2961,5.234375,3,8.6632156,42.455746,26.945957,-.016908582,5,1,28,.69877553,0
2962,1.84375,3,13.086022,123.68121,12.688037,.075147793,4,0,41,1.425298,0
2963,8.3125,3,13.067832,65.625,11.939104,-1.9006803,4,1,41,0,0
2964,3.1195126,3,5.9000001,38.28125,6.3669286,.033365496,3,0,44,0,0
2965,2.5500703,3,7,71.09375,11.015111,.035469819,3,0,44,0,0
2966,2.5142248,3,6.4000001,38.28125,8.3233948,.031711593,3,0,44,0,0
2967,36.0625,3,7.762599,131.49452,9.4352922,-1.1889849,3,1,22,2.9437523,0
2968,36.951534,3,4.953228,128.6703,9.9903564,-1.5857888,4,1,22,2.1747875,0
2969,8.875,3,4.3734589,87.5,8.3365517,-.63117182,1,0,23,0,0
2970,4.6875,3,13.766598,71.09375,7.2179685,-1.5870752,5,1,39,0,0
2971,2.1875,3,11.925676,35,10.400044,-3.1895885,4,1,39,0,0
2972,20.59375,3,12.802979,175,14.447025,-.047282584,2,0,43,0,0
2973,3.6126611,3,5.8424921,128.68855,6.4563518,-.54142791,4,1,36,3.6024222,0
2974,6.0753469,3,2.9310112,184.92407,11.09663,-.6593861,4,1,36,1.7696415,0
2975,4.125,3,12.890487,188.21391,11.127864,-.62118256,3,1,36,1.7066345,0
2976,34.65625,3,7.8997912,272.39178,7.2350411,-.21974435,4,0,24,1.4996449,0
2977,18.59375,3,18.618273,335.76474,16.638884,-.3908397,5,1,56,.84777063,0
2978,11.410403,3,14.175042,301.88776,19.210957,-.38535127,5,1,54,.91770619,0
2979,155.40863,3,22.551985,282.75003,31.155828,-.37662223,3,1,56,.27363744,0
2980,18.75,3,12.789284,69.030853,9.3436699,-.3428185,5,1,38,.83615655,0
2981,1.4072438,3,25,150.66406,8.6969986,.47941086,4,1,37,0,0
2982,8.0896559,3,7.5999999,51.40625,17.427595,-1.4833554,2,0,37,0,0
2983,7.5451207,3,7,76.5625,11.09004,-1.078312,1,0,37,0,0
2984,7.9457994,3,10,82.03125,10.421411,-1.6093785,2,0,37,0,0
2986,1.875,3,10.403635,51.362514,8.770853,.85611802,3,1,36,1.8163189,0
2987,2.1323936,3,3.9324834,64.172005,7.1193571,.97101128,2,1,34,3.3977664,0
2988,1.9810917,3,20.559774,176.95935,6.8687654,-.62011087,4,0,44,1.1745518,0
2989,11.71875,3,17.637943,218.20313,12.116224,.75227451,5,1,51,0,0
2990,44.071285,3,22.299999,437.5,27.212215,-3.4803882,4,0,56,0,0
2991,2.75,3,4.3366008,71.09375,4.6271772,-.84034395,4,0,27,0,0
2992,6.6348214,2,13.02,87.5,11.099762,.50395179,3,1,41,0,0
2993,4.2544637,2,15.75,60.15625,9.4119549,.52896088,3,1,39,0,0
2995,1.875,3,7.6541495,110.2279,8.3674774,.87202585,4,0,28,1.1681231,0
2996,1.5225103,3,11.76,60.15625,17.147423,.52374917,5,1,43,0,0
2997,27.5,3,10.578718,43.75,10.124894,.42365703,5,0,43,0,0
2998,28.59375,3,11.252066,37.1875,9.433898,.4038347,5,1,44,0,0
2999,22.34375,3,14.796602,92.96875,12.600475,1.255464,3,1,47,0,0
3000,25.28125,3,19.274143,339.0625,14.77201,.024708973,4,1,33,0,0
3001,33.28125,3,16.441492,185.9375,12.101163,.021315882,4,1,33,0,0
3002,11.40974,3,8.2950001,27.34375,10.272447,.46864149,5,1,43,0,0
3003,8.2716045,2,2.625,16.40625,4.6271772,.53778833,4,1,43,0,0
3004,30.334715,3,8.281333,89.685532,11.513371,.85286063,2,0,38,2.768172,0
3005,3.5493801,3,6.9435225,94.323959,6.67624,-.05627428,4,1,27,1.2179065,0
3006,1.9962915,3,6.609817,80.652145,5.7318273,-.039370269,4,1,27,2.5164096,0
3007,10.625,3,13.156815,87.109436,12.451158,.18131281,2,1,46,1.7706023,0
3008,.9375,3,12.855152,133.35925,13.676195,1.1465394,4,0,47,.41039538,0
3010,16.375,3,12.879496,92.405136,15.794028,-2.0209036,4,1,56,2.1152909,0
3011,14.875,3,12.476489,68.507599,16.354595,-1.404435,3,0,56,2.628612,0
3012,1.1932206,3,10.08,131.25,5.6654139,-.1518019,3,0,36,0,0
3013,8.75,3,12.648436,103.90625,10.895786,-.16764981,3,0,37,0,0
3014,5.0387273,3,21,120.3125,11.056944,.24939509,4,0,42,0,0
3015,3.125,3,13.071739,125.78125,13.805728,.23642781,3,0,38,0,0
3016,4.6497521,3,27.195,180.46875,13.531135,.5526135,1,0,54,0,0
3017,4.6798897,2,12,39.484375,8.4544439,-.4500075,4,0,57,0,0
3018,12.65625,3,6.7437868,26.768078,5.1897116,.19849031,5,0,29,2.0894401,0
3019,4.2865338,3,7,62.34375,10.248204,.62271404,1,0,33,0,0
3020,3.28125,3,14.660225,45.71875,10.255152,.62737799,1,0,32,0,0
3022,16.40625,3,9.8635588,322.65625,9.7144346,.75890809,4,1,22,0,0
3023,15.3125,3,9.8187752,240.625,8.3979216,.77031827,3,1,21,0,0
3024,7.03125,2,5.5651665,.17122126,12.748054,.26082918,3,1,22,1.6512293,0
3025,2.0088916,3,7,129.88281,8.3090267,.85636228,4,0,36,0,0
3026,1.40625,3,9.3035374,124.6875,8.642293,1.0394518,4,0,34,0,0
3027,5.625,3,12.973887,120.3125,11.458514,-.61166924,3,1,44,0,0
3028,3.625,3,12.830922,185.9375,12.133495,-.42412621,4,1,44,0,0
3029,7.5,3,4.0730071,49.406063,9.2303343,1.4023064,4,0,27,2.1548557,0
3030,66.365929,3,4,31.171875,4.8402748,.97486097,5,0,28,0,0
3031,36.175087,3,7,31.171875,7.4644899,.80275732,4,0,29,0,0
3032,70.3125,3,7.1187654,31.171875,6.9630017,.4654313,5,0,28,0,0
3034,9.84375,3,13.953509,152.94885,16.365358,.57145816,3,1,43,1.7181672,0
3035,5,3,6.12918,35,6.6882825,.42572153,3,1,22,0,0
3036,2.8125,3,10.791608,61.29789,9.5977917,-.35552695,1,0,38,1.506022,0
3037,3.59375,3,13.738205,120.3125,12.503102,.18508621,3,0,56,0,0
3038,1.8254473,3,8.8199997,103.90625,17.695602,-1.2718899,3,0,47,0,0
3039,2.0174458,3,5,131.25,5.6644216,-1.0564718,4,0,23,0,0
3040,3.543967,3,18.055223,118.92516,11.869346,-1.5883201,1,1,37,1.7682644,0
3041,2.890625,3,11.475494,23.188675,10.110758,1.1282563,4,1,57,1.9692416,0
3042,21.884644,3,7.3773284,128.31703,10.018732,-.56821078,3,1,27,1.1479541,0
3043,10.15625,3,8.5931768,71.09375,8.7851658,-.19482973,1,0,34,0,0
3044,25.78125,3,14.5769,182.05014,13.474994,.39252901,5,0,58,1.6239614,0
3045,25.78125,3,13.085529,98.221024,13.928657,.36606258,5,0,58,1.6383456,0
3046,9.375,3,9.99228,127.13762,10.394385,.1771549,2,0,34,1.55146,0
3047,16.40625,3,8.5146284,176.34979,8.3652458,.44985363,3,1,22,.070321798,0
3048,16.40625,3,7.5434055,197.18895,10.680084,.4627803,4,1,22,.039900243,0
3049,4.247354,3,13.65,158.59375,11.209394,.28715357,5,0,57,0,0
3050,21.09375,3,15.099265,180.46875,14.609457,.27644032,5,0,49,0,0
3051,14.140625,2,8.0341005,.22366762,5.7855406,-.32152769,4,1,34,2.6612723,0
3052,1.40625,3,13.207586,135.07813,8.5609636,.71677828,4,1,38,0,0
3053,25.78125,3,13.167197,83.177353,12.945276,.68285185,5,0,41,.75513136,0
3054,12.944886,3,10.704813,399.92407,8.5352297,-2.320595,4,0,34,.75707799,0
3055,1.875,3,3.917397,21.875,8.1904783,-.49195239,3,0,23,0,0
3056,1.875,3,2.7625895,32.8125,8.0913801,-.68900186,4,0,23,0,0
3057,21.562099,2,16.698856,13.386156,29.795446,.2222309,3,1,53,.16862111,0
3058,25.78125,2,12.26258,11.905178,11.580351,.33969274,3,1,54,.55988353,0
3059,9.375,3,4.2193499,27.34375,7.4724002,-.35085687,1,0,26,0,0
3060,10.388404,3,3.7,21.875,5.7356591,-.25731665,1,0,26,0,0
3061,6.875,3,4.118176,21.875,7.4136806,-.36850759,1,0,26,0,0
3062,3.6875,3,7.2186308,103.90625,7.0228176,-.9732362,5,1,22,0,0
3063,3.8605678,3,4,92.96875,6.157155,-1.0962749,4,1,22,0,0
3064,16.40625,3,13.56954,164.0625,13.524397,1.0667568,4,0,41,0,0
3065,15.3125,3,9.4175386,142.1875,9.5976772,.64828229,4,0,36,0,0
3066,2.34375,3,14.912608,174.14668,7.5455737,-2.7752864,1,1,56,2.6593158,0
3067,2.1875,3,10.406246,93.531723,11.148912,-3.4803882,1,0,59,1.566077,0
3068,4.6875,3,13.326801,71.83976,13.033144,-.19436519,1,1,47,2.3884838,0
3069,4.6875,3,12.783088,41.371574,6.87324,-.3795028,1,1,47,3.7365458,0
3070,1.28125,3,10.15672,27.34375,10.108216,-.15752676,1,0,37,0,0
3071,3.125,3,5.3167043,49.21875,8.5661449,.24670172,3,0,24,0,0
3072,2.8125,2,10.768748,54.6875,17.36916,.44095573,1,0,38,0,0
3073,15.765777,2,11.55,54.6875,9.1872368,.63193423,1,0,39,0,0
3074,25.370007,2,17.765257,13.679222,8.5421953,.50014234,4,0,53,1.0741125,0
3075,6.875,3,6.379333,56.271194,5.1640544,.40061212,3,1,22,4.6701045,0
3076,4.4682751,3,12,196.875,11.38889,-1.0655721,4,1,42,0,0
3077,4.7348466,3,20,235.15625,13.424916,-.77805662,4,1,42,0,0
3078,2.875,3,14.46404,153.125,7.0595131,-.10524679,4,1,58,0,0
3079,4.0625,3,12.740211,87.5,11.227034,-.85361654,1,0,48,0,0
3080,26.825138,3,10.185,98.4375,8.4151659,.34310555,1,0,28,0,0
3081,44.105011,3,10.5,120.3125,5.2828398,.51851404,1,0,28,0,0
3082,15.787472,3,9.0209904,99.782745,15.421912,.84251583,4,1,37,3.0108943,0
3083,61.5625,2,11.760231,0,14.931262,.20314026,4,0,32,1.9916787,0
3084,7.7517262,3,4.5999999,31.171875,23.809179,.29249051,1,1,21,0,0
3085,5.59375,3,8.1682768,48.125,8.4993467,-.20020024,1,0,34,0,0
3086,5.15625,2,6.4109421,14.153629,7.8896742,.094475567,5,1,26,2.4930401,0
3088,7.5,3,7.7559099,65.625,7.4026332,.040644363,5,0,28,0,0
3089,7.1586137,3,15.537291,102.47459,5.3078256,.84490222,4,1,26,1.9339573,0
3091,1.71875,3,3.6273251,39.375,11.818901,.89189833,4,0,60,0,0
3092,4.0837045,3,13.02,39.375,10.365618,.73747921,5,0,56,0,0
3093,3.2621865,3,19.950001,51.40625,6.0959077,.7642827,5,0,59,0,0
3094,3.28125,3,5.0829782,54.6875,11.690708,.72464091,5,0,60,0,0
3095,5.1309943,3,15.75,311.71875,12.513425,.47282422,1,0,38,0,0
3097,2.1828384,3,6.1340055,483.17087,15.074498,.23058674,5,0,23,1.6445497,0
3098,1.40625,3,5.6008086,166.25,9.1990433,.6884973,1,0,23,0,0
3099,2.0659342,3,7,109.10156,19.969486,.51019222,1,0,23,0,0
3100,37.5,3,10.322994,42.923542,10.779204,-.98993319,3,1,34,2.2451117,0
3101,45.5,3,10.608312,60.051712,11.517978,-1.26784,3,1,34,2.3454926,0
3103,17.65625,3,19.372454,393.75,17.265408,.51555622,1,1,47,0,0
3104,9.375,3,13.625157,117.66986,10.52669,.02924748,5,1,38,1.555584,0
3105,6.5519428,3,6,24.0625,5.7771354,-.77557403,3,0,22,0,0
3106,14.233157,1,55.625431,0,10.868802,-.043273091,5,0,42,2.4801295,0
3107,5,3,8.0497637,39.634605,7.4531369,.57856774,1,1,28,3.6358271,0
3108,9.6758108,3,10.7,109.10156,5.3952694,-.78681201,4,0,29,0,0
3109,8.90625,3,14.025309,114.29688,11.495768,-.59464294,4,0,33,0,0
3110,14.0625,3,15.843162,173.86458,16.214476,-.41423503,5,1,49,1.1704954,0
3111,2.75,3,9.0933294,29.53125,6.5932679,-.5955072,3,0,31,0,0
3112,2.442136,3,40.158909,103.38454,12.573799,.75758576,5,0,47,.10122952,0
3113,10.625,3,13.382479,120.20317,11.253341,.0029011071,2,0,39,1.8820354,0
3114,14.0625,3,5.294816,147.58199,5.7999086,-.69362187,4,0,23,2.2483199,0
3115,10.625,3,12.68882,229.6875,12.955446,-.13657328,1,0,44,0,0
3116,2.764534,3,9.0299997,229.6875,14.763995,-.11171515,2,0,43,0,0
3117,10.625,3,14.320456,257.03125,26.654247,-.078802824,2,0,43,0,0
3118,6.09375,3,12.119946,21.875,12.728087,.23762141,3,0,49,0,0
3119,12.65625,2,7.5238519,16.903496,9.2557621,.33388197,1,0,36,3.4517117,0
3120,37.5,3,15.378521,142.56744,7.6342525,-.19920041,4,1,52,1.2756041,0
3121,7.03125,3,13.487394,155.85938,12.813099,.22941607,1,1,43,0,0
3122,52.796062,3,42.599998,926.93677,29.223591,-.8166852,5,1,52,0,0
3123,51.5625,3,30.677467,926.93677,12.293079,-1.3828291,4,0,52,0,0
3124,29.508404,3,16.512152,926.93677,31.155828,.29014176,4,1,47,.42165813,0
3125,3.0886455,3,10.329949,926.93677,22.454185,.34539497,4,1,42,.80169946,0
3126,6.0625,3,21.496357,533.39355,8.6221533,-1.1679759,4,0,33,.51631236,0
3127,6.6242304,3,20.830673,411.25821,17.384516,-.98661655,3,0,33,.52288795,0
3128,12.230645,3,11.97,76.5625,12.483037,.35592118,3,1,54,0,0
3129,8.7793732,3,9,83.125,5.8433428,.39119613,3,1,58,0,0
3130,2.3290212,3,6.8249998,48.125,12.459533,.4116756,3,0,56,0,0
3131,20.513403,3,6.3000002,60.15625,12.565937,.29757282,2,1,54,0,0
3133,20.914635,3,15.75,43.75,10.036436,.45165074,4,0,57,0,0
3134,12.65625,3,6.8670897,32.8125,9.9929352,.50094914,4,0,61,0,0
3135,13.90625,3,12.651879,65.625,8.7316351,.31287751,3,0,58,0,0
3136,2.4808748,3,19.53175,129.75954,12.652371,-2.4461231,4,1,41,1.2317008,0
3137,11.362447,2,12.6,92.96875,8.1856804,.41607434,3,0,36,0,0
3138,4.0881104,2,5.5999999,87.5,6.2313347,-.51272613,2,0,27,0,0
3139,12.96875,3,12.238799,71.946785,22.555252,-.24759741,3,0,62,.75902706,0
3140,11.71875,3,11.555444,70.159943,10.691063,-.2257468,4,0,58,1.5447731,0
3141,10.65625,2,15.185082,99.294189,8.7004385,-1.3101833,4,0,32,2.4011192,0
3142,12.65625,2,14.965755,85.457901,11.827102,-1.7528695,4,0,32,1.4939759,0
3143,7.8953476,3,8,98.4375,6.0987482,-.079944342,3,1,36,0,0
3144,6.53125,3,8.0286112,54.6875,5.9957023,-.063143931,4,0,36,0,0
3145,75.52301,3,10,689.0625,25.628254,-.77111608,3,1,43,0,0
3146,3.046875,3,12.817646,76.5625,11.360869,.38822573,2,1,46,0,0
3148,3.75,3,12.549238,117.25604,14.724383,.53642166,3,0,46,2.1205189,0
3149,18.59375,3,15.957421,283.29181,13.827391,-.45856974,5,1,44,.50490659,0
3150,17.34375,3,19.395578,340.8194,7.0587692,-.82281166,5,1,41,1.2339164,0
3151,2.1875,2,4.5709949,33.735855,8.3243103,.33076647,3,0,23,3.5864737,0
3152,2.75,3,5.8374691,21.456381,8.2448521,-.86327356,4,0,28,2.5134051,0
3153,25.78125,3,13.45268,166.25,14.601426,.38839355,2,1,59,0,0
3154,25.78125,3,16.356474,228.59375,14.136828,.41692001,2,1,56,0,0
3155,48.057545,3,19.073565,510.29398,20.315594,-3.0713422,3,0,58,1.1906663,0
3156,3.046875,3,9.8822012,60.798981,6.0246534,.60680765,3,0,31,5.3959279,0
3157,20,3,4.4768891,60.713264,9.1927338,.31929085,4,0,27,1.332764,0
3158,18.75,3,4.5251222,45.084351,8.7834692,.2638227,4,0,26,1.6215422,0
3159,2.65625,3,13.004368,40.541676,6.0187988,.47841153,1,1,47,4.2183299,0
3160,6.5297761,3,12.270183,34.675007,10.156603,.70901012,1,1,44,2.2546329,0
3161,13.39522,3,9.5434408,111.63345,11.503304,.72472274,4,1,31,2.5474269,0
3162,11.71875,3,10.317485,100.01849,8.8739624,.90637302,4,1,31,2.917449,0
3163,3.8207936,3,5,284.375,14.563853,-.61423689,4,0,32,0,0
3164,4.21875,3,11.211821,98.4375,12.76084,.07036306,4,0,54,0,0
3165,.46875,1,4.4473753,3.6910605,4.8950577,-.67706144,2,0,27,5.6279054,0
3166,1.875,1,4.4707789,4.0078888,7.7163072,-.87878364,2,0,27,3.5071392,0
3167,6.09375,3,12.907269,57.148438,10.451331,.15062518,1,0,42,0,0
3168,7.3461967,3,8.3000002,46.757813,5.0930352,.16074149,2,0,22,0,0
3169,3.2279892,3,12.289404,129.51172,15.537814,.27087685,4,0,49,1.640887,0
3170,4.21875,3,13.035453,120.3125,9.9415398,-.99806905,4,1,53,0,0
3171,1.875,1,3.2878592,17.935507,5.9406743,-1.6706259,1,0,23,5.0098419,0
3172,17.441587,3,10.6,228.59375,11.501461,.70311075,4,0,38,0,0
3173,13.90625,3,12.855344,131.25,10.533555,.17508446,3,0,38,0,0
3174,9.375,3,13.183333,115.74604,11.755142,.39436263,4,0,51,1.1647646,0
3175,9.375,3,15.387954,138.66986,13.050989,.30753815,3,0,52,.96404845,0
3176,16.40625,3,8.2816811,259.76563,10.436545,-.65092063,4,1,23,0,0
3178,4.6875,3,5.3366966,61.205872,7.5455971,.24934922,4,1,22,2.2687259,0
3179,17.080036,3,44,278.90625,11.955903,-1.5076182,3,0,38,0,0
3180,11.71875,3,15.043577,251.5625,6.3139682,-2.0584953,4,1,38,0,0
3181,26.953125,3,8.6898346,60.110134,11.460155,.16421764,1,0,31,4.2913337,0
3182,53.90625,2,5.9464431,18.956051,10.013789,.14513765,1,0,29,3.8158021,0
3183,2.6875,3,10.078585,43.75,5.5185595,-1.2069279,2,0,44,0,0
3184,1.9049433,3,5.8800001,71.09375,10.513827,.014531731,1,0,44,0,0
3185,7.5945883,3,9.4499998,92.96875,11.240045,.019351421,1,0,39,0,0
3186,8.1184654,2,6.8000002,71.09375,6.2198687,-.81043845,3,0,41,0,0
3187,8.271451,2,9,60.15625,10.319678,-.73947173,2,1,41,0,0
3188,3.28125,3,15.136881,109.10156,10.128511,-1.041876,4,1,42,0,0
3189,2.28125,3,15.849794,147.65625,10.013084,-1.6927596,4,1,42,0,0
3190,14.0625,3,16.396635,202.34375,12.562232,.27453604,5,0,42,0,0
3191,9.71875,4,13.039457,27.83893,10.799512,-2.7335236,3,0,38,1.6919897,0
3192,11.21875,3,11.583532,19.748705,10.776057,-1.1815046,4,0,38,.91258299,0
3193,25.026737,3,11,125.78125,11.901215,-.14645204,3,0,61,0,0
3194,46.875,2,10.273338,4.8408766,10.587724,-1.8235409,5,0,38,1.5089751,0
3195,65.523232,2,2.832906,4.7807536,9.1330385,-1.9040321,4,0,38,2.2252948,0
3196,46.875,2,10.324986,6.1867309,9.7401829,-1.6534413,5,0,38,1.025418,0
3197,30.46875,3,9.6468821,109.82764,12.407686,-1.0825515,3,0,61,.54085708,0
3198,29.96875,3,8.7317553,59.855858,7.5327821,-.73714978,3,0,61,.95469731,0
3199,31.054266,3,10.861762,113.87777,12.080338,-1.4703494,2,0,61,.78640062,0
3200,9.375,3,15.292552,177.92401,13.770708,.019433236,5,0,48,1.2052679,0
3201,6.2770653,3,8.2208719,43.908535,6.3173614,.45771545,3,1,22,3.0700083,0
3202,3.28125,3,6.2830148,24.0625,6.8794565,.34787416,5,1,26,0,0
3203,2.3571367,3,5,23.898438,10.149411,.33273488,4,1,24,0,0
3204,3.75,3,5.9192462,32.8125,11.15576,.24922282,5,1,24,0,0
3205,17.539463,3,17.522572,72.709099,11.260711,.43175927,4,1,42,1.0544995,0
3206,3.28125,3,11.146276,41.5625,9.0882511,.77071565,2,1,59,0,0
3208,7.0155058,2,5.8800001,21.875,5.7010822,.11127061,3,0,21,0,0
3209,1.8125,3,11.627061,125.78125,10.058607,-.11294377,4,0,38,0,0
3211,27.308493,3,14.7,82.03125,8.9891062,.22939962,3,1,34,0,0
3212,28.125,3,11.959333,87.566254,11.420403,.81842071,3,0,38,1.7320791,0
3213,28.125,3,11.471761,59.558319,11.201385,1.4882684,3,0,38,1.4595802,0
3214,56.25,3,12.102669,20.384628,11.771191,.80724382,1,0,42,2.0974472,0
3215,56.25,2,12.446077,19.776985,12.51399,.73386335,1,1,41,2.0404422,0
3216,2.34375,3,4.9034944,23.146149,5.1043,-.14470831,4,1,27,5.4625893,0
3217,2.3490777,3,4.5,103.90625,11.753252,-.77082592,2,1,41,0,0
3218,1.875,3,12.91745,125.78125,10.737399,.25600573,2,1,44,0,0
3220,18.75,3,15.029143,195.97302,16.344967,.58950865,5,0,49,.74622941,0
3221,22.701519,3,29.197374,162.79097,12.28481,.77249402,5,0,48,1.0559428,0
3222,8.4375,2,15.28076,61.546329,8.4810591,.91972816,2,1,52,.24334982,0
3223,1.875,3,10.859048,185.9375,10.550103,-1.9666232,4,0,31,0,0
3224,10.3125,3,6.3359718,62.34375,5.9829664,.32184401,5,1,21,0,0
3226,1.5962276,3,4.0949998,32.8125,8.0174932,.89221954,3,0,23,0,0
3227,6.8028593,1,2.8680432,30.817318,7.0126433,1.3683825,1,0,23,1.9585845,0
3228,7.5,2,3.5936971,37.161892,4.6271772,1.1254187,1,0,23,2.6039979,0
3229,7.5,2,4.4507389,53.195847,6.082747,1.0066465,1,0,21,3.3403111,0
3230,8.9097729,2,5.0126157,22.55139,6.9319663,.94206566,1,0,23,2.7309957,0
3231,1.0240037,3,5.7447362,139.09752,13.80746,.66482973,1,1,48,5.8963003,0
3232,.9375,3,13.802524,104.75806,15.043621,.77017432,1,1,49,5.1313705,0
3233,.9375,3,14.898267,143.34167,13.179192,.75596094,1,1,48,5.1707087,0
3234,5.15625,3,8.0258799,240.625,9.7193356,-.12577015,4,0,26,0,0
3235,6.0625,3,8.8302917,240.625,11.023216,.21421313,3,0,27,0,0
3236,1.7768848,3,9.9177799,46.552845,5.5594087,.038113393,4,1,28,3.1136508,0
3237,4.111846,2,7.8669066,24.439583,10.129726,-.55202073,5,1,41,1.3218709,0
3238,4.1875,3,13.335801,115.12675,10.843035,-1.1520567,2,0,39,1.2694324,0
3239,4.0625,3,14.182202,54.6875,10.013849,-.32762414,1,1,42,0,0
3240,4.21875,3,11.121044,93.499695,7.9005418,-.063418381,4,1,44,.0068584504,0
3241,12.222878,3,9.4499998,87.5,8.6623478,.86483073,4,1,34,0,0
3242,24.569096,3,8.1899996,109.375,9.1598949,1.040044,4,0,33,0,0
3243,4.0625,3,11.305539,32.8125,9.6003447,-.12122538,3,0,46,0,0
3244,3.75,3,12.551899,65.625,10.782094,-.14983794,4,0,51,0,0
3245,21.751225,3,5.837337,68.253639,6.9523034,-.36446285,3,0,36,2.4633288,0
3247,2.9454629,1,2.8048792,10.853916,11.015362,.067130089,2,0,44,3.9424162,0
3248,3.0659471,3,8.2790518,36.093853,9.8108845,.10808282,3,0,44,3.0628195,0
3249,30.46875,3,12.776675,268.87192,7.9053783,-3.4803882,4,0,44,4.0309381,0
3250,5.15625,3,11.594985,98.688919,13.4283,.51426476,5,0,43,.00457425,0
3251,5.15625,3,13.114367,88.294144,11.150078,.64893121,4,0,42,.007577762,0
3252,2.34375,3,16.422958,632.48615,14.545185,.47763255,2,1,22,2.3385088,0
3253,3.28125,3,13.337818,57.148438,10.175054,.62777078,1,0,33,0,0
3254,39.84375,3,5.6260076,80.105186,8.3245106,-1.8555371,4,1,21,1.929415,0
3255,2.6168914,3,12.809759,205.65216,6.9089618,-.63250589,3,1,34,2.5487154,0
3256,.46875,3,11.045156,219.5295,10.694683,-1.0334796,4,0,34,1.4441053,0
3257,68.652985,2,4.1838775,9.0139942,6.2301764,.52505165,4,0,23,.27042305,0
3258,60.3125,2,2.3502452,9.0488501,4.7990646,.61532688,4,0,23,.34253466,0
3259,1.0243366,2,4.4580622,11.731222,10.823413,-.56604612,3,0,33,1.4516584,0
3260,23.547504,3,5.6462822,21.594965,4.7478104,-.3179968,4,0,21,2.3397002,0
3261,5.7914553,2,4.0638194,16.494169,7.4987221,-.32468405,4,0,21,3.408365,0
3262,11.71875,3,11.165355,415.625,12.374799,.28504843,4,1,23,0,0
3263,5.9375,3,5.1039877,142.1875,8.2388535,.46516281,4,0,23,0,0
3264,3.2076435,3,11.6,109.10156,16.767105,1.0983665,1,1,46,0,0
3265,3.0277784,2,7,72.734375,5.1204176,.8963722,1,1,21,0,0
3266,5.625,3,4.878334,20.78125,5.9943986,.66896665,1,1,22,0,0
3267,5.625,3,5.0705719,31.171875,10.136383,.71640968,1,1,22,0,0
3268,5.625,3,4.6528454,31.171875,7.0694103,.8750248,1,1,23,0,0
3269,12.614603,3,18,180.46875,15.739335,-1.0745741,4,0,32,0,0
3271,.98210865,2,3.9772837,19.023041,8.3672943,-.31416893,3,0,23,1.1697664,0
3272,.9375,2,2.4457345,13.453871,8.0515556,-.27915832,4,0,23,1.0805982,0
3273,12.700456,3,35,164.0625,6.5794454,-.69203639,3,1,33,0,0
3274,5.612556,3,19.799999,109.10156,10.749379,-1.7057412,4,0,42,0,0
3275,3.6489928,3,19,109.375,15.100525,-1.7063593,3,0,41,0,0
3277,8.28125,3,15.489311,218.75,11.80923,.24385397,3,0,57,0,0
3278,22.480024,3,18.059999,196.875,16.476654,.36040246,3,1,56,0,0
3279,2.6875,3,12.691408,54.6875,16.071613,-2.9731834,4,0,33,0,0
3280,2.3160698,3,5.5999999,87.5,11.295218,-3.2477486,5,0,33,0,0
3281,7.0623426,3,30.331263,144.90237,9.2270498,1.4882684,3,1,51,3.5755677,0
3282,25.3125,3,16.905075,181.14481,21.865072,.7234934,3,1,51,.93409353,0
3283,.8125,2,9.1978397,98.4375,6.3442011,.18448216,1,1,28,0,0
3284,3.034941,2,14.4,92.96875,8.4333334,.22117731,2,0,31,0,0
3285,2.8125,2,9.7977209,98.4375,5.6974535,.24891861,2,1,28,0,0
3286,3.0579572,3,14.7,109.375,7.9132247,.18509477,2,1,31,0,0
3287,2.9876969,3,13,125.78125,4.8558168,.27859551,1,1,28,0,0
3289,9.21875,3,9.4517927,54.6875,10.201019,.46789107,1,0,44,0,0
3290,7.96875,3,10.800667,46.732323,11.229349,.38990906,4,0,39,1.1563102,0
3291,4.6180124,3,9.1888523,34.174698,7.1050515,.30940849,3,0,39,3.8216853,0
3292,10.3125,3,11.826172,72.397171,13.129972,.3312766,4,0,41,1.1071223,0
3293,2.1875,2,4.4446936,10.247498,7.9916849,.4174023,5,0,27,1.4401963,0
3295,8.75,3,11.212337,76.5625,12.646342,.54577488,2,0,43,0,0
3296,1.40625,2,9.3112411,72.734375,8.1263323,.64730656,2,0,34,0,0
3298,17.266897,3,22.299999,262.5,16.495935,-3.4803882,3,0,41,0,0
3299,4.6875,3,10.048037,33.90625,10.328586,-.19413027,1,0,37,0,0
3300,4.7396212,3,4.8000002,27.34375,7.7715926,-.24569717,2,0,37,0,0
3301,5,2,13.068011,87.5,9.5678062,.67083561,5,0,39,0,0
3302,2.541513,2,3.6001508,11.646893,10.629152,.74598753,3,1,39,2.4039614,0
3303,3.0108862,2,7.1613841,8.9878635,4.6271772,.93639612,2,1,39,6.4120388,0
3304,2.5001874,2,18.1,82.03125,9.9463711,-1.0689604,2,0,39,0,0
3305,3.0753613,2,17,92.96875,11.951607,-1.1756505,2,0,39,0,0
3307,1.0988868,3,6,32.8125,6.6922078,.1110477,3,0,21,0,0
3308,5.15625,3,8.8108511,109.375,9.0626764,1.3008566,4,0,36,0,0
3309,8.8116741,3,11.55,76.5625,10.596286,1.0204928,4,0,39,0,0
3310,13.125,3,10.435653,213.28125,12.636506,.53984439,4,0,61,0,0
3311,6.640625,3,7.3919439,169.53125,14.496847,.51364452,3,0,60,0,0
3312,16.40625,3,12.234158,92.96875,13.400656,.66410166,5,0,46,0,0
3313,61.5625,3,3.7332792,21.875,7.4943399,.48440787,5,0,23,0,0
3314,5.59375,3,5.579608,69.49752,6.9718328,-.61611289,4,1,21,1.7060624,0
3316,2.5006526,2,10.248673,4.399044,9.4641933,-.7213648,2,1,53,3.5257294,0
3317,15.3125,3,29.898132,926.93677,30.024397,1.3833584,1,1,54,0,0
3318,4.7157273,3,7.4549999,26.25,9.2312689,.25264561,4,0,60,0,0
3319,4.6607451,2,11.55,54.6875,8.5472174,1.1234957,1,0,57,0,0
3320,5.15625,2,5.4921227,49.21875,5.3951526,1.2159406,1,1,22,0,0
3322,3.28125,3,7.6815362,60.15625,7.5521173,.51959807,2,0,28,0,0
3324,15.818853,3,4.6199999,120.3125,21.114243,.12581782,5,0,47,0,0
3325,4.0625,3,11.294377,98.4375,10.705655,.13023934,5,0,44,0,0
3326,2.0938356,3,11.235,153.125,9.4424391,.76499557,4,0,32,0,0
3328,1.0181757,2,4.5962563,0,11.304257,.12133051,3,0,52,3.0406208,0
3329,5,2,6.035965,67.061798,6.3261323,.64722586,1,1,21,5.6018672,0
3331,2.1875,3,11.351241,65.625,10.02725,.33010134,1,0,57,0,0
3332,1.0075341,2,8.9145899,49.890575,6.6705995,-.85009456,1,1,44,2.8625214,0
3333,2.5097485,2,12.855645,81.8507,6.3401995,-.88523036,1,0,44,2.7692122,0
3334,9.375,3,17.303434,224.21875,12.437508,.32166564,3,0,42,0,0
3335,23.4375,3,7.04532,72.734375,8.3528061,.51105094,3,1,27,0,0
3336,2.4938076,3,7.1399999,92.96875,5.1695285,.47605473,4,1,27,0,0
3337,2.7367647,3,4,25.976563,8.2551718,.27928147,4,0,31,0,0
3338,3.1009974,3,7.9000001,29.09375,6.1812682,.50373977,4,0,29,0,0
3340,12.043462,3,12.5,169.53125,11.516704,.29664919,3,0,33,0,0
3341,4.5453868,3,13,158.59375,13.292329,.26112139,3,0,33,0,0
3342,45.690559,3,3.7997675,183.51868,10.844624,-.85004878,4,1,21,1.0857773,0
3343,35.15625,3,7.7928009,128.79298,8.5518208,-.66565186,3,1,21,1.7163604,0
3344,6.628047,1,2.5825181,12.655844,10.284482,.25586659,4,0,44,1.3462092,0
3346,7.03125,3,7.7377038,43.109951,7.5046616,-.25157782,4,1,28,1.3311607,0
3347,2.75,2,11.363782,87.5,10.380015,-.52433819,3,0,44,0,0
3348,39.84375,3,15.711757,142.1875,31.155828,.21554422,5,1,49,0,0
3349,2.6711953,2,6.3000002,26.25,7.8451886,.42057142,3,0,34,0,0
3350,1.875,3,10.361488,109.375,8.4878359,1.0645901,4,1,36,0,0
3351,2.1875,3,11.313825,87.5,11.984812,.96579933,3,1,36,0,0
3352,1.1587557,3,18.909817,78.063591,11.108077,-.010023799,2,0,42,1.6735201,0
3353,3.75,3,13.215826,77.929688,10.750669,.92175889,4,0,52,0,0
3354,1.40625,3,4.8202219,72.356972,15.906301,.37013733,4,0,26,2.3275011,0
3355,8.28125,3,12.999642,196.875,11.20202,.78569806,2,0,44,0,0
3356,3.1024632,3,17.43,153.125,13.610806,.70825052,3,0,43,0,0
3357,27.276566,3,17.85,229.6875,17.435265,.4749217,3,0,43,0,0
3358,9.375,3,13.792345,218.75,12.097958,.69822645,3,0,44,0,0
3359,8.8147497,3,16.799999,175,13.989579,.65894401,2,0,47,0,0
3360,1.987533,2,4.594327,97.887329,7.7205443,-.79340374,4,0,57,3.1379037,0
3361,3.5938096,2,10.5,76.5625,12.664926,.39348578,3,0,43,0,0
3362,4.6875,3,7.1488938,100.34148,8.3302116,.0029018349,3,1,22,2.2318304,0
3363,22.048494,3,27,114.84375,9.8713884,-.7738452,3,0,57,0,0
3364,16.40625,3,11.89225,114.84375,11.273086,-.45057175,4,0,57,0,0
3365,1.40625,3,12.908637,50.3125,8.8998747,-.24607214,3,1,38,0,0
3366,16.40625,3,16.773296,190.10109,9.3440685,.52434587,5,1,51,2.3377228,0
3367,24.0625,3,14.22078,205.62885,17.447792,.59688544,4,1,54,1.7671001,0
3368,6.09375,3,12.674975,177.59296,11.135579,1.4882684,1,0,38,1.9174196,0
3369,24.027077,3,20.558897,142.30089,8.3631363,.0471281,3,1,48,1.6285832,0
3370,23.4375,3,26.887287,926.93677,29.052189,-.82045513,4,0,44,0,0
3371,11.796875,3,28.770329,926.93677,31.155828,-.67529106,3,0,43,0,0
3373,18.349733,3,21,218.75,12.318591,.14245996,5,1,37,0,0
3374,14.0625,3,17.538298,262.5,12.675918,.15483283,5,1,39,0,0
3375,.9375,2,12.691621,15.543737,5.4199238,-.16375986,2,0,52,8.6002913,0
3376,5.625,3,15.053654,240.625,13.16706,-.38629162,4,1,37,0,0
3377,22.34375,3,4.0047188,71.09375,6.7895746,.39074048,4,0,21,0,0
3378,2.8125,3,17.563597,187.03125,7.3403759,1.153855,3,1,51,0,0
3379,1.9280249,3,8,76.5625,10.518975,-.74467146,1,0,61,0,0
3380,7.03125,3,15.172228,120.3125,11.018102,.70445824,5,0,52,0,0
3381,4.765625,3,15.981632,164.0625,16.391844,.86574239,5,0,52,0,0
3382,1.875,3,12.044801,32.8125,9.2886715,.1396915,3,0,58,0,0
3383,9.6875,2,7.4318795,72.301521,7.2885003,.73956454,1,0,28,2.8290012,0
3385,17.104704,3,19,28.054688,8.2938032,.75393331,2,1,38,0,0
3386,14.0625,3,11.995136,35.328125,9.8338928,.361707,2,1,37,0,0
3387,16.374613,3,11,32.210938,12.808806,.5782454,1,1,37,0,0
3388,1.875,2,11.045055,19.31036,13.423978,.1591365,3,0,54,3.0864799,0
3389,1.8866026,3,8,109.375,4.6271772,-.57388645,4,0,21,0,0
3390,1.875,2,12.626936,48.007389,6.4059348,.80771184,2,0,41,5.2447453,0
3391,2.1875,3,19.73905,404.69162,18.094542,.089719996,1,1,41,1.9644045,0
3392,5.1108823,3,9.210043,478.24164,13.20647,.11169567,2,1,39,2.3144834,0
3394,9.375,3,12.221658,22.577749,11.806234,-.0583429,4,1,41,1.1383761,0
3395,10.834073,2,4.9091296,10.619287,10.580746,-.046459548,3,1,39,1.4838668,0
3396,81.012222,2,6.0900002,16.40625,9.9446039,.43155247,5,0,38,0,0
3397,79.091927,3,6.3000002,22.96875,9.3247824,.35256493,5,1,39,0,0
3398,60.3125,2,11.826593,14.21875,7.8389497,.38244653,5,1,38,0,0
3399,2.9154651,3,4,114.29688,19.957243,.35766879,2,1,22,0,0
3400,.98200971,3,6.6999998,37.40625,8.971159,.665811,3,1,53,0,0
3401,.94436038,3,4,28.054688,7.715034,.66895646,3,1,52,0,0
3402,6.0924683,1,6.476294,5.8876734,10.20382,.787054,4,0,27,1.7505455,0
3403,.95661491,3,5,103.90625,8.1841564,.088318281,2,0,28,0,0
3404,1.875,3,10.171713,114.84375,8.1219063,.1374463,3,1,28,0,0
3405,4.7449183,3,25,93.515625,12.996539,-.39309663,2,1,49,0,0
3406,8.0179996,3,15.769922,445.86734,17.348919,.664671,2,0,39,1.5588264,0
3407,1.1416535,3,16.821623,119.31028,11.731941,.48122367,1,0,47,1.8874501,0
3409,11.71875,3,11.426427,72.734375,9.4478951,.47951066,4,0,58,0,0
3410,1.875,3,12.251534,142.1875,13.221061,.74733716,4,0,54,0,0
3411,2.890625,3,14.227783,100.47305,11.933222,.15962075,1,1,41,2.3500719,0
3412,11.71875,3,18.120169,231.94002,12.838664,1.4882684,2,1,33,1.2866218,0
3413,10.625,3,18.101114,146.41814,11.765518,.96953064,2,1,32,1.1505415,0
3414,14.0625,3,12.091204,55.784462,11.991813,.51907384,3,0,57,1.5354269,0
3415,2.2001283,3,4,109.375,8.0988684,.21911645,3,1,31,0,0
3416,.703125,3,2.7631953,32.8125,7.9119759,.59261483,4,0,23,0,0
3417,1.875,2,3.4582031,7.7769847,8.6206665,1.4882684,1,0,22,4.5874009,0
3418,23.4375,3,11.233816,62.34375,9.4577618,-.3558352,4,0,58,0,0
3419,20,3,14.796243,191.08124,13.521343,.56102395,3,0,58,1.6634388,0
3421,4.6875,3,13.636262,164.90236,14.962092,-1.0770718,4,0,47,1.8449389,0
3422,1.6791177,2,12.603739,18.266727,14.538593,.54966211,2,0,41,5.6026559,0
3424,20.838528,3,10.986587,23.500023,13.155474,.39400434,2,0,46,2.8020449,0
3425,2.75,3,11.516758,41.5625,12.14007,.10570589,3,0,54,0,0
3426,1.875,3,11.456106,38.28125,7.5131221,.20924665,3,0,54,0,0
3427,21.09375,3,14.034744,218.20313,12.581426,.37747398,4,0,57,0,0
3428,21.09375,3,13.931628,145.46875,13.196121,.40831789,5,0,56,0,0
3429,3.59375,3,5.8004208,120.3125,4.6271772,.28402236,4,0,26,0,0
3430,4.1307268,3,12.81,207.8125,12.293692,.73774379,4,1,39,0,0
3431,4.765625,3,5.0751276,44.858486,8.0093012,.44393429,3,0,22,2.5018394,0
3432,10.453678,3,5.1999998,147.65625,9.1724377,-.18640196,4,0,23,0,0
3433,5.15625,3,8.354682,322.65625,11.572247,-.20782964,4,0,23,0,0
3434,3.15625,3,6.3313708,213.28125,10.114763,-.18734679,4,0,23,0,0
3436,1.8006889,2,5.9764795,8.1471338,10.190492,-.60017741,1,1,39,3.2181969,0
3437,6.875,2,10.930352,10.296036,8.5577679,-.67971253,1,1,38,1.8113799,0
3438,3.5029943,3,7.1399999,65.625,10.832777,.39021912,3,0,23,0,0
3439,9.375,3,5.6608362,93.515625,7.8692622,.27579334,3,0,22,0,0
3440,43.183685,3,14.7,131.25,5.8148346,-.14961629,5,1,51,0,1
3441,1.875,3,12.811689,150.27707,8.2819614,-.51330042,4,0,57,2.2247517,0
3442,7.96875,3,13.684388,54.6875,9.9429474,.041551881,1,1,48,0,0
3443,2.75,3,10.483454,185.9375,8.4709501,-.42564967,3,0,28,0,0
3444,3.5363019,3,4.9000001,114.84375,5.9381232,-.42177325,4,0,28,0,0
3445,3.1470811,3,11,477.96875,13.226268,.022859488,5,0,34,0,0
3446,1.171875,3,21.269976,366.40625,13.20332,.033773132,5,1,33,0,0
3448,11.25,3,4.9791546,51.953125,8.242775,.13431923,2,0,24,0,0
3449,2.6875,3,3.9139638,42.65625,8.0219221,-.036592353,2,0,23,0,0
3450,11.454044,3,4,36.09375,5.1189599,-.026918538,2,0,23,0,0
3451,12.6875,3,3.3141122,42.65625,7.8442593,-.039512131,1,0,23,0,0
3452,10.654695,3,9.9750004,196.875,10.136574,.020950373,5,0,44,0,0
3453,3.0278642,3,7.2503109,21.617352,4.9855165,.69168413,3,1,24,2.9785895,0
3454,3.0317008,3,5.7095509,54.449173,7.41646,.30475515,1,1,28,3.1560776,0
3455,45.760227,3,57,93.515625,14.882277,-.22556096,2,1,28,0,0
3456,25.349905,3,46.799999,140.27344,7.0976577,-.30900338,3,1,28,0,0
3457,39.84375,3,11.735499,218.20313,9.7248316,-.34213167,3,1,29,0,0
3458,51.753857,3,70.199997,140.27344,17.034996,-.25746253,3,1,28,0,0
3459,3.75,1,12.280215,50.608315,8.6698465,-.0042517711,2,0,58,1.2898293,0
3460,25.15625,3,17.818846,207.8125,11.953284,1.0364451,5,1,42,0,0
3461,9.375,3,16.85454,155.85938,11.103447,1.0613219,2,1,33,0,0
3462,10.105211,3,5.0969305,124.37909,6.5885496,-.15050848,4,0,21,.089924857,0
3463,2.0374949,3,7,45.71875,10.20438,.96117395,1,0,32,0,0
3464,4.65625,3,8.3559656,38.28125,8.6916256,-.19415775,2,0,34,0,0
3466,4.2103577,3,6.2046709,46.893372,7.7349048,.89962029,4,0,21,3.4206102,0
3467,3.75,3,4.4608788,44.571198,9.2807455,1.2163244,3,0,23,2.9333782,0
3468,2.5833702,3,8.6000004,120.3125,7.4623461,-.68979299,3,1,58,0,0
3469,13.5625,3,4.1496859,25.910414,8.1775532,-.33834448,4,0,27,.64529401,1
3470,16.9576,3,5.5789356,239.18338,12.390436,1.0217891,4,1,44,1.7036916,0
3472,27.5,3,14.74262,115.19719,15.390587,.5770911,5,1,49,1.2138232,0
3473,32.8125,3,14.24816,229.6875,15.704216,-.14081557,5,0,43,0,0
3475,20.462267,2,28.538279,0,13.181658,.71558076,3,1,48,3.7457504,0
3476,20.042501,2,22.134047,0,12.26536,.76081133,4,1,47,2.8144517,0
3477,2.75,3,14.992465,156.70149,9.82899,-.50350744,4,1,41,1.5683131,0
3478,.9375,2,4.3355403,16.715485,7.8325367,.032107532,3,0,22,3.6986485,0
3479,.9375,3,6.8284583,92.96875,8.453248,.0082690427,2,1,24,0,0
3480,1.875,3,12.854878,121.25618,8.8933983,-1.5137972,1,0,58,3.7253859,0
3481,1.875,3,14.587153,144.50246,10.627153,-.97122353,1,1,58,2.7887232,0
3482,1.875,3,14.057387,114.19639,10.035486,-1.6213754,1,1,58,2.1637626,0
3483,8.0641508,3,12.6,705.46875,6.9221587,.34407768,1,1,34,0,0
3484,4.6875,3,13.260402,453.90625,11.272667,.52927423,2,1,22,0,0
3485,6.40625,3,11.033859,107.37417,10.527644,.76179147,4,0,38,1.2138194,0
3487,6.40625,3,14.184188,159.8297,13.453171,.58521295,3,0,39,1.4285444,0
3488,5.8220434,3,7.0349998,393.75,17.69507,.46989179,5,1,52,0,0
3490,9.375,3,10.166633,188.95345,11.305785,1.4577824,4,0,34,1.0674261,0
3491,2.3475757,2,11.288344,10.498339,5.8616352,.80120295,3,1,53,4.4297519,0
3492,4.0729589,2,21.5,72.734375,9.2988605,1.0506041,2,1,46,0,0
3493,2.9284472,3,6,62.34375,6.4956574,.7521826,3,1,21,0,0
3494,2.34375,3,4.2823763,41.5625,8.1917391,1.1611202,3,0,23,0,0
3495,4.53125,3,5.6750898,81.281929,8.8657227,-.050224517,3,0,21,3.8125458,0
3496,8.2876358,3,9.0461931,120.21449,13.786248,-.064348906,4,0,33,2.3409832,0
3497,3.2636509,3,7.9190946,377.36874,6.9520755,-.40455291,5,0,22,1.2291973,0
3498,3.75,3,16.33596,333.23004,6.8533211,-.68529558,5,0,38,1.2868733,0
3499,12.073903,3,7.3499999,52.5,9.8312511,.60081011,2,1,52,0,0
3500,1.1175529,3,5.7750001,103.90625,11.269516,.59201568,3,1,47,0,0
3501,7.109375,3,12.899708,142.1875,20.376429,.27249548,2,0,38,0,0
3502,7.03125,3,25.304813,612.5,18.950548,.36356214,5,1,42,0,0
3503,5.9375,3,29.660086,926.93677,28.88484,.27029684,4,1,41,0,0
3505,10.718245,3,4,82.03125,10.979908,.006292358,3,1,42,0,0
3506,8.9662247,3,5.3441453,156.79086,19.126259,.60390121,4,0,43,1.1678525,0
3508,7.8610606,2,5.2529268,62.736076,8.927804,-.50596642,3,0,23,2.7034936,0
3509,3.625,3,16.96969,309.66061,21.261744,-2.2895381,4,1,48,3.3330495,0
3510,8.4801579,3,8.3999996,51.953125,10.773211,1.0092468,4,0,43,0,0
3511,7.5,3,9.8125725,20.78125,10.301641,.63535482,3,0,44,0,0
3512,12.377439,3,10.8,339.0625,16.255543,-.25938576,4,0,42,0,0
3513,37.5,4,21.134701,360.9375,10.854044,-1.3755738,5,0,51,0,0
3514,9.84375,3,5.5407643,76.5625,6.9284472,-.062642969,4,1,22,0,0
3515,6.40625,3,11.641579,65.625,9.5507917,.65490544,3,0,38,0,0
3516,15.333321,3,18.173285,55.889328,31.155828,.53224522,4,0,56,1.5314449,0
3517,9.375,3,10.781353,83.125,10.506691,.77647775,5,0,44,0,0
3518,9.375,3,10.826653,57.148438,12.71476,.58839762,5,0,43,0,0
3520,22.407751,3,28.1,164.0625,12.521888,.062728375,4,0,32,0,0
3521,15.165813,3,29.683014,544.83801,23.217543,.3880983,3,1,32,.39961118,0
3522,4.21875,2,9.4307756,19.475893,5.5293603,.82589114,4,0,38,.82834285,0
3523,2.34375,3,15.451389,145.46875,10.137332,.42022714,1,1,48,0,0
3524,2.34375,3,5.772965,131.25,8.7885723,.8703264,4,0,26,0,0
3526,7.8315392,3,4.9329586,43.952152,7.5414457,.33899245,1,1,28,3.20401,0
3527,4.53125,3,5.8566942,43.18462,8.8443451,.24892792,1,1,27,4.8975616,0
3529,17.65625,3,10.02907,21.875,9.4665232,1.1537739,5,0,44,0,1
3530,21.507517,3,21.25016,926.93677,22.584595,.82993299,5,0,36,.28739533,0
3532,19.6875,3,12.176959,32.8125,11.988617,-2.0316889,5,0,47,0,0
3533,22.96875,3,8.4090681,93.515625,9.4043789,.42618161,4,0,34,0,0
3534,23.849567,3,9.1000004,124.6875,25.588577,.65632963,4,0,34,0,0
3535,2.6875,2,15.075429,92.96875,10.514173,-.26769248,3,0,33,0,0
3536,2.8911879,3,5.5,103.90625,11.749192,-.33631572,4,0,33,0,0
3537,10.625,3,11.52707,96.590424,27.444389,-.26408207,2,0,43,.93155378,0
3538,16.317717,3,10.550396,90.83963,11.434178,-.23307455,2,0,44,1.1759129,0
3539,10.78125,3,5.7592793,83.125,8.3299303,1.4454093,2,0,27,0,0
3540,.46875,3,13.221337,30.452812,18.256191,.23404735,3,1,57,.57815784,0
3541,.9375,3,13.215472,30.228584,9.8252439,.19719782,3,1,57,.94177812,0
3542,91.802139,3,3.4649999,328.125,11.775599,.5178324,5,0,29,0,0
3544,23.4375,3,13.614225,95.350311,15.615655,.89509279,2,1,58,3.5176308,0
3545,3.125,3,15.943528,147.65625,13.152231,.551274,3,1,41,0,0
3547,1.875,3,5.3044457,76.5625,6.9876122,-.60662353,2,0,21,0,0
3548,.99484181,3,6.4000001,136.71875,10.273082,.073455364,3,0,29,0,0
3550,7.8781343,3,17.102741,326.41974,17.854431,.32906353,4,0,47,.56943518,0
3551,4.53125,3,6.0930991,180.46875,9.5221519,-1.0171704,1,0,23,0,0
3552,6.5625,3,4.7779903,109.375,6.5541968,-.91299218,1,0,23,0,0
3553,25.78125,3,16.654654,185.9375,12.867785,.026313087,4,0,32,0,0
3554,2.1110425,1,3,83.125,10.126296,-.16042063,4,0,23,0,0
3556,14.47611,3,7.0860338,34.473171,8.1402235,-.27244154,2,0,23,.88524932,0
3557,27.625,3,18.543814,427.18903,19.862202,-1.8525476,2,0,56,.74783272,0
3558,.9375,3,14.516941,82.58728,9.8406763,.23129755,3,0,33,1.660646,0
3559,.9375,3,14.76804,116.56345,11.430103,.080206811,2,0,33,1.2987804,0
3560,.46875,3,6.2463555,71.09375,8.5121384,-1.0229106,3,0,26,0,0
3562,7.96875,3,11.683541,125.78125,9.6989002,.13544118,3,1,34,0,0
3563,8.4215813,3,5,60.15625,9.9083948,.16861603,2,1,34,0,0
3564,12.39396,3,4.1999998,103.90625,8.0289898,.20057063,3,0,34,0,0
3565,143.77023,3,36.75,185.9375,11.970041,.41103488,4,1,51,0,0
3566,2.7471037,3,7.8156791,44.279099,10.86946,-.20730656,1,0,23,3.0029135,0
3567,14.0625,3,4.8600755,25.976563,11.147935,.76194429,1,1,21,0,0
3568,14.272355,3,5.4000001,31.171875,6.5566525,1.0514189,2,1,22,0,0
3569,5.625,4,15.748724,142.1875,11.493758,-.10787321,5,0,57,0,0
3570,5.125,4,18.072901,295.3125,7.3212638,-.15063256,5,0,53,0,0
3571,3.6645992,4,11,284.375,13.330008,-.17346543,4,0,53,0,0
3572,24.147329,3,17.074938,598.86749,28.723442,-3.1438568,2,1,54,.67765373,0
3574,7.03125,3,12.326577,28.666943,13.53067,.74617279,4,1,47,2.6104598,0
3575,5.9375,3,14.746383,28.168365,11.384718,.56535757,3,1,42,2.481735,0
3577,4.6875,3,15.068283,176.64063,14.028096,-.77726585,5,0,47,0,0
3578,3.1875,3,17.493765,377.34375,17.26874,-1.5024624,5,0,46,0,0
3579,9.21875,3,17.46809,393.75,9.8311357,.64133656,3,0,43,0,0
3580,14.661129,3,63.525002,503.125,19.442978,1.1839038,4,0,41,0,0
3581,27.066565,2,17.524324,12.712519,10.853553,.47173128,1,1,38,1.4210877,0
3582,11.71875,3,10.388199,202.1142,8.48106,-.74612844,4,0,34,2.4915888,0
3583,12.117909,3,8,202.61719,10.99941,.32047662,3,1,38,0,0
3584,3.28125,3,13.568119,73.420105,13.13247,.52830768,5,1,56,1.7611651,0
3585,4.53125,3,13.880435,69.274597,8.0797901,.41792268,5,0,52,2.2618587,0
3586,2.8125,3,12.65469,54.863983,10.222214,.4287498,5,1,53,2.6017838,0
3587,4.53125,3,13.251416,26.916683,11.082728,.58910149,4,1,52,2.2034492,0
3588,31.922554,3,30.200001,175,15.101075,-.73763603,4,0,26,0,0
3589,2.8125,3,7.7163043,193.12373,9.1475601,-.86384404,5,0,21,2.5542684,0
3590,4.2526808,3,5.5574031,292.97531,16.215771,-.44054115,5,0,23,1.2415091,0
3591,4.765625,3,4.6702619,54.6875,11.545959,.54622477,2,0,21,0,0
3592,3.28125,3,3.2610912,27.34375,7.508935,.33790129,1,0,23,0,0
3593,27.133627,3,5.25,114.84375,14.492177,.22384916,3,1,33,0,0
3594,1.8125,3,7.5439491,159.92813,22.935232,-2.4499757,5,0,27,1.6689943,0
3595,3.125,3,6.8916135,184.62315,12.042334,-2.181699,4,0,27,4.2868037,0
3596,8.4375,3,18.425945,145.46875,11.147961,.45354831,2,1,32,0,0
3598,14.0625,3,10.345665,50.466995,18.407888,.75502247,4,0,57,2.6414146,0
3599,12.065063,1,8.8271866,13.24067,23.356583,.56725401,3,0,60,2.5613015,0
3600,2.34375,2,4.723897,13.999639,6.6436386,.33724719,4,1,27,3.9603,0
3601,2.421875,2,7.0974903,19.970648,7.4616427,.43981528,4,1,28,2.3715296,0
3602,2.875,3,15.505296,251.5625,13.934773,.15127131,4,0,41,0,0
3603,20,3,13.793019,511.48697,17.254313,.7274642,1,1,24,2.2763028,0
3604,26.329903,3,6.9353938,488.39615,15.720861,.78618288,2,1,26,2.5236666,0
3605,7.34375,3,15.184107,147.65625,10.967946,.91727495,5,1,39,0,0
3606,2.5779076,3,10.08,114.84375,9.877305,.67829669,5,0,39,0,0
3607,13.219833,3,7.9345226,23.229038,10.741984,.0000568,3,0,39,.67440581,0
3608,11.21875,3,10.555324,20.684107,10.657461,.000071900002,4,0,39,.94141281,0
3609,52.1875,3,14.35369,196.875,19.774296,.48778081,4,1,54,0,0
3610,7.03125,3,16.138817,333.59375,12.206134,.77869296,3,1,34,0,1
3611,3.59375,3,6.9726691,153.125,9.162323,.75206649,4,1,24,0,0
3612,4.6875,3,7.9429784,142.1875,6.6929412,1.1208867,5,1,24,0,0
3613,8.6904955,3,8.3999996,185.9375,9.1478338,.56408644,5,0,26,0,0
3614,41.21875,3,5.0221539,27.34375,7.5945835,-1.5067531,5,0,26,0,0
3616,15.90625,2,14.913153,54.6875,9.6573839,-.32625428,1,0,32,0,0
3617,6.0070896,3,4,87.5,10.778523,-.23424323,4,0,36,0,0
3619,4.6875,3,13.329412,109.10156,11.704614,1.0244241,1,1,54,0,0
3620,4.6875,3,16.055752,202.61719,12.335629,1.281875,2,0,51,0,0
3622,2.34375,3,5.3040557,32.020481,7.6501303,1.0146748,2,1,23,1.7110605,0
3623,9.6875,3,12.185296,131.25,8.6516676,.91255122,1,0,38,0,0
3624,15.66867,3,18.9,109.375,14.123902,.99127865,2,0,42,0,0
3625,18.75,2,10.226001,17.085213,14.547012,1.1184715,3,0,43,1.8591205,0
3626,14.0625,3,13.403583,224.68974,13.42617,.18449962,3,1,36,2.8290434,0
3627,7.9447989,3,10,32.8125,5.2071242,-1.0496509,1,0,43,0,0
3628,7.03125,3,4.1184325,21.875,7.3366003,.1747788,1,0,26,0,0
3629,15.90625,3,13.29113,93.536003,12.761659,.32043087,2,0,47,.72452611,0
3631,13.90625,3,12.883417,103.90547,13.231776,.37289274,1,0,47,.90451151,0
3632,27.686844,3,63.717678,256.35901,20.752045,.63640422,5,1,32,.28927761,0
3634,5.6364412,3,3.556474,45.975029,10.751906,-.49883127,4,0,34,2.971143,0
3635,9.6875,3,13.822938,39.375,9.8030682,.1767803,4,1,52,0,0
3636,6.6261339,3,7.3499999,25.15625,13.312236,.18519495,5,1,52,0,0
3637,4.0625,3,14.266463,109.375,10.071017,.63793463,5,0,48,0,0
3638,7.678771,3,22.26,43.75,9.5898952,.23724163,5,1,53,0,0
3639,3.9200053,3,6.3000002,120.3125,23.518759,-.2963956,3,1,28,0,0
3640,62.65625,3,7.5365334,196.875,8.301507,.32189626,4,1,22,0,0
3641,2.890625,3,13.904917,132.31616,12.991387,.031764749,4,0,52,1.5849547,0
3643,4.9772754,3,12,125.78125,12.330424,-.28236461,3,0,37,0,0
3644,70.3125,3,14.583643,113.87324,15.628683,-1.9459449,3,0,42,1.7167233,0
3645,84.499634,3,19.101624,129.97777,5.4530187,-1.9543966,3,0,42,2.9738369,0
3646,72.969772,3,24.197216,81.171715,15.77978,-1.6100686,3,0,42,2.0444636,0
3647,4.0625,3,16.544165,43.75,9.8203459,.25849852,2,1,32,0,0
3649,.8125,3,7.2763052,163.72247,10.080207,-.92762697,5,0,24,1.3751057,0
3650,43.09375,2,10.403926,10.88658,10.101313,-2.4443789,5,0,38,1.1474898,0
3651,2.65625,2,5.4226513,51.07547,8.0315752,1.1134074,3,0,21,4.1141424,0
3652,5.15625,4,18.376514,311.71875,13.231492,.09478458,5,0,53,0,0
3653,2.6997223,1,4.1999998,18.59375,9.4127378,.1735618,1,1,34,0,0
3654,21.318071,3,31.568441,202.07672,18.054274,1.1599065,4,1,58,.40855923,0
3655,12.96875,2,11.844165,7.3387089,12.697871,.72932881,3,0,47,1.1938015,0
3656,5.859375,3,10.785401,20.214626,11.540138,.64729583,4,1,46,1.1173321,0
3658,22.323034,2,15.47337,13.054651,11.996413,.65260816,4,1,47,.89075047,0
3659,12.887206,2,16.463457,6.3572721,16.450562,.76701379,3,1,49,1.0361098,0
3661,14.204095,3,25.705105,27.822847,10.377507,.38238209,1,1,44,2.0217035,0
3662,14.736377,3,46.178738,926.93677,31.155828,-.51210123,3,0,46,.31499818,0
3664,13.5625,3,30.218292,926.93677,31.155828,-.31084654,3,1,46,.36334974,0
3665,13.771611,3,3,120.3125,11.896608,-1.2891316,1,0,48,0,0
3666,.46875,3,12.759862,65.625,10.52051,-.59365577,3,0,39,0,0
3667,1.875,3,12.270709,60.15625,10.352175,-.39911115,2,0,39,0,0
3668,2.875,3,12.658756,60.15625,10.967884,-.4673492,3,0,39,0,0
3669,1.8125,3,12.432021,109.375,5.1026368,-.26879463,3,0,37,0,0
3670,8.5457211,3,11,109.375,11.584015,-.26569426,3,1,37,0,0
3671,2.8125,3,14.169989,41.5625,9.5239964,.77044326,1,1,42,0,0
3672,1.40625,3,14.67399,36.367188,15.76225,1.3199699,2,1,42,0,0
3673,11.966112,3,13.690657,387.28867,15.191943,-.75235218,4,0,34,1.0667453,0
3674,3.1875,3,20.245058,350,14.370114,-.24108481,2,1,42,0,0
3675,2.34375,2,14.510326,49.229362,13.020289,-1.58947,2,1,51,2.4692729,0
3676,2.34375,2,13.571563,45.748596,10.643997,-.89813304,3,0,51,1.6760883,0
3677,1.84375,2,14.639958,35.286179,10.466346,-1.3699956,3,1,51,2.7200029,0
3679,14.0625,3,16.188578,129.88281,11.585167,.51308554,3,1,51,0,0
3680,2.4567885,3,5.0999999,76.5625,9.4830313,-.10767191,3,1,34,0,0
3681,9.375,3,6.596921,72.734375,20.192249,-.080279432,3,1,22,0,0
3682,8.875,3,7.0724058,98.4375,7.5456929,-.07082019,3,1,22,0,0
3683,1.875,3,13.998364,65.488205,11.787357,-.031436905,3,0,42,1.363832,0
3684,1.875,3,13.716384,122.35234,12.955606,-.026195927,4,0,42,.68388379,0
3685,1.875,3,13.561509,114.83244,12.230508,-.032587405,4,0,42,1.0989728,0
3686,2.013133,3,5.2211795,52.630856,9.0367069,-.37366727,4,1,27,1.8894706,0
3687,1.8125,3,7.6524816,91.863312,7.1612244,-.45015433,3,1,27,2.414603,0
3688,9.0724964,3,5.5155873,107.13379,8.780612,-.19123065,3,1,28,1.5471233,0
3689,8.875,3,9.3162165,68.535828,8.3496809,-.20816006,3,1,28,1.6954606,0
3690,9.5648985,3,5.3059597,84.09938,17.293467,-.2953915,3,0,28,.94947863,0
3691,6.875,3,9.5153236,100.42116,8.5003538,-.2587893,2,1,28,2.2464643,0
3692,53.90625,2,12.827955,84.345047,12.532659,-2.7308381,2,1,38,3.2604613,0
3693,3.125,3,15.416108,54.6875,10.936515,.16463093,5,1,33,0,0
3694,3.125,3,16.225412,98.4375,10.321691,.11381443,5,1,33,0,0
3695,5.625,3,14.445972,65.625,10.21007,.16357131,4,1,33,0,0
3696,70.3125,3,8.6145935,237.76779,16.953133,.0083354181,3,0,24,1.2513869,0
3697,69.8125,3,9.7635889,303.07388,15.17663,.0059606549,3,0,24,1.6595302,0
3698,3.28125,3,3.7711389,46.757813,7.6286526,1.130716,1,0,23,0,1
3700,25.78125,2,3.6759901,7.3250437,14.016575,-.65712392,4,0,24,2.8261781,0
3701,33.78125,2,3.7903347,15.979638,13.903113,-.89998448,4,0,24,2.6096413,0
3702,15.455178,3,14.030187,108.7271,21.249641,-.28364995,4,0,56,.41508725,0
3703,11.71875,3,30.217999,926.93677,28.578926,-.045103651,2,1,46,0,0
3704,63.007694,3,10.605,481.25,14.33112,.53548986,5,0,36,0,0
3705,10.15625,3,6.449441,82.03125,6.7722669,.57024932,3,0,26,0,0
3706,17.262205,3,19,109.10156,11.251105,.3636418,2,0,48,0,0
3707,2.75,3,4.6109977,100.43554,14.782154,-2.9928579,4,0,60,1.3132948,0
3708,7.03125,3,3.2661629,37.40625,4.6271772,.98680693,4,0,22,0,0
3709,4.0625,3,13.467938,114.73009,13.098723,.80857188,4,1,56,.86741334,0
3710,1.7710184,3,9.3450003,103.90625,10.016117,.88694966,2,1,59,0,0
3711,4.765625,3,4.0614629,43.75,4.6271772,.48552904,4,0,27,0,0
3712,10.261554,3,3.3599999,40.46875,6.4684119,.82648271,5,1,28,0,0
3713,4.1213341,3,4.1999998,47.03125,5.575099,.59702623,5,1,27,0,0
3714,1.7827158,3,11.55,251.5625,15.88477,.085301019,2,0,56,0,0
3715,23.4375,3,4.6883955,114.29688,7.7749252,.64473283,4,0,22,0,0
3716,3.984375,3,8.8611298,111.53989,10.043829,.67917359,4,0,36,1.6541491,0
3717,9.21875,3,8.8436155,110.52491,9.2666998,.78811568,4,0,36,1.561722,0
3718,42.1875,3,10.819092,46.252701,12.605719,-.79190463,4,0,58,2.0859356,0
3719,22.293955,3,11.55,98.4375,11.155313,.60166562,2,0,33,0,0
3721,3.1145165,3,6,87.5,10.219771,.0088444604,4,1,57,0,0
3722,3.75,3,10.088849,92.96875,8.584794,.6296342,1,1,34,0,0
3723,14.064278,3,4.1999998,87.5,8.278038,.76174569,1,1,34,0,0
3724,7.9333277,2,6.4000001,51.953125,6.5526266,.51609987,4,0,28,0,0
3725,15.3125,2,8.2902737,62.564655,8.8808241,.46950582,4,0,36,1.9450326,0
3727,15.3125,2,11.818815,62.839024,11.518671,.50645208,3,0,37,1.7806411,0
3728,6.5934863,3,4.6035109,186.20601,11.084236,-.32469878,4,0,37,1.5645403,0
3729,4.4368124,3,19.612211,193.53526,8.116641,.21237206,4,1,48,1.9075545,0
3730,7.03125,3,10.248986,25.976563,9.6814051,.99771988,4,0,57,0,0
3731,7.6499839,3,7,41.5625,8.3995552,.7074641,3,0,56,0,0
3732,2.8125,3,12.130956,371.875,31.155828,.41075543,4,0,29,0,0
3733,2.8125,3,13.862974,114.29688,9.6012516,1.3632197,3,1,38,0,0
3734,.9375,3,7.5747566,20.78125,8.215332,.12235508,4,0,31,0,0
3736,32.088276,3,30.325357,98.916801,14.387282,-.60204071,4,0,41,1.1285731,0
3737,16.40625,2,4.5307093,31.583633,8.6224985,-1.9758518,3,0,23,2.0207019,0
3738,12.686143,3,6,98.710938,6.9881177,.27189165,4,1,32,0,0
3739,14.03125,3,17.362438,300.78125,13.390554,-.25638729,4,0,42,0,0
3740,14.03125,3,19.147434,262.5,11.771122,-.24171558,5,1,42,0,0
3741,41.653854,3,20,153.125,6.901042,.069746599,4,0,49,0,0
3742,24.509974,3,8.8199997,33.90625,8.1057301,.37930468,2,0,24,0,0
3743,7.8808994,3,12.6,35,10.227558,.44289774,1,0,23,0,0
3744,6.09375,3,3.9344451,43.75,5.9960508,.48776156,2,0,23,0,0
3745,9.1089096,3,4.8925538,43.825352,8.7281227,-.052709259,5,0,23,1.5265592,0
3746,8.875,3,3.9864769,31.783497,8.2181902,-.047933642,5,0,23,1.0216593,0
3747,9.375,3,2.8841093,34.162109,8.5832605,-.047600359,4,0,23,1.3078094,0
3748,8.875,3,3.7874572,20.955723,8.0818739,-.041729022,5,0,23,1.0222961,0
3749,4.6875,3,15.67666,197.42188,12.468206,1.0812433,5,0,41,0,0
3750,4.6875,3,15.600415,273.4375,17.357107,.70427424,5,0,37,0,0
3751,25.826218,3,11.55,213.28125,9.9920073,1.2326573,4,0,38,0,0
3752,9.1063118,3,10.395,393.75,17.104864,1.1790341,4,1,43,0,0
3753,3.3430908,3,17.85,503.125,9.3408909,1.4882684,4,0,43,0,0
3754,3.3200276,2,4.6999998,54.6875,6.8124309,-1.0050648,5,1,27,0,0
3755,3.224551,2,4,65.625,5.7036419,-1.1293149,4,1,27,0,0
3757,3.75,2,10.811906,31.171875,11.108943,.68124861,4,1,43,0,0
3758,9.375,3,11.754035,28.337479,10.564982,1.2241223,4,1,39,1.4501642,0
3759,14.683648,3,8.3999996,40.46875,4.6271772,.27102032,2,1,49,0,0
3760,1.6102197,3,8.3999996,399.21875,11.057495,.26722524,5,0,23,0,0
3761,3.4447141,3,13.65,530.46875,19.934477,.24284737,5,1,39,0,0
3762,13.044597,3,12.705,470.3125,19.414507,.32787806,5,1,39,0,0
3763,.9375,2,8.4446936,76.5625,6.5011454,-.78275037,1,1,29,0,0
3764,1.875,3,5.2373157,60.15625,6.7433343,.041855786,4,1,22,0,0
3766,1.7377434,2,4.0949998,45.9375,7.7176576,.32453969,1,0,38,0,0
3767,10.625,3,4.9179368,22.942747,9.111043,.36628139,2,0,26,4.0556331,0
3768,9.375,2,5.0756536,10.067747,12.135509,.31660295,3,0,26,3.1112585,0
3769,5.8369336,3,8.3999996,65.625,6.0626535,.28104937,1,1,21,0,0
3770,17.34375,3,12.633714,38.28125,10.206354,.51363915,5,0,48,0,0
3771,2.65625,2,10.365757,33.90625,8.3082275,.20485355,1,0,37,0,0
3772,3.28125,2,7.4490933,21.875,6.4565153,.88518488,3,0,28,0,0
3773,3.28125,3,12.623895,22.480839,12.49435,.53463632,1,1,49,2.5331805,0
3774,3.75,3,4.4515257,38.28125,6.8348341,.70378047,3,0,23,0,0
3775,3.7768545,2,4,51.953125,10.211452,1.1647305,1,1,47,0,0
3776,7.9082346,3,11.55,76.5625,9.7809486,.086285241,3,0,38,0,0
3777,6.875,3,12.045986,87.5,8.1800747,.11295627,3,0,38,0,0
3778,14.0625,3,14.112666,153.125,11.49008,.62441725,4,1,39,0,0
3779,8.4375,3,24.376308,727.73254,26.294538,.31893954,4,1,56,.56212318,0
3780,8.4375,3,23.39423,612.29254,9.8344097,.33470738,5,1,56,1.3096905,0
3781,12.452932,3,6,229.6875,14.79283,.024840161,5,0,47,0,0
3782,1.8170021,2,4.8299999,49.21875,7.9494734,.38934648,2,0,26,0,0
3783,2.9031024,2,4.1999998,71.09375,7.1504779,.45162183,1,0,26,0,0
3784,3.28125,2,5.4214258,60.15625,7.4708271,.55073088,2,0,27,0,0
3785,47.541103,3,18,109.375,5.4176841,-.12182175,4,0,58,0,0
3786,41.998314,3,11.7,76.5625,20.866953,-.21518509,4,0,60,0,0
3787,4.1765819,3,6.3000002,601.5625,12.82257,.68817896,3,1,21,0,0
3788,19.064621,3,11.445,76.5625,11.047379,.23786242,2,0,49,0,0
3790,7.5,4,15.071619,87.5,13.599962,1.0488164,3,1,43,0,0
3791,7.1537714,4,22.049999,103.90625,14.516799,1.0100299,2,1,42,0,0
3793,6.40625,4,15.577295,114.84375,14.13183,.72357017,3,1,43,0,0
3794,2.7028496,3,14.28,98.4375,8.5260057,1.1213104,2,0,48,0,0
3795,4.6875,3,11.677326,77.458412,7.3916035,.4739666,2,0,38,1.8603331,0
3796,6.5013065,3,11.445,120.3125,11.616086,.82226759,4,0,37,0,0
3797,5.609323,3,6.3000002,60.15625,8.1460266,.19019473,1,1,38,0,0
3798,3.3307834,3,8.085,76.5625,11.599082,.31949309,3,0,21,0,0
3799,27.807337,3,27,180.46875,12.692777,-.3565948,3,1,37,0,0
3800,21.09375,3,15.734097,289.84375,14.099988,-.35406739,4,1,37,0,0
3802,7.96875,3,15.223379,197.42188,14.23913,.76669461,5,0,47,0,0
3803,7.96875,3,11.802909,145.46875,13.297885,.85653657,4,0,46,0,0
3804,7.96875,3,14.513101,228.59375,31.155828,.85753661,5,0,46,0,0
3805,18.598808,3,20,131.25,11.582057,-.14561315,4,1,37,0,0
3806,18.75,3,12.967308,140.27344,11.716305,-.13938467,4,1,37,0,0
3807,28.359753,3,20,147.65625,22.210865,-.94804215,3,0,44,0,0
3808,11.25,3,12.628386,175,13.970243,.58204067,4,0,54,0,0
3809,3.125,2,6.5364852,97.420723,8.7524233,.073403627,3,0,27,1.7642832,0
3811,8.4095783,3,18.772827,187.91312,11.62963,-.73942327,3,1,53,.59985971,0
3812,34.53125,3,16.722347,198.75984,12.783909,-.7234664,4,1,52,.31534371,0
3813,8.75,3,19.947464,525,9.6201105,1.2451661,4,1,43,0,0
3814,2.2787998,2,6,65.625,9.6961231,.31718221,4,0,39,0,0
3815,9.21875,2,5.7080603,54.6875,7.6976695,-.039122049,3,0,27,0,0
3816,.46875,2,13.084765,54.6875,6.4511857,.14985994,3,0,47,0,0
3817,2.9997106,2,16.799999,42.65625,9.4139471,.2320963,3,1,48,0,0
3818,14.53125,3,16.450695,300.78125,16.012547,.40678501,2,1,43,0,0
3820,2.34375,3,13.629214,246.09375,10.423091,.37279624,2,1,36,0,0
3821,3.359375,3,5.4345574,142.1875,7.9194231,.96182054,4,0,22,0,0
3823,1.40625,3,7.3132296,31.71875,7.6294723,-.024130989,3,0,28,0,0
3824,1.40625,3,6.0168877,35,7.3977933,-.013753707,4,0,28,0,0
3825,1.8125,3,5.9966512,33.90625,7.3651147,-.019947477,4,0,28,0,0
3826,3.28125,3,14.298372,127.85062,12.973968,.4542501,4,1,48,2.1508181,0
3827,6.5625,3,11.287541,40.547878,10.620598,-.62595296,1,0,39,1.3546852,0
3828,23.4375,3,11.953256,28.553688,10.811632,-1.8205727,3,1,43,1.7045946,0
3829,5.9375,3,11.733814,60.15625,8.688798,.019158049,4,1,38,0,0
3830,17.261742,3,13.2,87.5,12.547357,-.76896185,4,0,46,0,0
3831,3.75,2,7.9517665,49.875,10.559047,.83031327,1,1,29,0,0
3832,3.28125,4,9.7940817,207.8125,10.05022,.42856273,1,0,27,0,1
3833,2.5680501,3,16,218.75,11.076685,-.45631796,4,0,37,0,0
3834,.9375,3,12.808723,185.9375,18.103231,-.49794814,4,0,37,0,0
3835,1.0312974,3,15,224.21875,12.764098,-.52574688,3,0,37,0,0
3836,1.4859139,2,4.117137,1.0512948,5.5356741,.63503867,4,0,29,3.9150476,0
3838,1.7986979,2,5.6607127,1.0208344,8.7884092,.44856989,4,0,31,2.5704389,0
3839,5.46875,2,4.487782,19.911049,8.7981853,-.13588922,1,0,26,5.0475769,0
3840,1.9587038,3,17.940666,64.831024,6.3479967,.35475948,2,1,42,2.8742144,0
3841,1.953125,3,12.362677,69.580177,12.766426,.32170114,2,1,43,1.7503139,0
3842,1.875,2,4.5426211,31.802107,6.9097948,.34677553,2,0,22,4.0632992,0
3844,23.485109,3,6.9000001,27.34375,7.6572123,-.81253505,4,0,29,0,0
3845,24.6875,3,7.6736388,45.369987,9.7509527,.56097513,4,0,36,1.6351625,0
3847,38.125,2,4.7942095,0,10.135051,.32716018,3,0,26,3.1988726,0
3848,36.875,2,3.1928194,0,10.755526,.50214636,4,0,24,2.93977,0
3850,1.875,3,11.936326,120.3125,12.547466,.007156387,1,0,46,0,0
3851,7.109375,3,15.440966,158.10175,12.596306,.66991484,2,0,33,1.9513011,0
3852,11.71875,3,15.121438,50.783855,20.660332,.70429796,3,1,33,1.2086108,0
3853,13.5625,3,13.199944,119.10963,12.286981,-1.1845061,4,1,57,1.3251376,0
3854,37.5,3,4.6908598,109.375,13.693714,-1.908767,4,0,60,0,0
3855,46.875,3,9.7512236,148.50583,23.110224,.43311334,4,0,36,.69389564,0
3856,23.4375,3,14.966122,261.58334,16.755772,.23573856,5,0,37,1.5193479,0
3857,4.0625,3,10.552661,60.15625,8.8120279,1.0316638,1,0,38,0,0
3859,4.9650149,3,6.9119558,258.33878,13.790097,.85083425,4,1,42,.89391536,0
3860,1.875,3,16.526615,203.35292,13.671239,-.014114313,2,1,41,1.084995,0
3861,7.5408673,3,3.9671972,23.220984,4.973392,-.052979302,5,0,26,1.0671865,0
3862,2.78125,3,5.1332779,20.018713,7.3503861,-.055218995,5,0,26,.49401894,0
3864,13.5625,3,30.606234,926.93677,24.417242,.28992829,3,1,46,0,0
3865,22.690702,3,16,175,12.609373,.98230928,4,0,48,0,0
3866,3.125,3,5.138813,85.254036,7.8574824,-.93305749,2,0,22,.85237527,0
3867,5.625,3,3.9308398,51.58794,5.9882898,-.78861976,1,0,22,1.3821423,0
3868,4.21875,2,10.993548,76.5625,8.5874681,.35622919,4,0,53,0,0
3869,42.1875,3,10.736497,58.085022,13.716005,-.85337502,4,0,57,1.8785131,0
3871,.9375,3,7.9916024,88.551285,8.3023491,.80802679,2,0,28,2.2110987,0
3872,9.375,3,13.121756,87.5,11.909857,.16294439,2,0,41,0,0
3873,7.1952305,3,5,87.5,5.5742545,-.53504336,4,1,39,0,0
3874,7.96875,2,13.670542,8.9829521,10.157336,.66727579,5,1,51,1.3885555,0
3875,4.53125,3,4.7964292,62.433708,9.799264,.12577592,3,0,23,2.9506829,0
3877,18.75,3,16.487162,209.84569,13.548491,.60916239,5,0,52,.64649957,0
3878,1.8051569,2,5.04,20.78125,8.2083054,.55027974,4,1,33,0,1
3879,21.478413,3,22.049999,103.90625,6.3651485,-.22188629,3,0,37,0,0
3880,14.0625,3,18.863068,366.40625,16.441565,.2986173,4,1,41,0,0
3881,14.20542,3,36.75,339.0625,17.45866,.16664253,4,1,39,0,0
3882,14.604391,3,26.879999,360.9375,17.606497,.29999653,4,1,39,0,0
3883,30.034201,3,30.695942,139.97131,14.942166,1.0546778,3,0,46,1.0866549,0
3884,20.625,3,12.510351,98.593124,12.523691,1.1536425,4,0,48,1.0363772,0
3885,11.71875,3,12.777092,93.547913,21.491905,-2.6335342,4,1,56,1.0484593,0
3886,27.625,3,8.0355291,295.3125,10.447558,-2.446636,4,0,22,0,0
3887,28.037323,3,6,267.96875,14.069389,-2.8301086,3,1,22,0,0
3888,7.7119789,3,5.3000002,145.46875,8.8927603,.54765737,2,1,41,0,0
3889,6.40625,3,7.7608438,38.382721,9.1934433,.39693373,4,0,36,1.9286008,0
3890,6.8104153,3,7.0083394,27.274406,10.038439,.6140036,4,0,31,2.5675485,0
3891,3.828125,3,9.4234486,35.205524,8.357502,.40254432,3,0,31,3.5193279,0
3892,15.9375,3,19.20031,472.77344,17.035933,.40870687,5,0,37,0,0
3893,8.7000284,3,9.1277437,124.65206,12.336052,.57266474,3,0,38,2.430063,0
3894,1.8921223,2,3.7227147,88.068192,11.07543,-3.1253095,3,0,22,2.4884391,0
3895,1.28125,2,5.197711,68.875381,7.5109549,-2.7651939,2,0,22,3.3268173,0
3896,2.34375,3,14.440765,184.3157,13.166556,.39798495,2,0,39,2.8108189,0
3897,21.09375,3,22.247854,519.53125,19.334223,.65981776,3,1,39,0,0
3898,7.96875,3,18.214632,267.96875,14.249034,.47823694,5,1,41,0,0
3899,6.875,3,17.979439,350,18.026079,.62910467,3,1,43,0,0
3901,16.875,3,10.950912,38.28125,8.6332064,.10867801,5,0,38,0,0
3902,3.75,3,14.005793,218.75,13.098528,.23866861,4,0,39,0,0
3903,16.820641,3,17.200581,43.782822,25.389534,.13024192,3,0,56,2.1384156,0
3904,.46875,2,4.5509281,59.433655,8.5280266,-.27141145,4,0,27,4.0876012,0
3905,13.972409,3,10.5,202.34375,14.385537,.6322704,5,0,32,0,0
3907,3.125,2,6.3153276,32.8125,6.2867837,.58219635,1,0,29,0,0
3908,1.8099042,2,10.5,27.34375,7.3271856,.521483,2,0,28,0,0
3909,8.4375,3,13.238377,76.928749,7.4360824,-.61820149,4,1,47,3.1100252,0
3910,10.78125,3,11.125558,84.131752,11.939549,-.46049914,4,1,44,1.6934683,0
3911,3.949697,3,5.0562935,101.42037,15.745292,-.58256155,3,1,43,2.5826337,0
3912,9.7381954,2,4.793354,87.340996,15.816059,-1.4526007,2,0,27,1.4338845,0
3913,8.4375,3,15.192807,242.77029,14.378853,.57773614,4,0,47,.18595257,0
3914,8.4375,3,15.16044,310.47009,15.006416,.65191793,4,0,46,.1585342,0
3916,8.9696436,3,5.9000001,67.539063,7.7764277,.22888324,5,1,24,0,0
3917,30.46875,3,14.473344,195.71721,14.893593,-1.3773559,4,1,57,1.522114,0
3918,2.3182101,2,15.331304,3.070677,15.257091,.72522163,2,0,56,2.5851152,0
3919,22.002104,3,14.798134,124.34449,14.055007,.25200498,3,0,41,.71269363,0
3920,2.4833419,1,5.4390168,7.5665331,4.6271772,.14274056,5,1,21,1.9752611,0
3922,16.40625,3,3.873801,36.618134,8.3555288,.93607515,4,0,21,3.4777555,0
3923,16.40625,3,4.9526186,58.707191,9.4751263,1.183578,3,0,23,2.1091235,0
3924,9.6278944,3,3.78,120.3125,6.041872,1.4882684,5,0,27,0,0
3925,25.78125,3,12.477422,72.734375,10.399571,.86145824,5,0,39,0,0
3926,1.7917809,3,10.070887,76.666748,15.145173,.83320415,5,0,49,1.4176716,0
3928,7.03125,3,5.6364698,153.125,8.1796856,.074452944,4,0,22,0,0
3929,1.875,3,8.873497,207.8125,8.3919516,.033607513,1,1,27,0,0
3930,2.139895,3,3.8,273.4375,6.1849413,.026695028,1,1,27,0,0
3931,4.6875,3,11.065081,145.46875,9.9195166,.078129038,3,0,36,0,0
3932,3.1332207,3,24.885,142.1875,8.841608,.052837048,4,0,34,0,0
3934,6.5625,3,11.225358,38.445313,11.153843,.29835364,5,0,46,0,0
3935,6.40625,3,14.318563,279.78775,17.28993,.14647785,1,0,43,2.1790228,0
3936,1.875,2,10.208984,98.4375,6.6179085,-.69912255,4,0,44,0,0
3937,2.65625,2,9.5213184,32.8125,11.695569,.14434706,4,0,43,0,0
3938,2.8125,2,12.708997,49.21875,9.5913086,.15775649,4,0,42,0,0
3939,1.0661203,3,8.9259586,110.63584,5.1230965,-.34903151,2,1,36,2.7267706,0
3940,4.6875,3,14.556248,185.9375,13.979792,.34926787,2,1,43,0,0
3941,14.40625,3,33.038208,926.93677,29.179277,-.23390654,3,1,52,0,0
3942,11.71875,3,3.7738967,51.068207,8.1840343,.38905206,4,0,24,.18855621,0
3943,5.9375,3,12.329583,240.625,11.000042,.67194933,2,0,34,0,0
3944,17.894026,3,15.265321,224.49786,10.704963,.49608281,5,0,56,1.4543906,0
3945,3.4753447,2,6,41.5625,5.6361666,.022565456,5,0,43,0,0
3946,2.8125,2,10.693725,32.8125,11.355997,.014564401,5,0,43,0,0
3947,2.5044451,2,6,43.75,9.8928356,.025725797,4,0,43,0,0
3948,2.8125,2,10.896056,43.75,5.6924515,.016281243,5,0,43,0,0
3949,6.5625,3,10.441536,75.572792,10.778482,-.80823988,4,0,38,1.8090144,0
3950,6.0625,3,11.724089,74.080032,9.9104052,-.92390257,4,1,38,1.3811228,0
3951,8.90625,3,6.8142638,47.796875,8.0319061,.92452955,3,1,27,0,0
3952,21.09375,3,15.285975,192.22656,12.631679,1.0103197,3,1,37,0,0
3953,22.34375,3,20.103369,340.81485,16.293491,.83681232,5,1,42,1.1135523,0
3954,1.84375,3,13.889599,113.0964,9.8441162,-2.0598629,4,0,52,1.7088884,0
3955,16.84479,3,49,926.93677,28.641674,-.27257314,2,1,46,0,0
3956,.9375,3,10.449883,191.40625,10.630176,.16948707,4,0,34,0,0
3957,5.0277677,4,26.25,158.59375,13.566498,1.1854429,1,0,26,0,0
3958,3.28125,3,5.3263378,20.78125,7.1080556,.42593196,1,1,27,0,0
3959,9.6875,3,7.3770614,120.3125,7.8227844,.48131576,3,1,23,0,0
3960,18.75,3,12.042121,448.4375,8.4010296,.67686301,5,0,22,0,0
3961,2.7753098,3,5.25,273.4375,10.484284,.80406231,5,0,23,0,0
3962,2.2351487,2,9.5,18.59375,12.641988,.24933529,1,1,43,0,0
3963,1.875,2,9.3284035,15.585938,11.45889,.6732325,2,0,44,0,0
3964,14.0625,3,14.856081,202.61719,13.065952,-.06940186,4,0,51,0,0
3965,16.86101,3,10,161.05469,14.245705,-.10285187,4,0,49,0,0
3966,14.0625,3,7.7720757,129.88281,6.45155,-.10340044,4,0,28,0,0
3967,2.7656188,3,5.25,30.625,7.0343781,.51649404,3,0,22,0,0
3968,5.625,3,12.498255,31.71875,10.121782,.57543737,4,0,33,0,0
3969,30.9375,3,19.554028,350.94006,31.155828,-.59446537,5,1,48,.28387949,0
3970,11.21875,3,14.210456,136.71875,11.807851,.32052153,4,0,33,0,0
3971,4.21875,3,15.128093,41.5625,10.189921,.73384839,3,1,33,0,0
3972,11.71875,3,13.920412,153.125,29.220936,-1.8956596,4,1,57,0,0
3973,3.59375,3,13.277703,33.90625,9.9137344,.74535584,2,0,33,0,0
3974,2.0745454,3,5.04,41.5625,8.4573231,.81748903,2,0,36,0,0
3975,3.59375,3,14.434292,45.9375,6.52912,.81003171,1,0,32,0,0
3976,15.280722,3,42.514019,319.23645,17.73978,.33647665,5,1,48,2.2240376,0
3977,15.205198,3,35.762344,228.39157,23.5147,.30793306,5,0,48,1.6983882,0
3978,23.90625,3,16.581022,145.2659,4.6271772,.60918474,2,1,33,5.435678,0
3979,8.3603096,2,6.8581038,9.5667229,8.7239199,-.84897894,3,0,26,2.0777087,0
3980,7.5,2,9.541234,15.683615,10.416061,-1.0144278,4,0,53,1.8769201,0
3981,2.65625,2,5.7251658,65.625,10.787886,-1.4067532,5,0,27,0,0
3982,2.5823617,2,50.181419,80.317719,10.8851,-.84063214,3,1,37,1.6863966,0
3983,1.84375,2,3.0404592,25.918453,7.5600767,.16293941,4,0,23,2.081368,0
3984,1.84375,2,4.3979287,37.018059,5.5933051,.14583246,5,0,23,2.1628783,0
3985,4.0625,3,17.555859,98.4375,10.530203,.33194774,2,1,32,0,0
3986,1.875,3,22.686615,442.96875,14.250158,.69825083,5,1,33,0,0
3987,7.9195986,3,12.367055,39.883865,22.066948,.22300442,2,0,38,.95623595,0
3988,11.613819,3,11.672644,51.952702,11.532603,.2068347,3,0,39,1.2171834,0
3989,6.40625,3,13.710882,37.627769,11.240552,.21582648,3,0,42,1.1323507,0
3991,2.8552999,2,2.7390983,108.44189,9.8201036,.41106823,3,0,27,3.948709,0
3992,2.9778919,2,4.4000001,76.5625,8.1983118,-.64667916,4,0,27,0,0
3993,2.5228944,2,5,76.5625,6.368577,-.48855528,4,0,27,0,0
3994,7.03125,2,14.104825,39.130535,10.953772,.2445741,3,1,47,.29813489,0
3995,2.6973798,3,24,175,13.402933,.15867761,2,1,32,0,0
3997,2.4401929,2,6,88.320313,7.592895,.72119349,4,0,23,0,0
3998,.46875,2,13.171703,76.5625,8.6831779,.22705957,3,0,58,0,0
4000,16.902067,2,10.522254,52.59763,10.608156,-.79339784,2,0,39,2.0302451,0
4001,23.90625,2,11.768603,31.890587,10.333205,-.87792456,2,0,39,1.8646955,0
4003,12.96875,3,13.466982,82.03125,12.077309,.60485739,4,1,47,0,0
4004,8.90625,3,17.515118,585.15625,13.96339,.50202101,4,1,28,0,0
4005,5.9375,3,13.347341,218.75,13.657834,.85493195,4,0,38,0,0
4006,15.466153,3,4.6999998,83.125,12.247837,.6691103,2,0,56,0,0
4007,1.875,2,14.803706,71.09375,8.9964657,.67408186,1,1,42,0,0
4008,9.375,3,6.1279917,87.5,5.1802535,1.1699878,1,1,24,0,0
4009,10.625,3,6.2485824,65.625,7.3552628,.46725312,1,1,26,0,0
4010,18.75,3,12.079385,71.09375,12.027058,.2237052,4,0,41,0,0
4011,10.625,3,13.638736,82.03125,24.268385,.1662064,3,0,41,0,0
4012,35.15625,3,10.32109,331.53506,12.42077,-.29440245,5,0,27,.51066023,0
4013,3.59375,3,7.7120657,153.125,8.4290724,.59664083,5,1,23,0,0
4014,14.0625,3,13.42107,498.75,25.4583,.89369506,5,0,27,0,0
4015,6.1688409,3,8.1647854,149.60225,10.084958,-.23596974,3,1,29,2.6676126,0
4016,6.6595912,3,4.8818846,126.05538,5.8474622,-.22037561,4,1,28,3.9001794,0
4017,9.6875,3,8.4318342,80.083405,7.5347309,-.29630029,4,1,28,3.239228,0
4018,3.0361502,3,14.9,38.28125,13.132875,.1741405,3,0,43,0,0
4019,1.875,2,12.5836,61.832291,9.4675674,.67435718,3,0,57,.19157863,0
4021,1.71875,2,8.2718763,9.5059071,8.5269356,.24891004,5,0,34,1.6011486,0
4022,.9375,2,13.335459,17.83095,10.493191,.33229792,5,0,33,2.0558338,0
4024,4.6875,2,4.7809401,57.201935,7.9733324,-1.5943902,5,0,23,1.5647974,0
4025,1.875,3,20.299273,311.64078,14.317612,.18118656,4,1,32,.020090532,0
4026,2.577456,2,13.07584,64.281761,8.5820522,-2.8623326,4,0,57,2.8793955,0
4027,2.34375,2,12.555016,83.722473,13.040507,-1.8998004,3,0,54,1.8457344,0
4028,1.84375,2,10.912625,67.72567,13.244415,-3.2973726,4,0,54,2.4535694,0
4029,5.4343367,3,11.476351,73.325356,17.320515,.7253812,1,1,56,.57592094,0
4030,3.75,3,11.913599,40.53326,8.5362768,.72681743,1,1,53,1.1895373,0
4031,5.9375,3,10.832609,196.875,10.361425,.77117282,4,0,31,0,0
4032,16.40625,3,5.7514105,162.77534,7.8416839,-.034706675,4,0,21,1.0802783,0
4033,23.76309,3,6.8022203,231.27132,9.9764137,-.04033142,4,0,21,1.574252,0
4034,7.96875,2,3.6878233,65.625,7.3321228,.80308348,4,0,23,0,0
4035,3.458982,2,6.3000002,98.4375,7.1058688,.5767386,3,0,23,0,0
4036,4.3698149,3,2.9986014,39.249435,8.8847179,.39123574,2,0,38,.093317635,0
4037,14.0625,3,6.3362293,88.320313,8.434247,1.4882684,3,0,26,0,0
4038,14.0625,3,6.9128141,119.49219,6.2328882,1.4882684,3,0,26,0,0
4039,9.21875,3,11.942101,118.92347,21.862566,.90678114,1,0,62,.18500485,0
4040,14.0625,3,13.765851,213.23096,14.786369,.26267561,4,0,39,1.4341711,0
4042,3.0269217,3,6.9299998,26.25,7.050529,.33283225,5,1,23,0,0
4043,5.0240779,3,5,150.66406,12.786963,.99603182,3,1,38,0,0
4044,.9375,3,11.326921,57.148438,4.6271772,1.002896,2,0,38,0,0
4045,12.96875,3,12.017447,87.5,12.797704,.70690608,4,0,47,0,0
4046,13.2468,3,13.5,93.515625,14.921369,.51109385,4,0,46,0,0
4047,91.088364,3,12.6,76.5625,31.155828,.47553396,3,0,46,0,0
4048,16.40625,3,17.822773,251.5625,14.042417,.69764018,5,1,49,0,0
4049,6.875,3,12.966908,127.18288,10.769747,.47352919,1,0,58,2.1734004,0
4050,49.916492,3,4.69484,25.38209,18.821465,-.23730348,4,0,59,1.7276473,0
4051,47.84375,3,10.066475,39.967239,14.663509,-.28390232,3,0,59,2.5806048,0
4052,39.84375,3,8.5101042,21.495007,13.275366,-.27335358,4,0,59,2.357657,0
4054,28.59375,3,15.978408,112.04011,14.695021,-.27288538,5,0,32,1.8561212,0
4055,2.0250478,3,22,164.0625,13.761539,-.07900884,2,1,32,0,0
4056,11.747588,2,7,52.5,4.6943893,-1.7043532,3,0,41,0,0
4057,3.8018959,3,11.309531,295.20255,18.580343,.82499284,4,0,49,1.1440511,0
4058,21.09375,2,4.2106204,0,8.7358541,-.24489857,4,1,24,2.0083566,0
4059,21.09375,2,5.5106397,0,19.270254,-.24984515,3,1,24,1.2381177,0
4060,20.59375,2,4.3083649,.65818214,8.8064528,-.24684183,4,1,24,2.0129061,0
4061,14.140625,3,8.7485542,218.75,10.228338,.63127708,3,0,26,0,0
4062,1.84375,3,5.5569711,65.625,6.1416502,.96365649,4,1,27,0,0
4063,1.84375,3,7.318615,87.5,8.4827051,.82111228,3,1,27,0,0
4064,1.84375,3,5.961627,87.5,8.1846075,.94627744,4,1,27,0,0
4065,8.75,2,7.4478374,21.875,6.9340763,-1.7706243,3,0,28,0,0
4066,11.71875,3,10.457335,65.625,10.357328,.1721385,5,0,44,0,0
4067,5,3,9.4299536,103.90625,8.242486,-.0037122411,4,0,31,0,0
4069,69.882729,3,7.5349474,528.76617,21.466599,.60655606,5,1,57,.86653078,0
4070,70.3125,3,18.710735,366.60971,19.622272,.84640914,5,1,56,.71483856,0
4072,1.84375,3,10.453255,117.20929,10.326623,-3.4803882,4,1,34,2.9793255,0
4073,6.4042749,3,12.6,65.625,8.3809271,1.2699481,1,0,52,0,0
4075,2.1875,2,5.6223626,82.03125,8.0487185,-1.2861642,2,0,24,0,0
4076,12.890625,3,13.569141,98.4375,9.5511274,.40681022,3,1,38,0,0
4078,4.08494,3,17.745001,65.625,12.05921,.19202332,1,0,47,0,0
4079,5.1635904,3,14.7,71.09375,10.565883,.18020706,1,0,52,0,0
4080,1.875,3,11.430567,92.96875,9.1558971,.15644938,1,0,46,0,0
4081,1.71875,3,11.807035,43.75,11.717543,.14403988,1,0,47,0,0
4082,36.140732,3,34.799999,926.93677,31.155828,-3.1937375,5,0,43,0,0
4084,14.913373,3,8.5537758,243.27402,11.479231,-.50323391,4,0,36,.36055812,0
4085,15.879758,3,7.80234,71.870094,14.369108,1.3496255,4,1,48,3.2066708,0
4086,2.9391682,2,5.6905293,25.1415,5.1944065,1.4382656,3,0,41,.43915024,0
4087,7,3,12.277675,49.21875,11.870897,-.51420659,2,0,47,0,0
4088,7,3,12.665786,49.21875,12.674773,-.44505492,3,0,47,0,0
4090,27.625,3,10.789344,373.11612,11.402195,-2.6618047,4,1,22,.42255679,0
4091,26.125,3,10.354163,276.05978,10.403147,-3.1106803,3,1,22,.3872017,0
4092,35.706261,3,7.1485376,411.75418,10.696869,-3.4803882,4,1,22,.37732136,0
4093,5,3,14.76882,99.34465,12.590483,-.13483721,3,0,33,1.6864405,0
4094,45.621307,3,14.621989,92.135094,9.2565384,-.1102851,3,0,38,.75185674,0
4096,2.5761263,3,18.9,224.21875,13.341306,.18893547,4,0,37,0,0
4097,1.8125,3,12.923944,196.875,12.894841,.25485545,4,0,37,0,0
4099,5.4916921,3,5,76.5625,6.9344821,-2.1431432,1,0,21,0,0
4100,3.125,3,5.275898,87.5,7.404314,-2.3290796,2,0,21,0,0
4102,8.90625,3,12.385266,22.96875,9.8928328,1.4882684,3,1,37,0,0
4103,3.1316564,3,10.5,25.15625,9.4780445,1.3616681,2,0,36,0,0
4104,3.7083998,3,6.5,93.515625,24.197783,.18680847,3,0,33,0,0
4105,1.875,3,9.5738459,83.125,9.5805769,.31208587,3,0,34,0,0
4106,1.875,3,16.113781,166.25,12.574295,.28094006,3,0,33,0,0
4108,2.5171614,2,5.2020712,78.099739,8.1030436,.23051828,4,0,26,2.3848367,0
4109,1.875,2,4.7332444,22.96875,7.1485953,.017308773,2,0,27,0,0
4110,1.875,2,4.7939558,26.25,5.6343918,.040904004,2,0,27,0,0
4111,1.40625,3,6.9518342,51.953125,7.7346382,.8090626,2,0,29,0,0
4112,14.0625,1,10.905934,9.9326153,12.292238,-.36972865,3,0,46,2.154573,0
4114,22.03125,3,16.820753,164.0625,12.16436,.27694026,3,1,51,0,0
4115,1.875,3,6.431859,119.49219,8.7926655,1.076082,2,0,27,0,0
4116,1.875,3,6.6275129,109.10156,9.8215275,.63226461,3,0,27,0,0
4117,.9375,3,13.980989,120.3125,9.2893,.13800925,3,0,58,0,0
4118,.46875,2,8.8651237,98.4375,7.3643112,.26446575,3,0,28,0,0
4119,8.4375,3,10.031676,20.343391,10.919072,-.52765381,1,0,38,2.0008018,0
4120,3.75,3,17.120319,147.65625,11.77669,.31143183,3,1,42,0,0
4121,2.3464267,3,5.25,125.78125,10.930415,.28845063,3,1,41,0,0
4123,2.65625,3,16.327597,125.78125,10.850036,.35032794,2,1,42,0,0
4124,2.0701635,3,14.729085,174.18288,8.3696327,.61806452,4,0,28,1.6672913,0
4125,16.060436,3,5,54.6875,6.6490583,-.64638817,1,1,24,0,0
4126,30,3,24.292856,557.8125,18.09211,-.26305333,5,1,42,0,0
4127,29.5,3,18.669079,317.1875,14.386477,-.27765614,4,1,42,0,0
4128,29.5,3,21.864857,426.5625,14.349463,-.29343623,5,1,42,0,0
4129,5.154778,3,20,43.75,10.938328,-1.1744592,3,0,44,0,0
4130,2.6031334,2,5.0242338,2.4491012,8.3295135,.27001736,5,0,23,2.3888297,0
4131,4.3262353,3,10.5,98.4375,8.6767578,.1170847,4,0,33,0,0
4132,7.5,3,10.993104,98.4375,8.6933308,.077155396,5,1,34,0,0
4133,6.40625,3,16.50116,125.78125,10.838148,.076905876,5,1,33,0,0
4134,10.086434,3,5.4000001,171.44531,6.0879483,.25078613,4,0,59,0,0
4135,2.5714328,3,6,82.03125,12.510835,.32634303,3,1,56,0,0
4136,2.8746395,3,8.3999996,114.84375,6.4932137,.19772607,5,1,51,0,0
4137,5,3,7.1881032,43.75,4.9872732,.680134,3,0,29,0,0
4138,4.21875,3,9.1241961,31.171875,8.5586882,.4982411,3,0,31,0,0
4139,12.96875,3,8.7454643,234.58844,12.678719,-.10289896,3,0,27,2.0168705,0
4140,28.52593,3,3.6470821,28.899933,22.098814,-.88694924,3,0,28,1.1499798,0
4141,5.7710333,3,6.3000002,27.34375,10.973511,-.33630553,4,1,46,0,0
4142,20.59375,3,14.212052,147.65625,12.290494,-.68943888,4,0,42,0,0
4143,9.1911592,2,14.463281,35.627865,5.9445629,.57063603,3,0,34,2.2548006,0
4144,10.292254,2,17.731058,44.404892,10.20249,.49857765,4,0,42,1.1167078,0
4145,1.9986621,3,12,142.1875,7.4415765,-.14002508,2,0,37,0,0
4146,1.0278065,2,7.5,98.4375,13.186053,-.21566288,2,1,23,0,0
4147,.9375,2,5.5794783,76.5625,6.8941021,-.20764193,1,1,23,0,0
4148,1.8125,3,10.763467,43.75,13.126735,.78323013,3,0,43,0,0
4150,10.029713,3,16,72.734375,10.290781,.67903793,4,1,42,0,0
4151,57.059898,3,46.651882,324.36237,26.270414,-2.6454339,4,1,43,.77015495,0
4152,18.75,3,9.1393461,69.35952,26.523064,.49923226,5,0,34,.50821465,0
4153,1.0142274,2,6,77.929688,9.8948326,.77609366,3,1,37,0,0
4154,7.6060028,3,5.355,355.46875,12.620603,.39177054,5,0,54,0,0
4155,13.980292,3,4.9989414,202.50708,10.423222,.56541747,1,0,33,.032639489,0
4156,14.0625,3,11.562975,244.06783,11.084608,.63547456,1,0,34,.031088529,0
4157,4.0625,3,11.479963,131.25,11.983868,.41527098,4,0,37,0,0
4158,29.413761,3,16.944405,107.24297,6.5659013,-1.9392112,4,0,47,1.1705848,0
4159,1.75,2,3.541415,10.664923,8.4403553,-.21099974,4,0,27,2.1858237,0
4160,4.9319205,2,6.0094538,36.263241,9.3089504,-1.9454226,5,0,47,1.2234017,0
4162,1.8400686,3,3.6825628,90.749886,9.0456114,-.040934764,4,1,26,3.1647091,0
4163,8.8088093,2,13.65,98.4375,11.933377,.61294478,2,1,32,0,0
4164,4.5625,3,6.0616097,103.90625,9.9098444,-.44264138,4,1,24,0,0
4165,6.0625,3,5.960393,98.4375,8.6963863,-.55033624,4,1,24,0,0
4166,6.4899244,3,4,82.03125,9.7329683,-.64117384,4,0,24,0,0
4167,6.875,3,15.738482,185.9375,16.340452,.51422387,3,1,54,0,0
4168,12.904043,3,17.639999,224.21875,14.379591,.57500517,4,1,56,0,0
4169,6.0682735,3,6.0769277,134.87865,6.3076348,.51789755,4,1,37,4.1964307,0
4170,25.78125,3,15.920798,235.15625,11.751213,-.55820751,5,0,47,0,0
4171,4.973875,3,6.3000002,218.75,13.600998,-.43529901,4,0,48,0,0
4172,6.875,3,3.2808495,38.28125,7.3462586,-2.1853065,4,0,22,0,0
4173,4.0625,3,14.764982,135.05281,6.713315,.55904239,3,0,48,2.2258806,0
4174,7.96875,3,13.398521,185.9375,12.686926,-.34380257,4,0,39,0,0
4175,10.625,3,15.103603,164.0625,13.643047,.19761941,3,1,54,0,0
4176,3.515625,3,14.718937,169.98624,8.2807035,.20047067,4,0,33,2.3378384,0
4177,8.28125,3,9.3606272,144.80559,10.936986,.21815154,4,0,34,1.1979622,0
4178,28.44525,3,12.316844,151.0351,8.6738958,.097463578,4,0,44,.92789519,0
4180,28.125,3,11.504484,174.38295,12.914179,.10027879,4,0,44,.53997463,0
4181,28.783636,3,15.767369,151.09349,9.2517691,.075940073,4,0,44,.86907703,0
4183,8.4375,3,14.177369,142.54984,15.174274,.97472149,4,1,47,1.8225965,0
4184,21.09375,3,13.117048,211.20953,12.613619,-.014844568,4,0,38,1.186994,0
4185,22.34375,3,11.153845,232.74867,27.549646,-.0098177372,4,0,34,.77064818,0
4186,2.109375,2,9.781208,76.5625,6.6627936,.40020818,3,1,28,0,0
4187,3.4723518,2,5.25,43.75,9.2723532,.39347926,2,0,27,0,0
4188,1.40625,3,6.7383161,54.6875,4.6271772,-.25638801,3,1,24,0,0
4189,17.65625,3,13.017817,136.23038,11.276175,.57513571,4,1,38,1.7726864,0
4190,69.8125,2,3.8015831,0,9.0485811,-.690633,4,1,22,2.8525391,0
4191,15.040606,2,7.3499999,21.875,16.988852,.28552538,2,0,23,0,0
4192,11.25,2,6.118402,17.395229,8.9825554,.74509019,3,1,27,2.7031903,0
4193,19.448658,3,20,311.71875,15.66478,.76162094,4,1,49,0,0
4194,1.875,3,8.5204144,25.530987,6.5749378,.51486135,3,0,34,2.8484573,0
4195,13.5625,3,13.279771,60.15625,9.4017191,-.79376,3,1,53,0,0
4196,14.573473,3,6.4000001,65.625,6.0990944,-1.0162789,4,1,53,0,0
4197,27.625,3,11.021235,383.94672,19.40946,-3.4803882,4,1,21,1.5802603,0
4198,27.625,3,10.542262,355.87378,13.003146,-3.4803882,4,1,21,1.9891704,0
4199,25.019989,3,8.3999996,76.5625,8.3548145,.79781711,1,0,41,0,0
4200,2.5742393,3,4.8000002,98.710938,6.3267121,.8376897,4,1,29,0,0
4201,10.46673,2,5,29.53125,7.3204856,-.83040947,2,0,27,0,0
4202,2.75,2,6.2152534,31.71875,7.0221577,-1.1260648,2,1,27,0,0
4204,2.8125,2,5.92418,16.40625,6.9965744,.19622068,1,0,29,0,0
4205,5.5255399,3,12.6,136.71875,13.36978,.10806596,4,0,56,0,0
4206,14.345193,3,17.325001,191.40625,16.645042,.20755312,4,0,58,0,0
4207,1.40625,2,12.267848,90.484993,11.111191,.83815932,3,0,38,5.6096201,0
4208,2.1789305,2,12.2553,57.721176,8.0025272,.74522012,4,0,37,6.1126165,0
4209,39.84375,3,15.273877,136.71875,9.6351719,-2.0195892,3,1,56,0,0
4210,39.84375,3,14.565914,98.4375,13.002272,-1.5983907,3,1,56,0,0
4211,3.0711448,2,15.575198,70.928246,4.994092,.561782,1,1,36,3.1815846,0
4212,7.4581633,2,19.923637,81.808609,6.5644698,.44171208,2,1,36,3.3262305,0
4213,5,2,12.860074,68.100876,10.090541,.29586467,2,1,37,2.0201483,0
4214,9.375,3,13.487804,131.25,9.8731546,1.4882684,1,1,37,0,0
4215,14.739019,3,8.3999996,142.1875,9.8374748,1.2212869,1,0,33,0,0
4216,2.6476057,2,9.1000004,51.953125,12.081977,1.4834974,3,0,43,0,0
4219,2.65625,3,6.2619829,52.612782,7.2652578,-.13090897,2,1,21,4.6208811,0
4220,1.9884943,3,4.6137276,91.886688,8.4311161,-.11068307,3,1,23,3.5456488,0
4222,11.21875,3,14.456623,87.5,11.549291,.05122048,3,0,42,0,0
4223,7.03125,3,17.048302,250.14999,15.759834,1.4882684,4,1,42,2.3960071,0
4224,25.78125,3,11.840398,57.24382,19.261438,.21518449,2,1,43,1.4734752,0
4225,27.03125,3,13.702149,57.174248,12.692906,.37776813,2,1,41,2.1396821,0
4226,5.9030752,3,19.760548,78.136559,11.882323,.19747825,2,1,39,3.6694319,0
4227,27.8125,3,16.120193,218.75,20.212271,.05928348,4,1,48,0,0
4228,2.4774528,3,13.5,38.28125,9.8737135,.070748955,2,1,48,0,0
4229,2.34375,3,11.018724,38.28125,11.152026,.089235224,2,0,46,0,0
4231,5.625,3,3.6787486,62.34375,7.9372058,.88784581,1,0,23,0,0
4232,6.876164,3,4.1167412,88.330635,8.7089367,-.38188362,4,1,46,1.8443619,0
4233,12.574862,3,2.7509713,67.673325,19.151941,-.26548442,4,1,46,.68680894,0
4234,35.125,3,16.763565,196.875,13.696976,-.17943467,5,1,47,0,0
4235,35.125,3,15.085275,169.53125,13.657623,-.16301616,4,1,47,0,0
4237,1.40625,3,14.767066,196.875,12.829379,.14038038,3,0,57,0,0
4238,2.0623553,3,3.9288504,78.450661,8.9766397,-.14093955,5,0,32,1.8495134,0
4239,1.9639866,3,4.4219613,62.299496,15.466494,-.14080919,4,0,32,1.3570111,0
4240,5.3916826,3,3.7,129.88281,7.4736362,.7777077,1,1,28,0,0
4241,5.625,3,8.5942135,197.42188,9.0807667,.87648034,1,1,27,0,0
4242,2.8125,3,10.786793,93.515625,6.5625076,1.0322767,2,0,59,0,0
4243,4.3463721,3,6,114.29688,12.85348,.89643556,1,0,60,0,0
4244,3.75,3,12.87894,147.65625,14.100303,-.02954367,4,1,43,0,0
4245,11.136109,3,14.7,492.1875,7.5608535,.47358724,4,1,41,0,0
4246,10.44443,3,4.5600371,67.987816,9.4142237,-.17089307,3,0,28,2.5862625,0
4247,9.21875,3,5.02596,47.702557,9.5863228,-.17059392,2,0,27,3.5204782,0
4249,26.638485,3,6,224.21875,8.022789,.10108564,4,1,21,0,0
4250,25.28125,3,7.8489099,278.90625,9.1290388,.14069493,4,0,21,0,0
4251,17.262348,3,24.15,136.71875,7.217236,.27107158,1,0,48,0,0
4252,14.0625,3,7.593029,136.71875,8.9017334,.34672293,3,1,23,0,0
4253,12.96875,3,8.3142967,153.125,7.9805498,.27888426,3,1,22,0,0
4254,9.6616039,3,9.6999998,49.21875,15.934014,-.42043427,1,0,34,0,0
4255,2.65625,2,15.131828,76.5625,9.2686663,.86330009,2,1,51,0,0
4256,.46875,3,11.165421,42.240902,11.544694,.80695093,3,0,37,2.3234131,0
4258,11.21875,1,14.699559,15.667763,9.8055916,1.2801428,3,1,52,1.9565123,0
4259,11.720819,1,18.491327,13.884418,9.2883406,1.1487923,2,1,52,2.6285927,0
4260,11.21875,1,14.544306,8.2977924,6.9492755,1.1643654,3,1,52,2.9940047,0
4261,9.8401899,2,11.698734,31.087442,11.476225,1.1222994,3,1,54,1.899677,0
4262,10.266298,3,10.419106,285.76837,12.381862,-.9892692,4,0,41,.51950246,0
4264,1.875,2,11.812942,51.953125,10.739337,.58688962,4,0,41,0,0
4265,1.875,2,11.238042,51.953125,9.4279671,.83146816,4,0,39,0,0
4266,6.5625,3,14.314075,311.71875,7.9245615,.62784141,3,0,31,0,0
4267,4.3669605,3,7.9175291,57.125042,11.582206,.93722826,3,0,37,1.0536864,0
4268,3.28125,3,10.874142,98.305939,10.108747,1.409682,4,0,38,1.1573467,0
4269,9.34375,2,15.146013,32.8125,4.7746663,.095690496,3,1,52,0,0
4270,4.6875,2,5.1590152,49.21875,6.4405465,.46877691,3,0,22,0,0
4271,2.421875,2,4.9472032,52.5,5.9694409,.28324082,2,0,21,0,0
4273,14.179861,3,5.25,87.5,7.0294375,.96062255,3,0,21,0,0
4274,38.905296,3,15.524015,169.74384,15.556406,-.45969784,5,1,39,1.0692105,0
4276,10.303314,3,5.1108956,95.160507,9.502223,-2.6194897,3,1,26,1.5663098,0
4277,10.3125,3,8.5576315,136.01158,10.43557,-3.4803882,3,1,26,1.8546669,0
4279,4.4190259,2,3.9542952,15.044396,10.342715,.63010597,3,1,39,1.2721947,0
4280,4.21875,2,10.604563,12.690943,8.8466291,.74191999,4,1,38,1.7191588,0
4281,15.700231,3,20.81282,72.037582,10.546861,.72195226,5,0,42,.50238347,0
4282,.9375,2,8.1249886,78.762001,7.326036,.68228209,2,0,28,2.1883402,0
4283,7.9375,3,11.354671,46.255161,11.415174,.063015342,1,0,39,2.8256104,0
4285,5.7705622,3,7.3499999,175,8.8656063,-.37326416,5,0,29,0,0
4286,2.34375,3,8.0634317,175,8.2766647,-.41294453,1,1,24,0,0
4287,13.5625,3,15.974401,176.66998,27.128187,-2.3407762,2,1,41,.64879,0
4288,1.0173612,2,5.1999998,36.09375,9.0831528,-.30168387,2,1,48,0,0
4289,4.53125,3,5.6235576,42.512241,8.540103,-.43889812,5,0,26,2.0804155,0
4291,3.75,3,14.644831,202.62344,12.862123,-.38913602,2,0,57,2.9712751,0
4292,4.9473333,2,3.8,20.78125,13.988768,-.97255075,3,0,46,0,0
4293,33.172634,2,25.500814,3.1798582,14.454068,.35853863,3,1,47,1.1991551,0
4294,25.78125,2,13.94273,0,11.495772,.41742155,3,1,52,2.0564969,0
4295,.9375,3,9.4612045,348.08594,12.174025,.3121596,4,0,27,0,0
4296,11.6875,3,9.9124508,33.37793,30.223812,-.26519004,4,0,38,.26345605,0
4297,11.906683,3,8.9275188,23.294971,9.0941,-.22739682,4,0,38,.67779976,0
4298,22.85285,3,6.8249998,35,5.0050669,.34629589,1,0,27,0,0
4299,5.2794371,3,7.3499999,39.375,14.688505,.41251478,1,0,27,0,0
4300,2.4767802,3,9.8699999,49.21875,7.1911931,.54507434,1,0,28,0,0
4301,3.125,3,3.50459,50.3125,7.1273389,.30060899,4,0,22,0,0
4303,3.6849201,3,6.3000002,76.5625,10.453914,.38188282,1,0,39,0,0
4304,7.03125,3,15.250181,45.71875,9.5999126,.13380797,5,1,33,0,0
4305,6.53125,3,16.124256,92.96875,6.5397773,.13477853,5,1,33,0,0
4306,6.53125,3,14.70243,87.5,10.624259,.18192223,5,0,33,0,0
4307,6.53125,3,14.648297,76.5625,10.36511,.1474503,4,1,33,0,0
4308,6.5319982,2,6.8249998,19.6875,6.7151256,.46331286,3,1,23,0,0
4309,24.6875,3,13.302114,98.4375,11.327343,.48712519,4,0,42,0,0
4310,23.4375,3,10.266114,65.625,10.947984,.71905857,4,0,37,0,0
4311,12.96875,3,12.53378,114.84375,26.14838,.98341483,3,0,37,0,0
4312,28.217266,3,12.285,103.90625,9.7549295,.70731831,4,0,38,0,0
4313,24.6875,3,10.367329,71.09375,11.011804,.82300806,4,0,37,0,0
4314,25.441814,3,10.7,119.49219,24.657389,.42839321,4,0,41,0,0
4315,24.6875,3,12.248621,98.4375,9.980216,.75166363,3,0,38,0,0
4316,2.9888945,3,5.4000001,27.34375,5.2810154,-.56152689,3,1,26,0,0
4318,17.023783,2,11,38.28125,10.390409,.36299497,3,1,54,0,0
4319,11.546105,2,14,27.34375,9.5734663,.46619582,2,1,52,0,0
4320,42.15625,3,13.726245,161.2556,30.21876,.15415469,5,0,39,.95614177,0
4321,9.71875,2,15.044484,27.34375,9.1177931,-.67066485,3,1,52,0,0
4322,7.7170482,3,11.2,404.6875,17.502268,-1.4670261,4,1,44,0,0
4323,6.5344524,3,9.4499998,43.75,7.6214876,.68292868,1,0,43,0,0
4324,10.3125,3,14.431667,142.1875,13.15585,.76474488,5,0,47,0,0
4325,9.21875,3,14.603568,92.96875,10.701227,.67078429,5,0,42,0,0
4327,5.9375,3,12.257764,87.5,11.488714,.45235077,3,0,37,0,0
4328,12.970933,3,10.9,251.5625,18.388237,-2.937881,3,1,42,0,0
4329,11.5625,3,17.698256,191.40625,31.155828,-2.4956582,3,1,42,0,0
4330,1.875,3,10.916718,41.5625,12.176436,.81778711,4,1,43,0,0
4331,16.954296,3,4.797492,114.28026,9.7505932,1.0350612,4,0,23,2.4624915,0
4332,14.0625,3,11.944263,92.96875,30.720238,.40663776,5,0,37,0,0
4333,3.28125,3,11.136339,41.5625,9.4785614,.6732524,1,0,57,0,0
4334,4.6407652,3,12.613512,167.06227,11.696774,.94400823,3,0,56,1.470238,0
4336,6.7422109,3,15.5,426.5625,16.73233,.92508018,4,0,51,0,0
4337,6.5625,3,20.01095,481.25,17.751709,.90330058,4,0,51,0,0
4339,7.2204494,3,15,503.125,18.727325,.48889214,3,0,51,0,0
4340,6.2296624,3,8.5,285.74219,7.3016181,.28305036,1,1,57,0,0
4341,6.6325097,3,8,202.61719,4.6271772,.30757067,1,0,22,0,0
4342,15.600745,3,6.6999998,54.6875,10.507803,-.25424019,3,1,39,0,0
4343,24.943914,3,12.6,60.15625,8.1767282,.72699177,4,1,33,0,0
4345,3.59375,3,10.51518,60.15625,8.0453978,.44249177,5,1,34,0,0
4346,1.171875,3,15.112799,38.28125,9.4351234,.56248111,5,1,33,0,0
4347,3.59375,3,15.053291,98.4375,7.4484692,.84458083,4,1,33,0,0
4348,1.875,1,3.7573402,13.735302,6.1035628,-.53868967,1,0,21,5.8392301,0
4349,2.875,2,4.1797738,40.26725,5.9152369,-.66931725,1,0,21,2.8615417,0
4350,25.102703,3,5.8000002,284.375,6.7336321,-.57590973,5,0,53,0,0
4351,6.171875,3,16.812769,257.03125,12.506382,.71813667,2,1,57,0,0
4352,16.40625,3,10.548247,175,8.8604021,-.26039836,2,1,29,0,0
4353,5.4506354,2,4.1248922,8.5273371,4.6271772,.77259988,3,0,22,3.4788907,0
4354,5.625,2,3.6590791,1.2747784,8.6412439,.87077022,3,0,23,2.4554732,0
4355,6.8718772,2,5.1462212,16.314392,6.2219405,.62824935,2,0,22,3.2373321,0
4357,2.7588198,3,11.55,109.375,11.91024,.52947873,3,0,32,0,0
4358,5.2437983,3,10.5,76.5625,9.1349001,.70698237,3,0,31,0,0
4360,4.21875,3,20.69202,481.25,19.258118,.40473926,3,1,46,0,0
4361,68.3125,2,8.0529432,0,10.946978,-2.6205659,4,1,31,2.5077748,0
4362,69.8125,2,7.1608906,0,20.261152,-2.7852142,4,0,31,1.0997418,0
4363,2.1875,2,10.851556,60.15625,9.5423508,.63092673,1,0,37,0,0
4364,1.6989411,2,10.29,76.5625,9.5827522,.60842377,2,0,39,0,0
4365,3.125,2,8.9234676,45.9375,4.6271772,.54624832,2,0,36,0,0
4366,1.640625,3,11.209488,69.253166,14.136987,1.4882684,3,0,43,1.5176395,0
4367,2.2550828,3,16.617651,180.30867,12.357481,.996167,2,0,42,1.4062473,0
4369,11.71875,3,8.9561806,43.526627,9.3680429,.90627778,3,0,36,1.4915568,0
4370,39.479599,3,7.0999999,207.8125,17.308943,-1.1201766,5,0,24,0,0
4372,3.5035143,3,7.5999999,228.59375,7.6336594,.67920679,1,1,28,0,0
4373,3.0809395,3,7.3499999,590.625,12.173195,.46303046,5,0,59,0,0
4374,4.21875,3,14.653388,158.59375,8.7218113,.91615272,4,1,47,0,0
4375,10.625,2,11.470098,60.15625,8.1356812,1.1471951,2,0,38,0,0
4376,9.375,3,12.524265,164.0625,11.069448,-.64398748,4,0,53,0,0
4378,4.5125103,3,5.7925787,23.145681,7.9683037,.24108267,1,1,36,2.5735362,0
4379,7.8125,3,12.771111,65.625,12.51186,-.075693972,2,0,49,0,0
4380,5.3662195,3,13.23,54.6875,9.99617,-.1051044,3,0,46,0,0
4381,4.53125,3,12.754378,41.5625,12.35848,-.11034313,3,0,47,0,0
4382,26.149839,3,12.495,49.21875,9.0393143,1.4882684,4,0,42,0,0
4384,22.8125,3,12.555702,65.625,10.205432,.58654666,2,1,37,0,0
4385,11.71875,2,15.04459,27.34375,9.0794525,-.44784379,3,1,52,0,0
4387,6.7426333,3,6.3000002,98.4375,8.1835518,-.07445801,2,1,23,0,0
4388,4.7447038,3,5.5650001,103.90625,7.7582259,-.089950748,3,1,22,0,0
4390,2.8125,3,21.011826,348.08594,15.636224,1.1958058,3,0,32,0,0
4391,2.1875,2,9.1798277,65.625,8.0172386,.86380488,2,0,34,0,0
4392,1.875,2,9.1633482,43.75,7.5668731,1.0856804,3,0,34,0,0
4393,7.5,3,13.80345,207.8125,12.92942,.21503359,4,0,39,0,0
4394,7.5,3,13.587473,244.17969,11.790166,.37917531,4,0,38,0,0
4395,7.5,3,13.79119,181.83594,11.74156,.30413455,3,0,38,0,0
4396,3.625,3,11.345853,21.875,11.008031,-.76108414,4,1,54,0,0
4397,4.125,3,10.025175,21.875,11.510957,-.74761587,4,0,54,0,0
4398,1.875,2,3.946867,17.403709,4.8883176,.73237371,4,1,23,5.4835639,0
4399,9.21875,2,13.902125,65.625,7.9355402,.54409635,2,1,58,0,0
4400,.9375,3,14.730385,254.57031,13.297633,.75534374,2,0,37,0,0
4401,3.359375,3,11.684815,284.375,5.4307003,.51370388,5,0,29,0,0
4402,12.479196,3,7.3499999,229.6875,10.35141,.33835694,5,0,31,0,0
4403,.9375,1,10.859765,14.804602,11.164185,.4862397,1,1,43,2.3100445,0
4405,5.46875,3,4.7936606,28.618874,9.2242994,.36743906,3,0,24,2.1152949,0
4406,2.34375,3,14.355007,139.38628,13.417369,1.3451749,4,1,41,1.3813558,0
4407,11.71875,3,10.378954,103.90625,17.40925,.60156226,1,0,59,0,0
4408,65.71138,3,3.78,20.78125,9.78304,.14730673,5,0,39,0,0
4409,3.125,2,4.4276609,16.40625,6.3940573,-.64789242,4,1,22,0,0
4411,3.28125,3,12.351036,31.171875,9.9957952,1.2999098,4,0,52,0,0
4412,3.28125,3,14.408134,31.171875,9.2339725,.7589615,5,1,51,0,0
4413,6.5625,3,14.600349,41.5625,11.376451,.7603367,5,1,51,0,0
4414,3.75,1,4.2854495,10.536149,6.3163176,.72421896,2,0,21,4.2285447,0
4415,2.65625,1,3.0991149,8.4649715,7.094605,.84566331,1,0,23,3.428942,0
4416,9.6791382,2,8.9057531,63.822601,5.8036203,1.0453827,2,0,58,3.8593824,0
4417,14.0625,3,12.430057,39.87331,13.107673,-.31729525,3,1,46,1.750581,0
4418,13.5625,3,11.252571,44.533062,13.185738,-.22457206,3,0,46,1.2527348,0
4419,17.65625,3,15.358553,146.01981,6.2593718,-.46975738,3,1,57,.41542831,0
4420,2.1356962,3,21.42,710.9375,17.626368,.99880505,1,0,36,0,0
4421,5.9375,3,11.884875,153.125,12.229515,.94000947,4,0,37,0,0
4423,27.245989,3,18.9,267.96875,12.452487,.60445684,3,0,38,0,0
4424,3.28125,3,4.4678898,60.15625,8.0869799,.23666939,2,0,23,0,0
4425,4.53125,3,5.884222,136.71875,6.3016849,.25356722,2,0,23,0,0
4426,12.872487,3,21.123617,395.77191,15.16079,.43045193,2,0,44,1.1314026,0
4428,23.832354,3,3.8597784,154.77766,5.6307311,-.013087461,2,0,23,8.373539,0
4429,2.34375,3,16.368805,301.32813,13.027545,1.1566062,5,1,44,0,0
4430,4.6588612,3,8.1000004,301.32813,17.466774,.97995883,5,1,43,0,0
4431,2.34375,3,15.049344,264.96094,11.841744,.80240011,4,1,43,0,0
4432,3.9813056,3,13.597403,143.36169,13.288053,.37264884,4,0,48,1.4154146,0
4433,7.6234012,3,13.40199,105.5505,13.871625,.5555768,4,0,47,1.1033576,0
4434,1.875,2,10.94079,15.3125,15.609181,.38664401,3,0,38,0,0
4435,11.256934,3,4.8856506,76.683388,12.504809,-1.2130001,4,0,32,1.3354858,0
4436,.9375,2,2.869067,18.59375,7.5465584,.14045061,1,0,23,0,0
4437,72.204971,3,7,41.5625,11.035417,.38330412,5,1,21,0,0
4438,70.3125,3,6.0282278,51.953125,6.3783851,.59066117,5,1,22,0,0
4439,7.8125,3,4.8202581,44.84375,8.2095623,-.23288885,2,0,27,0,0
4440,21.458673,3,49.08918,926.93677,12.411465,-1.5057395,4,1,41,2.4104373,0
4441,37.84375,3,15.592275,125.78125,14.09511,-.97802407,3,1,49,0,0
4442,42.528694,3,13.6,114.29688,11.699729,-.95150918,3,1,52,0,0
4443,39.84375,3,14.495981,87.5,4.6271772,-1.0853424,2,1,49,0,0
4444,39.84375,3,15.288607,109.375,13.872572,-1.337495,3,1,49,0,0
4445,4.083519,3,20,180.46875,7.9967909,.27105439,3,0,57,0,0
4447,49.84375,3,17.830481,382.8125,15.495705,.70817912,3,1,44,0,0
4448,9.375,3,12.010126,98.4375,11.143052,.070053637,4,0,39,0,0
4449,10.625,3,4.6677585,87.5,4.6271772,.11710362,4,0,24,0,0
4450,2.6875,3,8.208252,50.3125,8.6875086,-1.2386287,1,0,34,0,0
4451,12.528593,3,11,87.5,5.8139377,-1.3194106,1,0,34,0,0
4452,2.34375,3,7.8049335,20.78125,7.4148402,.35780156,4,0,31,0,0
4453,2.34375,3,9.454978,20.78125,8.6695366,.66978556,4,0,38,0,0
4454,2.0005858,3,4.7249999,98.4375,8.7650814,.51922274,1,0,24,0,0
4456,18.75,3,12.032932,213.28125,12.230361,.12650101,4,0,59,0,0
4457,4.0625,2,3.5857949,60.15625,7.5347614,-1.0202271,4,0,23,0,0
4459,7.6803846,3,4,467.57813,18.648418,-.24758342,1,0,41,0,0
4460,2.043155,3,3.5999999,92.96875,10.987212,.19209573,4,0,49,0,0
4461,1.9623024,3,6,87.5,18.151434,.20277154,4,1,49,0,0
4462,38.693035,3,23.805197,46.046619,13.636879,-.026676903,3,1,42,2.4427502,0
4463,22.34375,3,18.104406,180.46875,12.086763,.38431966,4,1,32,0,0
4464,26.798752,3,24.780001,251.5625,5.6875896,.44859824,5,1,36,0,0
4465,11.71875,3,3.0192819,46.409298,8.0714645,.7837733,4,0,23,.082538001,0
4466,11.71875,3,3.7229297,61.705162,7.2187762,.88765836,4,0,22,.15572286,0
4467,11.71875,3,5.272438,72.328934,7.7212596,.53650224,3,0,22,.11396765,0
4468,11.71875,3,3.1150551,51.556705,8.1322231,.80632019,4,0,23,.092018105,0
4469,13.5625,3,12.719488,108.68722,13.371887,-.67325383,3,0,46,1.3810626,0
4470,20.025438,2,9.9216652,95.432701,22.545259,-.797153,3,0,46,.88832033,0
4471,12.845604,2,13.644301,96.393593,12.447556,-.61659348,2,0,46,1.8919801,0
4472,13.5625,3,6.7791486,120.47795,9.6909933,-.72531921,3,0,24,1.7080872,0
4473,4.1875,2,14.440644,82.269432,5.18927,-1.1010432,5,0,42,1.4796982,0
4474,5.625,3,14.00943,136.71875,12.228888,-1.3039504,4,0,42,0,0
4475,4.6875,3,12.662423,23.94923,10.838587,-1.4659063,1,0,33,2.2826219,0
4476,10.788255,3,10.985466,25.355576,7.9457164,-1.521775,1,0,33,2.55567,0
4477,4.1875,3,12.701143,25.771751,10.691151,-.75864422,1,0,33,2.2015216,0
4478,23.4375,3,26.772566,893.59375,22.985361,-1.3933231,5,0,38,0,0
4479,35.715954,3,16.799999,92.96875,12.021583,1.2140783,3,0,43,0,0
4480,8.90625,3,13.192929,131.25,12.727439,1.4882684,4,0,41,0,0
4481,25.138611,3,26.25,21.875,9.0164938,.28928551,3,0,52,0,0
4483,25.15625,3,12.15632,32.8125,8.7390594,.31379056,2,1,53,0,0
4484,8.875,3,12.161563,71.09375,10.024602,-.48991257,3,0,53,0,0
4485,9.375,3,5.1140079,38.28125,10.673581,-.52318364,3,0,24,0,0
4486,9.375,3,4.8366513,56.055878,8.8476763,-1.8682518,1,0,26,2.3993678,0
4487,9.9191713,3,8.7758417,80.283928,8.5454721,-1.4053434,1,0,37,3.1189454,0
4488,3.75,3,14.710578,166.66919,8.3102188,.9542914,4,0,42,1.8663293,0
4489,4.21875,3,18.461969,247.23874,13.66993,.15860955,3,1,51,1.9483352,0
4490,4.21875,3,16.998573,204.02513,15.182373,.19886388,3,1,49,1.3232651,0
4492,23.4375,3,5.203958,142.1875,8.2125978,-.16732173,4,0,22,0,0
4493,3.125,3,12.008946,27.34375,11.020616,.19853063,2,0,41,0,0
4494,2.4383698,3,8.1899996,33.90625,6.1715536,.61480534,1,0,59,0,0
4495,6.6780267,3,8.3999996,27.34375,9.4273891,.62029088,1,0,57,0,0
4496,.9375,3,10.814299,32.8125,11.497129,.63331842,1,0,56,0,0
4497,24.04286,3,10.5,87.5,6.3329067,.29597831,1,0,46,0,0
4498,14.0625,3,13.336156,109.10156,10.7264,-1.7566659,4,1,57,0,0
4499,2.4777849,3,3.9509118,175.47678,5.890914,.63662893,4,1,48,2.1495559,0
4500,2.34375,2,3.9662209,33.90625,4.9887266,-.80432957,4,0,27,0,0
4501,11.796875,3,11.807463,76.5625,8.9507513,.47407365,4,1,38,0,0
4502,21.09375,3,10.872985,98.4375,11.47934,.45463514,4,0,37,0,0
4503,22.324617,3,20.726542,146.41467,20.728346,-3.4180861,2,1,43,.54731983,0
4504,14.766315,3,6.0999999,259.76563,10.093455,.2869648,2,1,23,0,0
4505,14.0625,3,8.9961567,223.39844,8.6236629,.32221887,2,1,22,0,0
4506,3.6382322,3,23.299999,142.1875,9.5615511,.15257473,3,0,57,0,0
4507,2.6421123,3,5.25,142.1875,8.4144888,.37037414,2,1,26,0,0
4508,1.4171305,3,6.8249998,164.0625,11.876404,.57282603,3,1,24,0,0
4509,20,3,12.603181,66.38002,4.7969079,.86596435,4,0,42,3.2662299,0
4510,5.15625,3,5.4639769,114.84375,8.0647669,.25133869,4,0,27,0,0
4511,2.75,3,13.126344,131.25,13.501565,-.50926054,3,0,46,0,0
4512,2.75,3,11.769324,131.25,31.155828,-.45222846,4,0,46,0,0
4513,27.625,3,13.611406,145.19691,14.0551,-3.4803882,4,1,57,1.3969257,0
4514,29.820538,3,7.0201449,231.42993,9.4905195,-3.2850339,4,1,57,2.0119588,0
4515,9.6875,3,13.758267,70.262657,14.905194,.39602068,2,0,52,.91465831,0
4516,7.03125,3,10.2519,360.9375,11.666704,.65091747,4,0,26,0,0
4517,12.96875,3,9.2259798,262.5,10.445931,.59207708,4,1,24,0,0
4518,11.71875,3,9.2259636,262.5,10.733223,.56006205,4,1,24,0,0
4519,3.0018022,2,5,41.5625,9.572607,.75238216,3,0,52,0,0
4520,2.34375,2,12.213845,42.601563,9.3124104,.67131186,4,0,51,0,0
4521,3.359375,3,5.0820436,109.375,6.8978672,.48612565,1,0,21,0,0
4522,6.5263829,3,3.78,109.375,7.4566841,.49526936,1,0,22,0,0
4525,1.875,3,12.582044,36.367188,11.926184,.88429832,4,1,49,0,0
4526,11.953125,2,13.299946,12.220921,12.592546,.46732843,3,1,41,2.0735664,0
4528,10.291622,2,5.5335054,18.096924,8.5547504,-.32813168,3,1,36,1.2313688,0
4529,80.183662,3,8.3999996,41.5625,8.1127357,.38394612,3,1,44,0,0
4531,11.642144,3,4,41.5625,8.3123369,.30683812,3,0,23,0,0
4532,11.71875,3,3.5351031,51.953125,7.0960903,.6456517,4,0,22,0,0
4533,11.71875,3,3.5352583,51.953125,10.816932,.97365195,4,0,22,0,0
4534,11.682211,3,5.5,51.953125,8.0941191,.8726092,4,0,23,0,0
4535,6.5625,3,12.494156,49.875,9.9631395,.049864821,2,1,37,0,0
4537,2.5125947,2,9,41.5625,11.247326,.80419332,3,0,47,0,0
4538,6.5874133,2,10.815,92.96875,7.352057,.66981798,3,0,34,0,0
4540,1.875,2,13.083062,38.28125,8.6148939,-.54684216,2,1,57,0,0
4541,5.234375,3,14.235169,82.560158,12.31974,-.028619539,3,1,39,2.5733132,0
4543,41.6875,3,15.343042,83.215286,12.479449,-1.3909159,2,1,52,1.9886874,0
4544,1.6575567,3,7.5365577,40.757782,4.6271772,.3607114,1,0,22,5.6843929,0
4545,2.8541515,3,11.286724,146.83499,5.3875718,.33823892,2,1,36,5.1868968,0
4546,10.348948,3,5.9208822,37.099159,10.865145,-.48685282,5,0,42,.78613943,0
4547,5,3,4.8284369,41.303272,8.5552149,.3697294,1,0,26,3.9681954,0
4548,5.8405008,3,7.6381822,35.193283,8.3131914,.29377019,1,0,26,2.6132421,0
4549,7.375,3,4.5553117,71.118729,9.3473825,-3.0149348,1,0,24,1.4702268,0
4550,24.484505,3,6.1407986,126.76054,6.1101947,.67846757,3,1,27,.9524911,0
4552,20.46875,3,14.087238,91.944534,11.248966,.5312227,3,1,57,.84591991,0
4553,6.875,2,9.8537321,5.7556829,10.130795,.073078208,1,1,44,2.5862257,0
4554,2.8125,3,16.608667,185.9375,9.2482586,.45904532,5,1,49,0,0
4555,2.9880979,3,5.1803808,53.446095,11.893271,.18481405,2,1,47,1.6252766,0
4556,3.046875,3,10.598441,137.77661,12.69541,1.1102906,4,0,44,1.5965178,0
4558,2.5187461,3,16.1,175,9.2116442,-1.138289,4,0,36,0,0
4559,30.46875,3,29.763041,885.1499,28.591312,.67405963,3,1,51,.70700216,0
4560,9.375,3,15.053017,98.4375,8.4486341,.2635757,4,1,33,0,0
4561,5.9375,3,9.3426342,60.15625,8.4183407,.27638426,4,1,34,0,0
4562,.98730481,3,6.2943516,124.22802,4.7213211,1.2435746,4,1,22,.3016943,0
4563,41.6875,2,10.358927,0,15.859676,.51588148,3,1,43,2.5165832,0
4564,52.822693,2,5.7124233,0,17.456373,.49482757,4,1,43,1.8187741,0
4565,41.6875,2,7.8045917,0,18.838531,.55354321,4,0,43,1.8357896,0
4567,2.1875,3,17.237974,207.8125,13.551021,-.1128892,3,1,47,0,0
4568,2.34375,3,4.3216062,82.03125,7.2989783,.69693816,4,0,22,0,0
4570,4.6875,3,7.0160589,76.5625,7.672379,.50302023,4,0,28,0,0
4571,2.75,3,13.818529,32.8125,11.500742,-.53328562,3,1,41,0,0
4572,9.375,3,6.1873889,144.88289,9.4615889,.3344529,1,0,24,3.0815301,0
4573,12.152253,3,2.9578586,154.73715,10.101844,.30425042,1,0,26,2.8914211,0
4574,7.5,2,7.8380508,98.4375,7.761939,-.08437743,3,1,27,0,0
4575,11.21875,3,29.309185,889.70544,31.155828,1.244077,3,1,47,.36829877,0
4576,2.1875,3,15.66193,142.1875,11.43369,-.068115018,4,1,42,0,0
4577,2.1875,3,15.358401,125.78125,11.200593,-.13068052,4,1,42,0,0
4578,9.7554045,4,22.079245,20.144886,18.308966,-3.3448319,4,1,46,.64313829,0
4579,1.84375,3,12.183939,76.5625,12.389886,.08807902,1,0,47,0,0
4580,6.0625,4,15.227981,193.56313,15.871392,-.20537713,2,0,43,1.2951722,0
4581,2.890625,3,10.69774,44.84375,6.541893,.37996346,3,1,31,0,0
4582,2.4541657,2,8.0489845,78.130638,6.5720801,-.22551097,2,1,21,3.7906721,0
4583,13.59375,3,17.100965,136.71875,12.496861,-.48716933,3,0,32,0,0
4584,7.96875,2,13.205302,2.7897112,13.45631,.10298046,3,1,49,1.8758509,0
4585,4.0625,3,15.229789,180.46875,14.249118,.44171977,3,0,41,0,0
4586,1.40625,3,16.172287,262.5,14.10828,.49138397,3,0,39,0,0
4587,4.9448814,3,9.4499998,240.625,10.72031,.58087987,2,0,39,0,0
4588,11.71875,3,5.718452,77.929688,6.9617825,.73639458,3,0,21,0,0
4589,14.5,3,17.220034,144.55994,11.769998,-1.2686864,3,1,33,1.1460571,0
4590,19.979774,3,45.255329,157.92119,14.197461,-1.2066276,3,1,33,.65089214,0
4591,4.057477,1,3.9355438,13.782728,9.6568651,-3.4803882,2,1,44,2.1487982,0
4592,4.2124338,1,3.0338361,16.613811,13.113132,-2.0943887,3,1,44,1.8333434,0
4593,3.2494383,3,20.659561,24.65361,4.8011837,.71377128,4,0,42,3.032532,0
4594,2.1875,3,4.9289479,103.90625,6.2747545,-.24303864,4,0,21,0,0
4595,11.21875,3,10.09441,284.375,10.917546,.27096418,3,1,23,0,0
4596,8.8028612,3,9.1805658,149.31601,19.597622,.14287387,3,0,42,2.2158241,0
4597,2.8125,3,11.8801,72.734375,12.030801,1.1373173,4,0,41,0,0
4598,2.34375,2,13.649777,15.709953,10.326478,.15237086,1,1,52,3.6266568,0
4600,2.34375,3,12.446786,20.699127,10.954442,.14251992,1,0,52,3.5691276,0
4601,18.75,3,13.447721,135.07813,9.9056358,-.85443401,1,1,53,0,0
4602,18.25,3,13.579062,142.1875,18.122505,-1.2248168,1,1,53,0,0
4603,18.25,3,12.972057,109.375,9.6210117,-1.2424225,1,1,53,0,0
4604,2.34375,1,4.7051206,2.4280567,5.7141714,.71104133,1,1,22,4.4860449,0
4606,20.513464,1,3.5898714,0,6.8858924,.90357959,1,1,23,2.8212578,0
4607,7.03125,3,9.0412073,327.30469,15.616393,.94272566,4,0,60,0,0
4608,3.625,2,12.466892,25.779932,7.7891259,-2.5975659,3,1,38,3.1520035,0
4609,1.875,3,11.460828,42.682911,12.61782,-.026312968,3,0,46,1.4798065,0
4610,5.386909,2,7.2071738,14.396852,6.8586063,.29384294,5,0,21,1.3418244,0
4611,2.875,3,5.4925427,92.96875,4.7544503,-.068759717,2,0,22,0,0
4612,1.875,3,5.7794547,87.5,7.7385712,-.072850861,3,0,22,0,0
4613,5.125,3,13.917756,34.31802,10.573175,-.53265613,1,1,33,2.4049301,0
4614,7.96875,2,3.7251844,0,19.444719,1.2763599,1,0,27,1.5472981,0
4615,3.59375,3,6.9601331,36.83564,8.420228,.66749966,2,0,29,3.6340444,0
4616,2.1665859,1,8.543622,17.489828,10.084407,.92175239,3,0,56,.94317889,0
4618,4.5584784,3,6.5999999,176.64063,12.840681,.65448529,3,0,52,0,0
4619,1.930851,3,7.3499999,317.1875,8.3469563,.45012525,3,0,22,0,0
4620,23.4375,3,4.3231831,113.21539,4.6271772,.3979421,4,0,23,1.5587305,0
4621,23.259676,3,10.325611,177.32448,13.494389,.34377843,4,0,42,.75275493,0
4622,23.4375,3,12.888286,131.26546,14.223428,.53052348,4,0,41,.89345235,0
4624,28.125,3,7.6863861,195.34715,9.5969801,-1.5653071,4,1,21,1.8420603,0
4625,28.527069,3,4.0532498,211.41472,11.286743,-1.0160164,4,1,23,1.6155486,0
4627,1.875,3,11.985568,25.976563,12.177851,1.0847396,3,1,43,0,0
4628,13.424428,3,2.625,65.625,9.9770803,.68109709,4,0,41,0,0
4629,7.386447,3,6.1916471,100.58742,9.2345371,.57731515,5,0,63,1.2620605,0
4630,9.7153282,3,7.3860726,93.445984,12.775717,.88960379,5,0,61,1.9155725,0
4631,40.1875,3,15.107621,306.25,15.230681,-3.4803882,3,0,59,0,0
4632,41.577496,3,17.700001,437.5,31.155828,-2.5020285,4,0,59,0,0
4633,5.125,2,6.2882862,29.884666,6.2253485,-1.2067587,3,1,21,2.6264708,0
4634,6.2616711,2,3.6439404,41.56855,6.0698919,-1.2424955,3,1,21,2.3323655,0
4635,5.625,2,4.6844845,32.867142,5.7293553,-1.7311842,2,0,21,3.9488258,0
4636,5.6782866,2,4.507555,28.155945,6.4198694,-1.733158,3,1,21,2.9510024,0
4637,2.8125,3,13.882735,42.601563,9.8085489,.40884688,4,1,52,0,0
4638,2.8125,3,15.016868,103.90625,8.1783133,.53753102,4,1,52,0,0
4639,1.875,3,10.943933,68.295135,12.599644,.65661299,1,0,46,2.6876285,0
4640,7.46875,4,13.663766,20.795904,12.349759,-.83105737,4,1,56,.91273808,0
4641,2.3117225,3,25,394.84375,15.006513,.69643313,1,1,39,0,0
4642,9.84375,2,10.675321,10.9375,8.1130571,.47724119,5,0,38,0,0
4643,12.748139,2,7.1406522,94.822136,6.5873899,.68335837,1,0,21,4.061357,0
4644,28.125,3,18.104296,213.28125,6.20891,.41144922,3,1,42,0,0
4645,1.875,3,15.771189,142.1875,11.465591,-.77511811,2,1,41,0,0
4646,7.03125,3,13.83593,234.43863,11.716757,.8546744,5,0,59,1.1151471,0
4647,27.65625,3,11.768515,328.125,9.1736021,-2.1483133,3,1,27,0,0
4648,27.15625,3,9.6020126,284.375,11.249076,-2.4176412,4,1,27,0,0
4649,33.076817,3,9,568.75,21.153336,-2.6385317,4,0,51,0,0
4650,27.15625,3,12.434628,437.5,22.278833,-2.488307,4,1,27,0,0
4651,26.40625,3,16.197466,355.46875,14.557351,.2767399,4,1,44,0,0
4652,4.21875,1,13.243577,0,10.253314,-.33640638,3,0,33,2.4075699,0
4653,12.065104,3,12.33683,27.758045,15.610315,.50230175,3,0,41,1.1511031,0
4654,8.90625,3,11.335314,37.143375,13.025309,.3693487,3,0,46,1.6710997,0
4655,2.3431237,3,4.3350577,101.54456,11.58558,-2.9756086,4,1,56,3.3078632,0
4657,6.5625,3,11.864579,62.34375,11.723942,-.41525438,4,1,54,0,0
4658,6.5625,3,11.541066,51.953125,9.042861,-.46065241,4,1,53,0,0
4659,11.25,3,7.5203648,113.62582,5.956356,-1.4564704,2,1,27,8.6604261,0
4660,7.375,3,15.122905,10.401478,11.329318,-3.3525898,4,1,52,1.355551,0
4661,7.5476546,3,24.641935,9.2214489,16.408077,-3.227335,4,1,52,.76562589,0
4662,9.6934385,3,19.854939,10.29019,8.1709623,-3.1621814,4,1,52,1.1425453,0
4663,12.96875,3,12.871608,120.3125,10.081692,.5647251,1,0,39,0,0
4664,1.8125,3,14.176398,131.25,9.8974934,.9588902,3,1,38,0,0
4665,1.40625,3,14.07516,125.78125,17.943886,.80643499,3,1,38,0,0
4666,11.05639,3,5.8000002,185.9375,8.9296656,-2.562731,3,1,22,0,0
4667,9.71875,3,16.035076,169.53125,13.609474,-3.4803882,3,0,52,0,0
4669,14.0625,3,17.245295,262.62299,12.664578,.67952722,5,1,58,1.082477,0
4670,27.340998,3,4.8041162,58.24617,17.772324,.84115005,2,0,42,1.8801898,0
4671,2.890625,3,11.833925,50.3125,7.1782856,.053501438,1,0,41,0,0
4672,5.625,3,13.663882,65.625,10.599741,.05671338,2,0,42,0,0
4673,7.8125,3,12.494467,53.59375,11.425615,.037214249,2,0,41,0,0
4674,11.71875,3,12.295257,103.90625,31.155828,1.346103,4,1,37,0,0
4675,2.0331633,2,6,43.640625,10.24318,.82594699,1,0,46,0,0
4676,2.8125,2,9.411396,35.328125,8.7968473,.88863468,1,0,44,0,0
4677,1.875,3,4.3437376,41.5625,11.687206,.51152885,4,0,26,0,0
4678,6.5625,3,13.063776,165.72052,16.451891,.94553697,4,1,43,1.9537287,0
4679,15,3,15.627347,161.05469,13.621656,.49451637,2,1,49,0,0
4680,15,3,16.01536,161.05469,11.995685,.35436216,3,1,49,0,0
4681,2.0761278,3,8.6475792,151.19504,13.494971,.64975315,1,1,41,4.7334261,0
4682,28.125,3,17.201925,328.125,14.289917,.96762818,5,0,39,0,0
4683,29.375,3,14.208344,229.6875,12.072058,.7012412,4,0,39,0,0
4684,23.981775,3,9.6599998,448.4375,16.386818,.94656122,5,0,52,0,0
4685,2.946171,3,10.5,579.6875,22.503122,.66259086,5,1,47,0,0
4686,7.03125,3,17.977943,262.5,30.300499,.64073086,5,1,47,0,0
4687,5.0553575,3,6,20.78125,10.136189,.87663782,3,0,44,0,0
4688,4.6875,3,9.211545,20.78125,12.330205,.69070947,4,0,43,0,0
4690,4.6875,3,8.6858101,20.78125,9.8031635,1.0991108,4,0,44,0,0
4691,2.421875,3,4.3357415,21.875,7.0294108,.65623945,3,0,22,0,0
4692,3.75,3,6.3534455,51.953125,31.155828,1.4882684,5,1,60,0,0
4693,3.75,3,9.6563988,36.367188,8.8286457,1.2084913,5,1,61,0,0
4694,14.0625,3,13.394548,114.29688,10.861794,.96548462,4,1,39,0,0
4695,4.3003044,2,9.2261429,4.5230894,6.2224851,.90550655,2,0,44,4.3140116,0
4696,.9375,2,10.830184,10.328498,10.29473,.83984464,3,0,37,.031702571,0
4697,9.21875,3,13.798074,9.3660278,12.769162,-2.5816782,4,0,33,2.6316106,0
4698,11.21875,3,13.318602,0,8.743516,-3.4803882,4,0,33,3.9036243,0
4699,3.59375,3,6.9028974,120.08506,11.549772,.21928728,2,0,63,1.3579172,0
4700,2.34375,3,5.9232683,62.995014,9.0510464,.22351478,3,0,26,2.262157,0
4701,19.21875,3,15.901731,218.75,15.305349,.74364483,4,1,41,0,0
4702,5.125,2,9.0813942,60.140182,8.5965557,-.69476181,2,0,34,1.5607015,0
4703,28.125,3,17.317852,639.84375,14.41813,-.18919356,3,1,22,0,0
4704,4.6875,3,11.477923,51.953125,16.836317,.54682678,1,1,43,0,0
4705,9.4148121,3,12.6,131.25,12.526828,.9692241,1,0,41,0,0
4706,1.8254309,3,8.6099997,27.34375,10.819605,1.1875722,1,0,27,0,0
4708,11.674342,3,5.6999998,21.875,10.29796,-2.3454754,5,0,42,0,0
4709,11.640437,3,7,29.53125,13.580146,-3.3440552,5,0,42,0,0
4711,1.9924525,3,4.9308667,38.742199,7.9650698,.56268746,2,1,23,2.6303875,0
4712,6.8266592,3,7.8000002,98.4375,10.501797,.48323122,5,0,23,0,0
4714,19.485693,3,6.6999998,218.75,10.222584,.027796168,5,0,24,0,0
4715,11.552853,2,16.799999,60.15625,18.566324,.41921857,2,1,54,0,0
4716,14.0625,3,13.677426,25.15625,7.443418,.58845395,3,1,41,0,0
4717,1.84375,3,9.6748447,21.875,9.6845169,.74634308,2,0,44,0,0
4718,7.5,2,4.5176997,54.6875,7.1856532,.86503571,1,0,24,0,0
4720,1.875,3,11.108993,51.953125,12.325314,.93967319,4,1,43,0,0
4721,10.625,3,18.205757,185.9375,12.101363,.77545989,4,1,32,0,0
4723,5.1100454,3,11,54.6875,9.3223658,.13097328,1,0,59,0,0
4724,5.15625,3,13.458663,32.8125,11.633938,.83210868,5,1,49,0,0
4725,3.2099838,3,11.55,153.125,10.262821,.39357829,3,0,49,0,0
4726,5.625,3,6.4058456,69.116577,9.5929079,.48302072,4,0,29,3.0778024,0
4727,1.875,3,14.664623,342.83511,12.39222,1.135234,1,1,34,1.5076318,0
4728,7.03125,2,10.017013,35,5.9481945,.49926606,4,0,37,0,0
4729,2.8280368,3,4.1999998,65.625,7.9847746,.87988889,2,0,26,0,0
4730,16.343468,3,10.369733,93.141998,11.252806,.50786382,1,0,46,2.6504593,0
4732,4.7398272,2,6.5100002,76.5625,5.5540361,.34196687,1,0,21,0,1
4733,5.15625,3,12.305483,83.125,12.443749,.392946,1,0,47,0,0
4735,5.15625,3,13.628716,111.5188,12.48241,.41656891,2,1,46,1.5642443,0
4736,.46875,2,13.693459,67.787048,10.337582,.4184114,2,1,39,5.5260296,0
4737,.46875,2,13.213972,40.978851,11.581351,.36183593,2,1,39,4.8576646,0
4738,1.875,2,13.39366,47.745171,9.4908295,.26595762,2,1,39,2.2879553,0
4739,23.651287,3,7,171.44531,13.401336,.15847839,3,0,21,0,0
4741,26.40625,3,10.416677,134.51152,14.12114,.95662934,4,1,36,2.7859375,0
4742,60.3125,3,10.71489,152.65558,12.972911,.66355699,4,1,34,1.9166759,0
4744,1.875,2,7.3030105,87.5,6.0111103,-.6015799,3,1,21,0,0
4745,1.875,2,7.5052853,98.4375,6.1335115,-.72220558,3,1,21,0,0
4747,2.4908509,3,5,257.03125,15.222153,.049222376,4,0,46,0,0
4748,2.402488,3,7.9000001,300.78125,14.986032,.037566807,5,0,46,0,0
4749,13.5625,3,32.603004,926.93677,31.155828,1.0238811,3,1,51,0,0
4750,1.40625,3,13.125247,72.734375,9.012784,1.053903,2,1,53,0,0
4751,12.518655,3,4.0660748,27.667042,9.8878527,.44301903,4,0,41,2.1457443,0
4752,10.78125,2,11.806824,11.836462,12.829915,.46713457,5,0,41,1.8899381,0
4753,5.46875,2,9.3391628,14.215942,8.2520714,.35114089,2,1,36,2.161221,0
4754,2.34375,3,4.0360346,30.396975,8.5580378,.28687984,2,0,23,3.638283,0
4755,2.34375,3,4.811645,33.876461,4.764225,.25291982,1,1,23,7.0385737,0
4756,2.34375,3,5.9537435,36.491398,6.8716583,.2123085,2,1,21,4.0433335,0
4757,4.8496332,3,14.7,82.03125,16.322996,1.08834,1,0,32,0,0
4758,8.90625,3,15.939045,114.84375,6.9047208,.80028105,1,0,32,0,0
4759,.9375,3,15.344881,169.53125,12.931467,.21252395,3,0,41,0,0
4760,3.1256409,3,18.1,180.46875,17.488644,.26143777,4,0,41,0,0
4762,12.362589,3,7.5999999,166.25,9.4963589,.72459573,4,0,23,0,0
4763,15.3125,3,14.185477,120.3125,11.483738,.5246591,3,1,37,0,0
4765,4.0625,2,13.379582,54.6875,9.3226414,.2497623,1,0,33,0,0
4766,2.5014491,3,15.515818,76.61644,17.107094,.80031055,3,1,46,1.6420608,0
4767,12.96875,3,13.194436,88.538116,28.575726,.93414682,2,1,46,.67201924,0
4768,12.738443,3,16.356047,66.25573,11.326942,.28692952,1,0,39,1.8954372,0
4769,11.517375,3,11.389528,85.892754,8.8219185,.23645008,1,0,42,1.7206562,0
4771,4.0625,3,11.777027,68.07338,11.17811,.27256253,1,0,39,2.2008855,0
4772,11.321914,3,8.5050001,76.5625,12.499575,.53729999,3,0,46,0,0
4774,.46875,3,7.8238883,147.16969,10.095501,.1117394,3,1,23,3.9924808,0
4775,.9375,3,6.4998603,165.13287,10.507378,.094680019,2,0,23,4.9150906,0
4776,.46875,3,7.9552364,154.73424,5.5507436,.075076163,3,1,23,5.4504585,0
4777,14.17551,3,8.179287,161.40251,15.552352,.91865414,4,1,49,1.1613314,0
4778,4.6261535,3,6.5554004,138.21637,8.1146364,.77211583,4,1,48,4.0454121,0
4780,68.470154,3,4.0999999,254.57031,10.484578,.042630836,4,0,26,0,0
4781,8.4375,3,7.8469982,169.81792,9.8327045,1.3263503,4,1,26,1.8107474,0
4782,5.941431,3,15.6,196.875,11.672382,-.13732836,4,0,51,0,0
4783,5.9472089,3,15,153.125,10.829888,-.1176183,3,1,51,0,0
4784,22.006647,2,7.1399999,21.875,4.6271772,.57248122,5,1,21,0,0
4785,12.365736,3,4.0653925,136.60954,12.104287,.30562049,4,1,42,1.8128213,0
4786,5.8123612,3,11.445,169.53125,12.464433,.51836687,3,0,39,0,0
4787,1.875,2,5.9461784,87.5,5.6795096,-.14823414,4,1,21,0,0
4788,29.84375,3,30.859158,926.93677,31.155828,1.2010407,4,1,33,.53376269,0
4789,27.03125,3,15.678927,224.21875,15.380716,1.122628,5,0,49,0,0
4790,3.75,3,10.695285,65.625,11.561316,1.4552076,1,0,46,0,0
4791,3.125,3,10.796391,71.09375,5.0129418,1.3257281,1,0,46,0,0
4792,1.75,3,6.36481,114.84375,6.6931396,.42063797,4,1,21,0,0
4795,2.3683252,3,6,72.734375,6.9334259,.55644816,3,0,21,0,0
4796,4.1875,3,15.71041,276.82095,16.734962,-.6269021,4,0,49,.87779212,0
4798,9.375,3,13.581022,249.375,11.127471,-1.5376204,2,1,34,0,0
4799,9.375,3,16.830143,187.03125,12.041478,-1.4582374,1,1,33,0,0
4800,5.3587246,3,9.3000002,57.148438,14.333215,.33803752,3,0,41,0,0
4801,13.125,3,19.950314,415.625,14.688739,1.2055775,5,1,57,0,0
4802,13.125,3,19.155119,368.86719,16.600821,.91802692,5,1,56,0,0
4803,13.125,3,14.835902,270.15625,11.828146,.87799722,4,0,56,0,0
4804,1.9682975,3,3.6421003,30.397072,6.7278633,.30515084,2,1,21,3.3890612,0
4805,4.0611439,2,5.8589587,15.526018,6.0598931,.26627678,2,1,21,4.4415007,0
4806,5.125,3,9.155098,284.375,5.8199282,.12858847,4,1,22,0,0
4807,2.34375,3,6.8844161,120.3125,8.1389647,-2.7321663,4,1,27,0,0
4808,3.0611503,3,5.6999998,229.6875,8.1318054,-1.8373313,5,1,27,0,0
4809,9.4535379,2,10,71.09375,16.902481,.16661564,4,1,44,0,0
4810,8.40625,2,9.2988682,49.21875,9.4294662,.098692596,4,0,44,0,0
4811,5.46875,2,12.178615,60.15625,9.5091381,-.56840527,3,1,44,0,0
4812,3.75,1,7.070385,0,7.1301513,.39482617,3,0,28,3.652523,0
4813,3.125,3,4.9707885,43.75,7.0610695,1.327511,3,0,22,0,0
4814,2.8125,3,4.6967025,29.310558,12.4333,-.21902485,5,0,60,1.2924786,0
4815,2.3125,3,3.4011812,20.937654,9.5431576,-.241375,4,0,60,2.2005332,0
4816,3.28125,2,10.81781,4.7517481,12.112724,-.43907061,4,0,41,1.7761897,0
4817,2.1697328,2,4.1999998,76.5625,13.16124,1.3643354,5,0,23,0,0
4819,20,3,12.216705,82.03125,12.362269,1.3004909,3,0,46,0,0
4820,12.582484,3,39,77.929688,19.355801,.81660289,5,1,41,0,0
4822,1.9739506,2,5.8000002,39.375,9.7171211,-.33244827,4,0,37,0,0
4823,2.0205538,2,7,52.5,7.8723483,-.24215114,3,0,37,0,0
4825,2.1875,2,13.733636,39.253696,8.4597816,.3624624,3,1,58,2.3587039,0
4826,.46875,2,6.2468662,27.497498,5.9581556,.67539626,3,1,21,4.8956671,0
4827,1.0221198,3,19,125.78125,8.46313,1.0042787,2,1,27,0,0
4828,11.71875,3,15.178945,116.1497,13.566479,.50731844,3,1,47,.56437367,0
4829,7.1232042,3,3.9074516,239.41193,14.114234,-2.975605,3,1,21,1.6046362,0
4830,28.125,3,28.777939,852.17047,28.520172,.61924255,2,1,48,.057198852,0
4831,7.96875,3,5.7211981,74.713676,7.5390716,1.3527859,3,0,21,1.9816796,0
4832,2.8125,3,13.168841,33.781853,11.056305,1.1416533,4,1,51,2.6199076,0
4834,11.71875,1,8.0680647,1.5505029,6.9202776,.27697632,3,1,29,2.1325252,0
4835,25.28125,3,10.874854,344.70389,12.523212,-2.9273844,1,1,24,.73826998,0
4836,3.75,2,10.330858,51.953125,6.1883807,.98734123,4,0,37,0,0
4837,1.9313779,3,3.9965808,124.24944,10.938699,1.0277935,4,1,33,.12380543,0
4838,2.0513878,3,3.0971529,113.8272,12.965377,1.1856127,4,0,32,.11198115,0
4840,2.7438254,1,7.194736,0,12.952956,.52820593,4,0,46,4.5807834,0
4841,5,3,4.5158038,27.34375,6.0259085,-.18182729,4,1,21,0,0
4842,7.5,3,4.617002,32.8125,6.3349152,-.11317106,4,1,21,0,0
4843,22.855858,3,55,926.93677,26.630056,.84702301,2,1,51,0,0
4844,22.174595,3,47.599998,926.93677,20.897287,.82335639,3,1,51,0,0
4845,16.40625,3,31.282215,926.93677,24.658026,.79549062,3,0,51,0,0
4846,9.2920218,3,7.5999999,420.82031,19.785603,.81175965,4,0,43,0,0
4847,32.8125,3,16.552748,327.96649,23.111248,.22500762,1,0,51,2.4476209,0
4848,40.347313,3,25.503666,220.81757,30.160894,.24525736,2,0,51,1.5556593,0
4849,6.4375,1,11.352839,16.158073,7.6372838,-.9642148,1,1,38,1.9081719,0
4850,16.40625,2,8.2426338,12.147627,8.7341766,.20222205,4,1,34,1.2634239,0
4851,5.1464949,3,16.799999,185.9375,10.632896,.84112662,1,1,51,0,0
4852,6.2940469,3,19.950001,169.53125,11.981097,.69947582,1,0,52,0,0
4853,1.7471044,2,4,57.148438,6.6496935,.63690335,2,0,22,0,0
4854,3.2273736,3,11.842751,24.484936,6.466979,.92503154,4,1,39,9.4977131,0
4855,13.90625,3,14.51776,222.12379,16.045359,.5750649,4,0,41,1.08088,0
4856,6.09375,2,13.447962,38.829659,9.0801287,-.31105638,5,1,39,.80969739,0
4857,6.3699937,2,6.8612971,22.840132,6.0809774,-.33950609,5,1,39,2.1082001,0
4858,6.09375,2,13.16293,23.035669,8.8365364,-.4272866,5,1,39,.73735189,0
4859,6.40625,3,14.141351,131.25,15.404185,-3.4803882,3,0,49,0,0
4860,8.8975935,3,14.2,158.59375,30.149536,-2.0834796,4,0,49,0,0
4861,1.71875,3,13.092314,56.282974,12.983034,.48428166,3,0,41,2.0253313,0
4862,7.5,3,9.402689,71.09375,10.030302,.28200528,4,0,59,0,0
4864,2.8510048,3,20.5,40.523438,8.8645477,.5620867,3,0,34,0,0
4865,5,3,6.4727902,168.57162,11.235613,.45717067,4,0,27,2.5852599,0
4866,1.875,3,5.7871718,130.31566,7.4680629,.44882572,4,0,27,4.7066436,0
4867,12.682697,3,9,65.625,10.190909,.28626874,4,1,33,0,0
4868,18.75,3,16.292557,331.41641,16.566656,.24623512,4,1,37,1.1747794,0
4870,2.5130064,2,5.3000002,51.953125,6.6137204,-.32598865,5,1,23,0,0
4871,2.75,3,6.2350516,109.375,6.4843431,-.43336517,4,1,22,0,0
4872,2.75,2,6.5982347,65.625,8.4258652,-.34016082,5,1,22,0,0
4873,5.625,2,5.0754104,39.460472,7.6722212,-1.4928041,5,0,24,.84221977,0
4874,7.9529691,3,31.200001,196.875,19.176907,-.058221593,3,0,38,0,0
4875,12.086731,3,5,83.125,12.082344,1.0389117,3,1,23,0,0
4876,34.65625,3,17.8305,198.40308,13.299129,-.078568958,5,1,33,.9104268,0
4877,4.0625,3,12.387257,38.28125,12.136872,.61068505,4,1,49,0,0
4878,2.8125,3,12.488426,43.75,23.224609,.61721915,4,1,49,0,0
4879,32.967941,3,9,410.15625,13.821955,-.22534157,3,0,36,0,0
4880,74.57283,3,6.1950002,21.875,7.3719268,.6419059,5,0,24,0,0
4881,5.8276334,3,6.3000002,20.78125,5.3104615,.62967277,5,0,24,0,0
4882,71.727234,3,5.6700001,26.25,7.2902894,.54188514,5,0,26,0,0
4883,4.0625,3,12.518323,32.8125,10.189642,.22823553,4,0,33,0,0
4884,23.4375,3,11.25478,27.34375,16.338808,.89889038,3,1,44,0,0
4885,22.34375,3,15.374722,131.25,11.117665,1.0490453,5,0,52,0,0
4886,3.28125,2,9.9591589,36.367188,7.3442831,.62271827,2,1,34,0,0
4887,15.74599,3,11,98.4375,16.441631,.33586508,1,0,59,0,0
4888,6.5625,3,13.867451,114.29688,9.2382927,.85877728,5,1,53,0,0
4889,23.875,2,6.0697904,19.003517,7.6376386,-.20598462,3,1,21,3.0197165,0
4891,10.287395,3,20,136.71875,12.002667,-.2856693,3,1,37,0,0
4892,11.528848,3,13.9,166.25,13.819056,-.37221572,4,1,37,0,0
4894,1.875,3,10.858765,21.875,10.030308,-.45176521,5,0,37,0,0
4895,2.75,3,9.6863766,21.875,10.346377,-.2843146,4,0,37,0,0
4897,32.3125,3,13.381143,65.625,9.3989859,-.35742402,3,1,53,0,0
4898,2.8125,3,7.0616636,43.75,7.6237454,-.061588004,3,1,26,0,0
4900,2.8125,3,9.1970787,83.125,7.5135527,.57796896,2,1,28,0,0
4901,1.953125,3,14.061977,131.25,10.842784,.79317498,3,0,39,0,0
4903,29.454878,3,26.25,175,10.788725,.37458384,4,0,58,0,0
4904,5.15625,3,5.673141,90.446976,8.2030735,.80447012,5,0,21,3.0647278,0
4906,23.4375,3,13.955536,81.24601,13.047968,-.49237263,5,1,56,.86524087,0
4907,7.8092256,3,8,185.9375,7.3568969,-.23587523,3,0,28,0,0
4908,1.875,2,4.1590137,2.4142666,10.024875,1.0016341,3,0,60,2.3153582,0
4909,1.875,2,14.146155,60.15625,9.3919144,-.80356598,5,0,52,0,0
4910,2.75,2,14.247229,65.625,9.5023804,-.99987638,5,0,52,0,0
4911,3.59375,2,11.365255,.50247908,19.095043,.43486953,2,1,46,1.5081425,0
4912,18.75,3,4.5840449,131.25,9.1282444,.29925093,4,0,23,0,0
4913,20,3,4.7920628,71.09375,7.9292016,.63847369,4,1,23,0,0
4915,12.024581,3,18.890356,185.67288,11.745493,.49399248,3,0,33,.052736256,0
4916,27.422859,3,12.486423,92.419792,14.022246,.11789298,5,0,57,1.0724151,0
4917,11.71875,3,5.6683168,143.33401,17.785065,-.81218052,1,0,22,1.2137717,0
4918,2.0353253,3,21.171623,134.33369,12.26837,.89131415,3,1,33,1.7265207,0
4919,1.40625,3,16.503952,141.47145,11.441057,.99892867,2,1,33,1.8463442,0
4920,6.7705412,3,20.431999,151.91496,7.1106763,.96784008,3,1,33,1.743482,0
4921,1.953125,3,11.00903,44.140991,11.210581,.53243893,5,0,37,1.6186587,0
4922,1.40625,3,8.7140112,39.978249,9.2337713,.47291389,5,0,36,2.8736274,0
4923,10.420685,2,12.6,35,4.6756001,1.1337819,2,0,39,0,0
4924,1.84375,2,11.37776,27.803846,13.414003,-.75547767,4,0,48,5.8357229,0
4925,5,3,15.486401,153.125,11.703866,.8212502,5,0,42,0,0
4926,1.640625,3,20.251291,464.29996,20.457958,1.198792,4,0,52,.72219044,0
4927,27.34375,3,15.008673,475.89572,13.716853,.44444937,3,1,26,.50997031,0
4928,39.235531,3,9.2714567,580.06238,20.662201,.28303832,4,1,24,.47989339,0
4929,14.938438,3,35,72.734375,5.8057046,.54449368,5,0,47,0,0
4930,2.34375,3,17.137577,364.00739,18.117317,1.0756431,3,0,46,.72900385,0
4931,2.34375,3,13.253808,229.37793,13.096496,1.1078345,2,0,44,1.0533159,0
4932,15.90625,3,9.9825583,109.375,13.472719,-.30515769,5,0,36,0,0
4933,70.3125,3,7.4841175,114.29688,8.2018738,.66833144,4,0,28,0,0
4934,2.34375,3,13.21411,150.64905,10.807085,.18906087,3,0,38,.0066508837,0
4936,9.375,3,8.8397169,41.5625,10.387171,.12765798,4,0,44,0,0
4937,3.59375,3,15.319759,44.57373,11.153327,.41877139,5,0,32,1.4857173,0
4938,4.4378791,1,4.9000001,15.585938,5.4508677,.9573158,4,1,22,0,0
4939,45.771255,3,3.75299,51.735435,14.518368,.23639785,4,1,41,1.8411428,0
4940,49.21875,3,12.997216,46.67086,13.21841,.21741076,5,1,39,1.8638893,0
4942,6.0871854,3,9,77.929688,9.1447315,.92557847,4,1,53,0,0
4943,9.6875,2,10.927285,86.068642,10.316359,.54417211,2,0,59,2.3206019,0
4944,10.579999,2,6.4802623,66.222305,5.5159569,.62277198,3,0,23,2.8414495,0
4945,14.53125,3,19.797216,398.61227,20.438831,.08372958,3,1,56,1.2212894,0
4946,1.8950471,4,10.950396,300.46469,14.918578,.69998115,3,1,33,4.428031,0
4947,4.53125,4,22.192455,358.5979,20.789513,.56027013,2,1,33,2.6193545,0
4948,1.84375,2,15.467505,53.59375,9.5270176,-.16888958,3,1,42,0,0
4949,5,3,12.774161,72.025032,11.145752,.72480583,4,1,39,1.6143165,0
4950,3.75,3,8.9466515,103.62863,10.890154,.44147438,4,0,36,2.793047,0
4951,3.75,3,6.6784506,57.148438,7.260859,1.4300282,1,0,29,0,0
4952,11.71875,3,12.334111,13.538729,11.741859,-3.4803882,4,0,39,1.0462589,0
4954,4.6875,3,7.560555,125.78125,10.348338,.34039408,4,1,63,0,0
4955,8.1699486,3,3.8929157,183.50781,18.351526,.47446355,3,0,46,1.3816087,0
4957,.8125,3,6.7810192,169.53125,8.6289377,-2.2119384,5,0,23,0,0
4958,1.8125,3,8.1013699,169.53125,8.278471,-2.9147074,5,1,23,0,0
4959,4.6445923,2,7.2940078,23.513945,11.393023,.66519541,1,0,41,1.0302675,0
4960,1.9069093,1,6.4937572,17.037678,8.1760769,.60589451,1,0,38,3.7707896,0
4961,1.953125,2,10.148363,22.550644,9.4899302,.59929889,1,0,37,1.835269,0
4962,2.34375,3,8.0716991,236.05005,6.2278972,1.4882684,2,0,21,6.1257787,0
4963,3.59375,3,8.2077837,282.5705,10.55633,1.1742686,1,0,22,3.312645,0
4964,4.539886,3,12.9,28.4375,20.012947,-.48561025,1,0,43,0,0
4965,7.375,3,11.082857,30.625,31.155828,-.54887992,1,1,43,0,0
4966,3.9619606,3,10.9,27.34375,11.840754,-.44548243,1,1,43,0,0
4967,4.6875,3,14.600098,120.92415,12.86337,.48688221,1,1,41,1.9471836,0
4968,2.8646343,3,10.71,120.3125,26.60445,-.17465486,4,1,56,0,0
4969,2.8796687,3,10.5,120.3125,13.393431,.45895457,4,0,47,0,0
4970,2.34375,3,14.718472,175,12.493242,.55636489,4,0,42,0,0
4971,68.3125,3,29.093218,926.93677,31.155828,-.49049574,4,0,39,0,0
4972,11.25,3,8.6986227,89.732452,10.773884,.073415518,4,0,36,2.4309113,0
4973,10.15625,3,8.7772436,99.939186,11.374476,.060427524,4,0,34,2.4617734,0
4975,2.7270529,3,6,410.15625,11.721643,-1.699101,2,0,23,0,0
4976,4.6126328,3,6.4000001,322.65625,20.956366,-1.0802395,3,0,23,0,0
4977,4.3519683,3,5,317.1875,19.180878,-1.9446123,3,0,23,0,0
4978,62.65625,3,26.836201,926.93677,31.155828,.12581876,3,0,43,1.0939472,0
4979,5.9222617,3,7.8720694,139.42445,18.928894,-3.2755311,1,0,43,1.1840947,0
4980,12.730799,4,8.6036997,123.6234,14.144434,-.61020327,2,0,38,1.5040393,0
4981,7.1947145,3,17.85,196.875,13.631739,.53283691,4,1,41,0,0
4982,5.625,3,14.314897,164.0625,11.691427,.4087218,4,1,39,0,0
4983,29.606581,3,13,98.4375,7.9369512,.36283818,3,0,38,0,0
4984,24.255959,1,14.385652,5.3041935,20.337837,-.059934292,4,0,62,.99612772,0
4985,9.4823666,3,24.525997,208.85519,19.682472,-2.7548447,3,0,33,.90902686,0
4987,2.4526093,3,4.1999998,54.6875,8.4899054,1.1637393,1,0,34,0,0
4988,5.8179502,3,7.6100631,644.60712,16.252159,.51379091,2,0,27,1.5316439,0
4989,7.2674608,3,5,76.5625,22.75215,.35343993,5,1,33,0,0
4990,11.71875,3,20.746826,437.5,16.456881,.38286981,5,0,42,0,0
4991,2.4139981,1,4.9448676,15.245115,17.260006,.88252425,1,0,43,1.1632229,0
4993,9.375,3,13.742835,2.5612714,11.839443,-1.0023434,4,0,33,2.1164818,0
4994,1.875,3,12.496609,46.757813,10.740614,.92002213,2,1,46,0,0
4995,8.90625,3,12.46371,38.28125,31.155828,.094939329,3,0,47,0,0
4996,8.90625,3,11.511344,60.15625,12.445311,.12932707,4,0,47,0,0
4997,27.03125,2,10.426044,22.96875,6.4884167,.41500252,5,1,31,0,0
4998,4.7595868,3,4.0999999,142.1875,12.227158,-.18162547,4,0,24,0,0
4999,6.4186664,2,6,60.15625,7.2539306,-.87286705,4,0,26,0,0
5000,5.15625,2,6.0483122,65.625,6.9344416,-.52570778,5,0,26,0,0
5001,7.109375,4,12.878088,50.3125,5.1810575,.33205968,5,0,43,0,0
5002,53.28125,3,5.5000973,109.375,8.4122896,.36852199,4,1,23,0,0
5003,9.375,2,12.684706,87.5,9.7895069,-.016016327,3,1,44,0,0
5005,7.375,3,10.90274,105.35313,14.531484,-2.4520369,1,0,43,.75415468,0
5006,10.380512,3,3.6752162,95.022377,19.893646,-3.4030273,1,0,43,.44206962,0
5007,32.3125,3,14.549779,474.29883,6.1718488,-.17272633,3,1,27,2.8219955,0
5008,.8125,3,15.448133,165.15941,15.014156,-3.4283085,5,1,56,3.0293388,0
5009,1.8125,3,14.404918,102.01485,12.953662,-3.1757867,5,1,56,1.8877599,0
5010,2.3125,3,14.793997,125.73331,11.163252,-1.9195484,5,1,56,2.5283847,0
5011,5.3417196,3,6.9339962,257.53796,11.768631,-1.8458163,3,0,23,.90948713,0
5012,1.875,3,15.08961,224.21875,14.079384,.54013616,4,1,54,0,0
5013,3.125,3,13.566624,213.28125,7.6961155,.60146284,4,0,54,0,0
5014,4.3821216,3,6.6149998,98.4375,7.2022009,.63824546,1,0,22,0,0
5015,4.21875,3,10.655581,46.516296,12.308938,-.24618475,2,0,43,.072649725,0
5016,3.75,3,13.935307,114.29688,7.8751926,.80869561,2,0,41,0,0
5017,11.21875,3,12.454104,40.46875,11.708076,-2.2129991,5,0,41,0,0
5018,9.21875,3,12.716811,54.6875,12.044785,-2.8983343,5,0,41,0,0
5019,9.375,2,3.0126898,16.261162,10.685001,-3.4803882,4,0,22,1.5631329,0
5020,9.375,2,4.1614246,16.451002,7.9260535,-3.4803882,5,0,22,1.6540965,0
5021,1.875,3,16.393009,98.4375,11.83676,-.04790264,3,0,32,0,0
5022,2.0231678,3,28.700001,109.375,27.537516,-.045615826,3,0,32,0,0
5023,2.7101755,3,7.1720381,42.448841,13.190469,.36090595,3,0,41,2.2841334,0
5024,6.1724825,3,6.3000002,322.65625,15.289593,.71735913,4,1,37,0,0
5025,5.15625,3,16.875116,339.0625,5.9179463,.61952162,4,1,37,0,0
5026,9.609375,3,11.600121,123.90825,12.936363,.57068259,4,1,44,2.0155241,0
5027,18.125,3,6.8512053,128.45819,11.229566,.76756269,3,0,27,2.3125324,0
5028,16.875,3,7.0572505,142.70134,13.976605,.7999745,4,1,27,1.403,0
5029,18.125,3,8.7009192,107.73583,8.7875051,.78538775,4,1,28,1.6812905,0
5030,20.533762,3,5.9936066,98.215866,11.9614,.39351806,4,1,27,1.5949556,0
5031,14.341226,3,42,926.93677,16.498407,.70647156,4,0,57,0,0
5032,7.5,2,11.51993,10.308215,12.16573,.61413157,4,1,56,1.6737987,0
5033,5.15625,3,11.299284,22.088144,12.06611,.52233547,4,1,54,1.8000946,0
5034,7.2359595,2,10.185,27.34375,17.293951,.79541606,2,0,49,0,0
5035,5.7280345,2,4.1999998,28.4375,6.6570716,.86536467,1,0,23,0,0
5036,10.115712,3,8.8000002,213.28125,10.965984,-1.3663117,4,1,41,0,0
5037,4.5783257,3,7.3499999,147.65625,7.4529009,.24057333,4,1,28,0,0
5038,30.46875,4,22.019632,397.75714,17.763508,-3.0679765,5,0,42,.37911281,0
5039,22.34375,3,14.442379,202.34375,14.37139,1.3457305,3,0,46,0,0
5040,6.7206202,3,12.6,306.25,8.994215,1.194651,4,0,42,0,0
5041,4.1875,3,11.88315,162.28076,14.795703,-.90579349,4,0,43,.96680683,0
5042,3.1875,3,12.765014,139.57274,13.886806,-.49882606,4,1,43,1.215567,0
5044,22.96875,3,14.143441,164.0625,12.202582,1.1597486,4,0,51,0,0
5045,73.682373,3,6.3000002,21.875,11.463558,.70289713,5,0,23,0,0
5046,2.34375,3,23.955484,579.6875,10.405166,-.035851941,4,1,33,0,0
5047,11.759004,3,17.556591,25.870047,9.9727907,-.93090844,3,1,38,2.0059128,0
5048,21.09375,3,6.2271223,39.790195,9.3314028,-.73956913,4,0,28,2.3788056,0
5049,5.9206538,3,6,72.734375,27.673498,.78328228,5,1,44,0,0
5050,5.625,3,13.046364,77.929688,11.408879,.23112498,5,1,46,0,0
5051,22.68364,2,25,27.34375,12.993193,.17602876,2,1,37,0,0
5052,14.0625,3,20.347191,382.8125,6.8114595,-.73798323,3,1,49,0,0
5053,14.0625,3,23.422466,546.875,21.300957,-.81676191,3,1,47,0,0
5054,.9375,2,4.9198751,38.28125,5.8000417,-.47307661,4,1,22,0,0
5055,18.75,3,4.6421695,82.03125,10.758754,-.43818799,2,0,23,0,0
5056,23.501997,3,3.4000001,92.96875,8.6334925,-.58446079,3,1,23,0,0
5057,37.5,3,19.337776,350,15.48476,-2.6275289,4,1,52,0,0
5058,18.75,3,17.39636,142.1875,9.9794598,.6304239,4,1,32,0,0
5059,9.9297762,3,9.4499998,131.25,11.674061,.36903852,3,1,37,0,0
5060,15.90625,3,13.052472,218.84677,11.119407,-.093332879,2,1,36,1.6342779,0
5061,1.71875,3,12.9207,136.72527,6.6409655,.32113311,3,0,38,2.1844101,0
5062,3.28125,3,13.255888,107.72444,12.370196,.49015924,3,0,39,1.4012233,0
5063,3.125,3,12.36482,126.9689,10.283701,.74158645,2,0,38,1.2028515,0
5064,4.1875,3,11.804828,65.625,15.291573,.68632746,2,1,44,0,0
5065,.46875,2,5.2902827,65.641098,7.4593668,-.61202902,1,0,26,3.4592242,0
5066,1.875,2,4.6388736,27.25386,7.4708128,-.33196592,1,0,26,4.7877665,0
5067,2.3843749,3,25,41.5625,9.5970764,.93980736,2,0,39,0,0
5068,2.2786269,3,18.200001,40.523438,11.747522,.81804138,3,0,41,0,0
5069,2.09428,3,19,35.328125,10.626252,.88882786,3,0,39,0,0
5070,7.3918505,3,4.5539479,25.617092,10.761909,.66802502,4,1,21,1.1237054,1
5071,1.875,1,3.400986,1.6083603,6.3026595,-.28646666,1,0,22,4.7552352,0
5074,4.6875,3,7.0951042,21.875,6.7307739,.68671316,4,1,28,0,0
5076,1.640625,3,9.0402956,109.375,18.713373,-.011277234,4,0,36,0,0
5077,4.53125,3,12.524676,103.90625,11.024868,-.018043106,4,1,37,0,0
5079,7.34375,3,14.636534,131.25,22.302423,-.17759703,3,0,41,0,0
5080,62.080482,3,22.799999,57.148438,8.758893,1.1235374,1,0,38,0,0
5081,26.953125,3,10.863002,77.929688,10.767276,1.0295199,1,0,37,0,0
5082,53.90625,3,10.382373,51.953125,6.3833709,.84004223,1,0,37,0,0
5083,4.1288238,3,11,44.84375,9.1686811,.22310093,1,0,59,0,0
5084,70.3125,3,21.819027,586.09424,25.246008,.53323638,5,0,48,.95824379,0
5085,70.3125,3,26.014305,800.41174,28.487772,.31198621,5,0,48,.6893248,0
5086,8.203125,3,12.551383,185.9375,14.043499,.52958333,4,0,46,0,0
5087,1.2722958,2,4,49.21875,4.6271772,-.99721557,2,1,21,0,0
5088,1.0531356,2,3.5,65.625,6.4845877,-.7279045,3,1,21,0,0
5089,8.4928141,3,3,83.125,13.037398,.54922628,4,1,43,0,0
5090,13.570862,2,6.9221334,70.915428,11.827236,.11621237,1,0,59,1.0422658,0
5091,5,2,9.877389,59.920799,9.4779243,.13785331,1,0,59,1.6850871,0
5092,1.98323,3,19.22904,312.50186,15.490206,-.26669499,2,1,41,.98012781,0
5093,2.0247386,3,24.769754,443.41956,16.57905,-.40803981,2,1,41,.95288563,0
5094,11.25,3,19.513021,276.78177,16.428663,-2.2924223,4,1,32,.68576783,0
5095,11.25,3,21.84301,328.24338,16.002708,-2.3053343,3,1,32,.59325945,0
5096,5.625,3,13.48824,71.457016,12.11576,.43441993,4,1,48,2.2212462,0
5098,70.3125,3,17.427744,196.875,12.690064,.26594245,3,1,51,0,0
5099,8.75,3,16.082312,240.625,13.865693,-.41620025,2,1,46,0,0
5100,1.875,3,13.469172,27.584457,7.80755,.17711739,4,1,33,1.5735264,0
5101,2.1875,2,8.2923365,15.054421,8.6094484,.19554865,4,1,34,1.7780528,0
5102,1.875,2,13.226609,15.054959,10.251961,.13373692,4,1,33,1.5895673,0
5103,54.537289,3,44.479523,87.035851,22.798038,-.35373604,2,1,33,.85945886,0
5104,16.40625,3,17.054003,393.75,18.536839,1.4882684,5,0,43,0,0
5105,15.3125,3,15.610671,218.75,10.284104,1.3723687,5,1,38,0,0
5106,3.984375,3,11.274936,71.09375,5.8307247,1.4882684,4,0,39,0,0
5107,42.1875,3,21.346325,572.68585,24.052395,.950041,4,1,56,.70356077,0
5108,22.96875,2,4.7880554,18.634609,9.6949902,.56989968,5,0,24,2.2630343,0
5110,1.7367796,3,8.7715626,34.502956,12.65037,.4294554,5,0,48,3.6697078,0
5111,4.21875,3,11.145228,51.953125,13.156768,.67098743,3,0,43,0,0
5112,3.75,3,13.761194,305.42285,19.452059,1.4882684,4,1,36,2.4519367,0
5113,4.8159699,3,28.43775,402.92795,19.023115,.47642094,4,1,37,2.4015234,0
5114,8.875,2,9.6594648,17.315733,13.078387,-2.0990736,4,1,44,3.4248004,0
5115,5.46875,3,10.391158,49.21875,16.33259,.1247088,1,0,46,0,0
5116,10.646441,3,10.71,43.75,11.85607,.10487217,1,0,47,0,0
5117,.9375,2,4.9812984,35.328125,5.1366482,.36839473,4,1,21,0,0
5118,1.875,2,3.5533762,29.53125,6.8448873,.36269879,4,0,21,0,0
5119,16.40625,3,4.6943855,93.48893,10.275322,.62247115,4,0,24,1.8446721,0
5120,20.46875,2,3.4236002,0,9.8194618,.45568299,4,1,23,3.8956223,0
5121,7.109375,3,7.3097272,134.38713,10.516714,.13566142,5,0,26,2.2370102,0
5122,4.6875,3,13.875103,137.97888,12.232351,.43609107,1,1,57,3.2536883,0
5123,6.773571,3,14.191959,233.41281,11.79692,.37492499,1,1,56,3.5243866,0
5125,2.4284453,2,4,16.40625,7.0286613,.23523994,3,0,22,0,0
5126,.9375,2,8.3172569,6.4196911,8.0278254,-.58491319,5,0,36,1.3251343,0
5127,5.0096493,3,12.6,25.15625,13.435713,.4928118,3,1,42,0,0
5128,8.4375,3,10.443757,28.4375,12.124425,.60929793,4,1,43,0,0
5129,25.320387,3,18.51438,268.13562,9.8133211,.059171733,5,1,38,.9730522,1
5130,14.0625,3,19.321875,503.94531,13.609328,.36352533,5,0,43,0,0
5131,16.080912,3,8,420.82031,16.298012,.38922766,4,0,44,0,0
5132,16.270329,3,11.5,462.38281,22.754631,.7530461,5,0,43,0,0
5133,2.4920814,3,12,87.5,8.753315,-.87059253,1,1,56,0,0
5134,5.5199356,3,15.8,155.85938,12.532716,1.0765076,1,1,46,0,0
5135,4.21875,3,13.797444,218.20313,12.05057,.68751889,1,1,44,0,0
5136,.9375,3,12.424924,125.78125,5.8511672,.08908809,3,1,31,0,0
5137,5,3,12.893817,164.0625,10.512576,.27650988,1,0,53,0,0
5138,1.9780964,3,9.8000002,76.5625,6.3286695,.72268361,1,1,56,0,0
5140,5.15625,3,11.121757,93.515625,10.546495,.71777266,4,1,44,0,0
5141,6.1777644,3,6,72.734375,16.760206,.85041487,4,1,43,0,0
5143,11.152627,3,4,32.8125,10.421047,-.85338134,4,0,44,0,0
5144,10.794024,3,5.5999999,38.28125,7.2103252,-.59527409,5,0,44,0,0
5145,6.875,3,11.771879,54.6875,6.5966625,.39682096,1,1,38,0,0
5146,11.71875,3,15.167809,251.5625,14.624924,.31893465,5,0,46,0,0
5147,22.34375,3,13.870732,229.6875,12.492971,.45671433,4,1,44,0,0
5148,12.047426,3,15.54,196.875,9.5579348,.23627315,5,1,44,0,0
5149,2.1875,2,6.141654,71.09375,7.0078354,.38356531,1,1,24,0,0
5150,18.654657,2,5.145,49.21875,4.8648834,.40892807,1,1,23,0,0
5152,25.78125,3,12.189506,21.887062,12.139964,.72221243,5,0,48,1.5829674,0
5153,2.65625,3,13.740541,204.07066,11.806963,.43890437,2,0,38,2.1806493,0
5155,2.65625,3,13.543367,179.07294,13.380957,.49196747,1,0,39,2.8642108,0
5156,9.375,3,13.46268,114.84375,11.419986,.45653206,4,0,51,0,0
5157,4.6065483,3,5.25,153.125,5.0962772,.21325484,5,1,24,0,0
5158,3.127182,3,7.9000001,25.976563,8.1464396,1.0338702,3,0,27,0,0
5159,26.40625,3,14.470231,475.22513,14.570498,-.14889656,3,1,24,.54284441,0
5160,4.1998978,1,8.2899637,7.978056,8.888546,.46951297,4,0,41,1.4227719,0
5161,10.546875,3,14.868956,166.25,9.6652336,.1326119,5,1,38,0,0
5162,23.4375,3,9.5189018,147.65625,9.5980997,1.0641804,4,0,36,0,0
5163,24.6875,3,10.774644,142.1875,8.4013529,.77134603,3,0,36,0,0
5164,4.21875,3,13.899849,175,13.139057,.63272041,4,1,46,0,0
5165,3.125,3,14.917712,153.125,12.774078,.54916781,4,1,41,0,0
5166,35.15625,3,8.2314358,161.05469,20.490995,1.364966,3,1,22,0,0
5167,4.4870758,3,7.3499999,82.03125,8.3683033,.55322421,1,0,24,0,0
5168,3.15625,4,8.3940277,131.25,9.4499464,.16826911,2,0,24,0,0
5169,10.840289,4,9,153.125,23.69412,.13253309,2,0,44,0,0
5170,4.65625,4,14.25283,164.0625,12.103688,.15196793,2,0,44,0,0
5171,2.8881133,2,2.8499351,27.672489,4.6271772,.036658801,1,0,36,5.1018348,0
5172,1.875,3,4.9668632,56.016075,16.029087,.41175759,1,1,23,2.1588895,0
5173,19.688894,3,8.3581333,144.87985,14.33793,-.23074542,2,1,33,3.7128246,0
5174,2.34375,2,12.382121,73.64077,11.1211,-1.0308019,4,0,48,1.6726236,0
5175,8.2265463,2,8.7493734,39.520821,8.7390575,-1.3935175,3,0,51,2.7733829,0
5176,1.84375,2,12.174896,45.327423,11.162198,-.93587953,4,0,51,2.9612331,0
5177,2.3853972,2,16.429745,29.011192,16.204624,-1.7589654,4,0,48,2.2451675,0
5178,1.84375,2,12.580938,66.152084,16.189104,-1.4187077,4,0,51,1.5358896,0
5179,2.8996005,2,4.3969469,15.830803,10.261451,.59703541,4,0,59,2.2850091,0
5180,2.8125,3,9.908988,23.770535,10.329096,.42281723,5,0,59,2.3449667,0
5182,44.3633,3,10.2,125.78125,9.8932438,.19697568,3,1,58,0,0
5183,2.3473051,3,6,60.15625,6.6361709,-.62855422,1,1,38,0,0
5185,1.875,3,15.476745,176.64063,12.911194,.94992554,3,0,41,0,0
5186,3.0897882,3,37.400002,103.90625,18.825216,.79405886,3,0,39,0,0
5188,4.3899598,3,12.7,76.5625,10.538601,-.054645758,2,0,44,0,0
5189,4.5942564,3,14,145.46875,13.582205,.98248565,4,0,31,0,0
5191,3.359375,3,6.9071536,142.1875,7.646915,.73885214,3,0,21,0,0
5192,4.21875,3,5.6236906,175,9.4647741,.83198237,4,0,23,0,0
5193,4.21875,3,9.7528915,284.375,23.11223,-2.753046,3,0,24,0,0
5194,.8125,3,10.310534,103.90625,9.3055477,-1.9482884,2,0,31,0,0
5195,1.8125,3,8.5978613,142.1875,8.5688486,-2.2615674,1,0,28,0,0
5196,11.71875,4,15.355556,23.296408,6.5538893,-1.8836833,4,1,52,1.9267106,0
5197,35.15625,3,17.643793,405.23438,18.872602,-.16994584,4,1,43,0,0
5198,8.8861809,3,4.0481277,76.693954,16.726824,-1.7299569,4,1,54,.64287841,0
5200,6.5625,3,5.0731292,110.4962,8.1436796,1.4882684,1,0,22,2.8764751,0
5201,7.109375,3,12.508942,131.25,10.265981,.55998236,4,0,58,0,0
5202,8.6213713,3,7.1399999,92.96875,12.080356,.033568166,1,0,49,0,0
5203,4.1197133,3,4.1999998,109.375,10.666048,.035746362,1,1,51,0,0
5204,9.375,3,12.770329,98.4375,9.2340622,.032526851,1,1,53,0,0
5205,13.5625,3,5.9176216,109.375,15.539455,-.21822423,4,1,22,0,0
5206,20.55871,3,10.1,131.25,11.59597,-.22708511,4,1,37,0,0
5207,21.668291,3,3.3,109.375,15.421415,-.27841482,2,1,23,0,0
5208,6.09375,2,10.503312,7.0523472,8.7051773,.62919348,4,1,38,1.478318,0
5209,.9375,3,10.646296,64.296165,10.735164,.38287076,4,0,53,3.0137966,0
5210,.9375,3,12.046378,68.974228,9.7632732,.46390206,4,1,53,2.1235328,0
5211,.9375,3,13.5172,75.727058,10.036403,.46309978,3,1,53,2.0455327,0
5212,.9375,3,12.048447,69.061836,9.7615137,.42939207,4,1,53,2.1017773,0
5213,9.6875,3,11.369683,21.704441,12.328397,.6450631,5,0,56,1.0379257,0
5214,11.71875,3,14.617042,145.46875,29.148827,1.4882684,5,0,48,0,0
5215,26.219097,2,10.149642,0,8.8559513,.77465689,1,1,34,2.9438767,0
5216,12.003696,2,9.0790806,0,14.046049,.79708147,2,0,33,2.5602298,0
5218,55.964355,3,9.6999998,529.92188,19.170589,.17885698,5,1,41,0,0
5219,6.53125,2,7.51373,62.881905,7.2421865,-.082732856,3,1,26,.79142207,0
5221,1.40625,2,14.586491,57.148438,10.739249,-.026204513,3,1,41,0,0
5222,16.40625,3,15.49233,261.33441,13.880779,.65906179,5,1,44,.91029418,0
5223,2.5220823,3,6,41.5625,6.8773808,.4431814,1,0,22,0,0
5224,7.5,3,12.070463,74.097481,11.05067,.74316239,1,1,37,1.7756169,0
5225,3.6210821,3,18.9,65.625,8.3880978,.64461935,4,0,39,0,0
5226,.96923584,3,5.1969399,154.0208,6.4517603,.10955208,3,1,27,4.4011064,0
5227,9.177084,2,10,87.5,9.9613314,-.53773785,3,1,51,0,0
5228,7.96875,2,13.959923,65.625,9.3074579,-.41827777,4,1,51,0,0
5229,24.409937,4,14,166.25,31.155828,.66940922,4,0,42,0,0
5230,6.5625,2,3.7933278,0,8.334281,.5720892,1,0,26,4.5582733,0
5231,4.4582529,2,5.1199512,0,8.1180258,.80056751,1,1,24,4.0242081,0
5232,39.84375,3,13.204417,148.97313,31.155828,-3.4803882,5,1,44,.39123473,0
5233,39.84375,3,14.233953,205.20862,14.054567,-3.2861512,5,1,44,.75897604,0
5234,12.084458,1,17.12207,2.7841406,8.4355841,.43025881,3,1,29,2.505383,0
5236,4.1052327,3,5.355,65.625,11.630013,.61164594,1,0,54,0,0
5237,4.0625,3,10.749251,48.125,8.8419981,.60052234,1,0,53,0,0
5239,7.34375,3,15.003954,135.79477,10.463724,.57881016,2,1,58,3.3214095,0
5240,7.03125,2,15.228267,64.767921,10.0805,.69157755,3,1,51,1.2441317,0
5241,4.5625,3,10.891078,98.4375,6.2617879,-.29804927,4,0,38,0,0
5242,6.09375,1,9.6592999,0,9.7688284,.2614859,3,0,59,3.0232708,0
5243,5,1,11.27593,0,9.1795321,.16918288,2,0,58,4.1922646,0
5245,40.28125,3,14.97403,112.0706,14.373685,-.21238112,5,1,47,1.0290511,0
5246,40.28125,3,14.68102,97.865425,14.48394,-.23324278,5,1,47,1.1796142,0
5247,2.34375,3,3.3032119,21.875,18.907349,.084723838,4,0,60,0,0
5248,3.75,3,14.87267,62.032814,11.746043,-.83093363,4,0,32,1.5219054,1
5249,3.3220258,3,17.327604,72.611015,9.2370615,-1.3978966,4,0,37,3.0140686,1
5250,1.9406421,3,15.471831,67.596519,7.0198441,-1.0675445,4,0,33,2.7469616,1
5251,10.978273,3,10,114.84375,13.099972,.43882805,4,0,56,0,0
5252,2.8125,3,14.815612,153.125,9.6921597,.47312149,5,1,53,0,0
5253,.9375,3,4.4857574,20.024509,4.6271772,-.17100374,1,1,23,3.3477418,0
5254,.9375,3,4.6013341,26.036875,7.5320425,-.14311323,1,1,23,2.5412381,0
5255,.72839427,2,4.957953,15.466251,7.2567329,-.10403454,1,1,23,2.5772591,0
5256,19.873716,3,15.915998,27.988937,14.932913,.77253479,2,1,41,3.8572001,0
5257,13.870173,3,8,83.125,7.3716884,1.3456899,5,1,26,0,0
5258,15.151719,3,8.8999996,62.34375,17.153671,.91656917,5,0,56,0,0
5260,2.8125,3,14.230165,83.97718,12.256341,-.25424704,2,0,33,4.2463818,0
5261,3.0515287,3,16,166.25,15.864933,.58765399,1,1,56,0,0
5262,11.42316,3,22.785,109.375,19.502089,1.3830894,1,1,56,0,0
5263,28.170271,2,3.8727465,0,13.173656,.78529125,4,1,43,1.2995584,0
5264,1.84375,2,11.713953,8.2668753,11.466835,.14790836,2,1,46,3.5936241,0
5265,8.2518759,3,15.652674,21.887333,11.050065,.16064872,2,0,46,2.0684278,0
5266,3.1067297,2,15.142334,10.28691,11.321852,.15527897,2,1,46,2.7673326,0
5267,1.7505651,3,5.25,153.125,11.438412,.3577362,2,1,27,0,0
5268,16.40625,3,13.06712,185.04224,28.814528,.58217603,4,0,57,.75675303,0
5269,6.575099,3,9.900856,67.705063,12.122296,.8526752,4,1,54,.75152385,0
5270,11.21875,2,5.9277892,81.310356,13.192235,.43360132,3,0,60,1.4878826,0
5271,3.6857748,4,7.3499999,360.9375,6.6498303,.75195336,4,0,24,0,0
5272,7.03125,3,12.31312,71.09375,12.061831,.6847952,1,0,47,0,0
5273,5.0734105,3,13.65,76.5625,11.231692,.71766567,1,1,46,0,0
5275,1.875,3,16.189947,155.85938,13.556442,.98032224,3,1,47,0,0
5276,37.5,3,12.332267,165.54288,14.036741,-.46641737,4,1,44,1.3528125,0
5277,5.9375,2,12.202615,76.5625,26.731737,.47444773,3,0,46,0,0
5278,.8125,3,6.4645224,35.773308,9.1918297,-.21168371,3,1,24,4.5296149,0
5279,2.65625,3,15.257966,262.5,13.206815,1.3735892,2,0,37,0,1
5280,22.8125,3,17.782082,257.03125,11.159982,.15396254,5,1,41,0,0
5281,3.9834838,3,3.9386613,64.955528,11.423526,.77157825,4,0,42,1.3383291,0
5282,3.28125,3,11.927124,44.149902,12.080615,.69949108,4,0,41,1.1847163,1
5283,23.4375,3,20.538445,486.17175,17.927921,.17884612,3,1,46,.8994112,0
5284,23.4375,3,23.354599,649.18231,25.174198,.21585745,4,1,47,.66406745,0
5285,5.15625,3,13.315581,102.15727,12.230328,-.14489537,4,0,42,1.0942223,0
5286,37.5,3,12.421296,109.375,6.7435331,-1.016922,4,0,47,0,0
5287,54.708717,3,6,164.0625,14.218181,-1.0119927,3,1,47,0,0
5288,37.5,3,14.045552,125.78125,13.194918,-.85648245,4,1,47,0,0
5290,3.0999506,2,45.31868,70.18544,12.118253,-.35474703,3,1,49,.22868672,0
5291,10.546875,3,19.197451,568.5506,25.42816,.74271083,1,0,43,2.5234978,0
5292,21.09375,3,16.355961,408.13602,28.417761,.82330245,2,0,43,2.0368068,0
5293,2.34375,3,12.50215,101.28452,12.066822,.38690573,2,0,54,1.9988097,0
5294,2.34375,3,14.793864,134.8517,10.39668,.50345069,2,1,57,2.0736167,0
5296,4.836977,3,8.8000002,93.515625,12.548098,1.4882684,4,0,47,0,0
5297,3.2248805,3,5,103.90625,14.037118,1.0802493,4,0,46,0,0
5298,3.226727,3,8.6000004,83.125,7.2663159,1.1503849,4,0,46,0,0
5299,5.625,3,12.947162,51.953125,12.32572,1.0926682,3,0,47,0,0
5300,2.3878813,3,18.1,142.1875,14.829553,.14376275,5,0,47,0,0
5301,7.109375,3,6.5646791,162.98849,4.9269233,.76788473,2,0,22,.50848001,0
5302,16.800657,3,4.7173576,185.09871,9.5868835,.95238566,2,0,23,.18408798,0
5303,2.1386213,2,13.827117,17.694532,10.480166,.56495136,3,1,41,1.61808,0
5305,3.125,2,10.534986,64.558144,10.898656,1.4882684,4,0,37,2.190454,0
5306,1.875,3,8.9880056,101.24455,9.1617537,1.1687346,4,0,36,3.0886476,0
5307,2.8125,3,3.8943121,41.5625,10.696788,1.1931174,2,0,23,0,0
5308,2.0829737,3,8.1999998,20.78125,7.7742615,1.3400236,3,1,24,0,0
5309,18.25,2,11.677688,49.21875,7.7379742,-.31238118,1,0,58,0,0
5311,9.21875,3,15.389746,262.5,15.526197,-.58699453,4,0,41,0,0
5312,12.085959,3,23.4,470.3125,21.008204,-.64149565,5,0,41,0,0
5314,5.625,2,3.7768006,10.9375,7.4489198,-.35041368,4,0,26,0,0
5315,1.9080179,3,5.25,125.78125,11.004262,.033743009,3,1,27,0,0
5316,3.217119,3,4.3049998,153.125,7.1653075,.02950621,4,1,27,0,0
5317,3.125,2,7.7049079,38.28125,7.6789813,.60360742,4,0,34,0,0
5318,25.89076,3,4.4099998,44.84375,9.4336653,.78137469,5,1,31,0,0
5320,20.864101,3,27.914406,128.72261,15.175702,.46128657,4,1,49,1.0540245,0
5321,2.5684776,3,17,32.8125,13.980446,.1408551,1,0,46,0,0
5322,18.536818,3,5.2564263,144.87817,16.164942,.24727997,4,1,36,1.0452762,0
5323,16.40625,3,13.393253,217.32596,11.757586,.30948594,3,1,36,1.5181303,0
5324,1.875,2,10.193094,81.875114,7.9050059,.82424575,1,1,34,2.470897,0
5325,3.0347664,2,15.499201,90.318871,10.926082,.94485819,1,1,31,2.313724,0
5326,5.859375,2,4.0430474,0,7.7786417,.086231612,3,0,22,2.7835908,0
5327,5.6700945,3,8.9127617,71.641716,12.109716,-.66689432,1,0,42,1.1504627,0
5329,5.3737683,3,7.3499999,273.4375,13.278296,.92833322,4,1,39,0,0
5330,7.0352325,3,5.0999999,82.03125,10.789824,-.25916615,1,0,37,0,0
5331,7.9701586,3,11.55,246.09375,11.550706,.18860029,4,0,29,0,0
5332,8.150383,3,10.395,202.34375,10.010358,.22134691,5,0,31,0,0
5333,10.15625,3,8.4587469,32.8125,8.2386322,.75279176,5,0,34,0,0
5334,2.9535482,3,11.984259,62.944141,7.5134521,.9168781,1,0,41,3.2290554,0
5335,4.5604787,3,19.950001,125.78125,12.20232,.27491698,3,0,32,0,0
5336,1.171875,3,11.748662,175,9.5632238,.84229344,4,1,31,0,0
5337,2.1000252,3,9.7879858,31.910542,7.4865193,.72348207,4,1,48,3.0129352,0
5338,2.0788414,3,7.9673576,21.895649,7.3205109,.64409435,4,1,28,2.4386084,0
5339,17.207251,3,15.502648,137.1068,17.64447,-1.3698382,3,1,41,1.3228899,0
5341,15.775808,3,6,270.15625,11.699579,.92368478,1,0,38,0,0
5342,14.0625,3,15.187912,311.71875,14.355568,1.1642243,1,0,37,0,0
5344,3.75,3,13.697517,477.96875,16.476908,.66187578,5,0,63,0,0
5345,2.6048129,3,24.521555,154.17958,15.03716,-.48894683,3,1,38,1.6572633,0
5346,1.40625,3,14.494822,153.89914,17.334639,-.4798893,3,1,38,1.7272984,0
5347,83.598175,3,27.031227,52.947571,10.24814,.81491995,1,1,34,2.3513432,0
5348,14.73516,3,3.8,109.375,5.5589919,-.87568021,1,1,21,0,0
5349,3.8005207,3,8.1220369,59.763733,15.71773,.88271272,4,0,59,2.0302818,0
5350,7.5,3,11.892024,117.06055,12.051249,.78133297,4,0,57,1.1849922,0
5351,16.40625,3,13.307104,176.64063,10.596417,.51649004,2,0,38,0,0
5353,10.390353,3,21,235.15625,13.651871,.53290647,3,0,39,0,0
5354,3.5872338,3,15,41.5625,13.239715,.23878016,1,0,52,0,0
5356,13.579326,3,14.175,196.875,11.656736,1.1706547,2,0,59,0,0
5357,4.0625,3,11.775893,54.6875,11.766109,.23842961,4,0,41,0,0
5358,2.7961884,3,9.1350002,114.84375,7.2692199,.25350839,4,0,41,0,0
5359,2.8125,3,7.4689484,251.46684,9.879879,-1.422943,4,0,22,.70259923,0
5360,21.09375,3,7.2671771,86.246597,8.9522772,-.32146877,1,0,29,2.3133829,0
5361,1.872584,3,4.1999998,21.875,7.4424028,.52343249,3,1,47,0,0
5362,8.90625,3,11.015132,72.734375,8.941577,.44590029,1,0,38,0,0
5363,3.125,3,15.701734,82.03125,10.772047,.58886987,2,0,32,0,0
5365,3.125,3,9.1156673,76.5625,7.8759456,.4356977,3,1,29,0,0
5366,27.625603,3,3.2,98.4375,8.4377012,-.56764036,3,1,21,0,0
5368,18.25,3,13.485329,103.90625,9.0856495,-.43571094,5,1,38,0,0
5369,18.25,3,5.9771333,49.21875,6.503768,-.49139312,5,1,22,0,0
5371,8.28125,3,11.252048,345.88864,12.467566,.68795693,4,1,26,1.755774,0
5372,.9375,3,14.031081,126.61325,12.228006,.21975791,3,1,37,1.2938013,0
5374,1.9744611,2,6,41.5625,5.6331916,.10167602,4,0,21,0,0
5375,2.65625,2,10.528008,42.65625,9.2473679,1.0205474,1,0,37,0,0
5376,21.126116,3,10.331802,843.35504,26.449169,.4442783,1,1,51,1.2096763,0
5377,4.1273427,3,8,31.171875,7.6511335,1.1450804,1,0,27,0,0
5378,23.217714,3,12.317176,92.449837,14.982912,.65277958,3,1,33,1.0477736,0
5379,4.3419466,3,11.29903,70.98848,20.114193,.95079142,2,1,37,1.420311,0
5380,1.9630362,3,15.1,27.34375,9.4539013,.87884289,2,1,52,0,0
5381,2.6890705,3,7.3499999,120.3125,12.113187,.52913082,5,0,31,0,0
5383,8.75,3,15.137289,103.90625,11.571156,.29087687,4,0,32,0,0
5384,4.6095872,3,11.2,246.09375,18.046574,.15431044,4,0,49,0,0
5385,4.6129665,3,18,213.28125,30.385595,.17792276,4,0,47,0,0
5386,2.1973958,3,13.1,228.59375,12.498411,.79887831,1,1,46,0,0
5387,6.875,2,12.524276,54.6875,11.417729,.31799263,3,0,56,0,0
5388,2.7759883,2,8.085,36.09375,8.3246441,.1987873,4,0,56,0,0
5389,4.6875,2,7.4580197,6.0267572,7.5459743,1.1295025,2,1,29,2.9634023,0
5390,7.5133142,3,12.595832,648.72485,24.813601,.26719332,4,0,39,1.0796126,0
5391,3.9303753,3,3.0922842,78.178413,5.2613215,1.2341347,3,0,33,3.5037494,0
5392,1.7941132,3,3.8012927,87.452278,10.080849,1.3902752,4,0,34,2.4693508,0
5393,3.125,3,13.988369,114.8476,11.686151,1.4882684,4,0,33,1.0069335,0
5394,5.4776053,3,15.5,161.05469,29.79888,.86864972,1,1,46,0,0
5395,4.21875,3,14.625492,124.6875,12.303951,1.2363234,1,1,47,0,0
5396,9.3537827,3,7.9262161,248.48087,11.679152,1.1265631,4,0,22,1.4119086,0
5397,8.6382675,3,5.8750072,145.11865,5.211956,1.4882684,4,0,22,2.7516038,0
5398,3.2678041,3,7.77,60.15625,8.2414627,.89375299,2,0,24,0,0
5399,2.1875,3,14.410632,43.75,9.5482244,.59844047,1,1,33,0,0
5400,5.99687,3,15.035911,131.17351,11.125593,.30945876,4,0,46,.8970741,0
5401,23.515625,3,14.988303,218.75,14.047204,.24045272,4,1,54,0,0
5402,34.53125,3,14.351218,191.40625,10.709704,.28362843,4,1,53,0,0
5403,7.543983,3,22.049999,158.59375,9.8324728,.29498747,3,1,53,0,0
5404,95.605019,3,29.715,185.9375,10.372606,.2649208,4,1,58,0,0
5405,35.78125,3,12.423521,158.59375,10.81368,.24802148,4,0,53,0,0
5406,6.677506,3,18.27,164.0625,9.2140713,.28438139,4,1,53,0,0
5407,4.0625,2,12.656583,65.625,9.576189,.075733796,3,0,57,0,0
5408,1.40625,2,11.146882,53.59375,11.111908,.077380523,4,0,56,0,0
5410,4.6875,2,5.4401684,0,7.7474265,1.402472,4,0,28,2.533488,0
5411,17.057247,3,27,136.71875,14.482743,.26592776,3,1,48,0,0
5413,17.65625,3,21.577784,552.34375,15.52537,.28537148,2,1,38,0,0
5414,16.40625,3,22.434658,519.53125,18.40942,.38053742,2,1,41,0,0
5416,1.1731637,3,26.280016,248.9761,13.080045,1.0038904,4,1,37,.10686793,0
5417,6.09375,3,12.655202,57.35997,10.798066,-.63471395,1,1,39,1.9944962,0
5419,9.21875,3,11.223945,32.8125,9.3935852,.79842675,3,0,53,0,0
5420,1.40625,2,14.192193,45.219654,11.340352,.069587819,3,1,47,1.1189597,0
5422,6.9009261,3,4.8981023,165.8835,10.37166,.9428395,4,1,27,2.1757474,0
5423,6.3875599,3,6.0686584,74.266914,10.466971,.8056848,3,1,26,3.2660909,0
5424,14.0625,3,15.521662,154.68608,23.691086,.74979901,1,1,51,1.0121812,0
5425,14.0625,3,17.934444,266.40167,14.53347,1.1169722,1,1,52,1.8905789,0
5426,23.064171,3,5.6987162,60.911148,11.636539,1.0883356,4,0,23,1.5029875,0
5427,20,3,4.958209,69.741142,8.6214666,.87167931,3,0,23,2.6541922,0
5428,12.301252,3,14.175,147.65625,13.982029,-.74541521,2,0,43,0,0
5429,2.6625338,1,6.2092505,19.009809,12.616197,.64156455,2,0,39,1.7098426,0
5430,2.1345882,1,6.8178525,11.56419,6.2298918,.75583082,2,0,36,3.6452854,0
5431,14.0625,3,15.524989,207.8125,13.503787,.48832709,2,1,54,0,0
5432,1.9375,3,4.5766654,30.625,6.0104327,.16154993,4,1,21,0,0
5434,2.2573884,3,3.5,87.5,11.547332,-.74258399,4,0,48,0,0
5435,2.34375,2,10.196788,92.96875,8.0946312,.41996545,2,0,31,0,0
5436,2.4543159,2,4.7037225,8.5275116,4.806726,.16479208,1,0,37,5.9026289,0
5437,6.4375,3,7.9984384,37.1875,7.456429,-1.1591357,2,1,29,0,0
5438,1.9091551,3,5.3000002,38.445313,8.7321272,.80047488,3,1,23,0,0
5440,5.15625,3,13.402146,76.5625,12.829454,.53778809,3,0,47,0,0
5441,1.875,3,4.6189666,96.049202,9.2323284,-.0077651772,4,0,24,.66728038,0
5442,4.6875,3,12.374996,345.83273,15.957015,1.4882684,3,1,26,1.2786025,0
5443,40.936832,3,15,114.29688,12.195057,1.0572531,2,1,47,0,0
5444,7.03125,3,9.6363468,43.75,12.74529,.48872706,4,0,43,0,0
5445,8.7093287,2,5.8435435,25.143402,5.2195659,-.10854504,1,0,58,5.03438,0
5446,2.8125,3,10.470245,355.46875,10.240019,.10413144,4,1,22,0,0
5447,14.954816,3,7.7276945,102.88386,18.146641,-.62113035,3,0,41,1.4578727,0
5448,10.611257,2,5.3956308,2.5203338,9.0643616,-1.483557,3,1,36,1.77254,1
5449,4.21875,2,9.860364,1.7547696,8.9393883,-1.0272362,3,1,36,2.9366858,1
5450,6.0625,3,8.3139925,23.456388,7.6357732,-2.184263,5,1,28,1.6753942,0
5452,4.21875,3,9.8633432,228.59375,9.4466562,.81050354,2,1,26,0,0
5453,14.0625,3,11.332535,41.5625,11.290919,.86011523,5,0,54,0,0
5454,3.6875,3,4.1055384,76.5625,18.677824,-.34181195,4,0,21,0,0
5455,2.34375,3,6.7832966,76.5625,6.787621,-.28312972,3,1,21,0,0
5456,3.0409617,3,4.0999999,27.34375,9.8534985,.17022616,1,1,23,0,0
5458,1.875,3,4.682889,32.8125,7.1774416,.22898021,1,1,23,0,0
5459,20.27109,3,5.7614584,140.53592,12.403694,.18207596,4,1,29,1.8583736,0
5461,36.232494,3,39.498878,747.47797,23.760839,-2.1954088,5,0,39,.24760041,0
5462,36.53125,3,22.840454,645.72528,22.035204,-1.8116734,5,0,39,.37954575,0
5464,39.84375,3,26.996523,868.80365,25.747583,-2.3862057,5,0,58,.33499581,0
5465,41.4767,3,24.480333,808.21399,25.650379,-3.2056959,5,0,58,.3460117,0
5466,.9375,3,24.714331,732.8125,9.8823366,.025490969,2,0,39,0,0
5467,13.550941,3,13.65,492.1875,15.163246,.029420277,1,0,38,0,0
5468,2.9530363,3,15.96,645.3125,21.548822,.023554731,2,0,39,0,0
5469,40.376575,3,7,240.625,16.06612,-2.0348575,4,0,38,0,0
5470,38.785545,3,7.3000002,246.09375,12.19696,-1.6190339,4,0,38,0,0
5471,9.2759905,3,4.5,76.5625,6.6889782,.40600392,1,1,23,0,0
5473,4.3241625,3,8.1175985,201.20505,9.4751081,.099271618,5,0,21,2.6028297,0
5474,49.168541,3,9.0932989,44.327797,11.788727,-.38385066,4,0,58,1.8803598,0
5476,5.390625,3,15.214819,42.051975,11.242356,.74034452,3,1,33,2.2715709,0
5477,3.2920859,3,25,360.9375,22.833374,.056421824,3,0,56,0,0
5478,1.84375,3,16.050922,262.5,6.9355226,.046300597,3,0,56,0,0
5479,5.0769362,3,7,426.5625,11.337831,.19885603,3,1,22,0,0
5480,2.1875,3,13.229468,492.1875,11.870905,.12190813,4,1,22,0,0
5481,4.53125,3,8.5129786,204.74014,8.1943254,1.0977468,3,0,27,3.3245242,0
5482,8.90625,3,9.5412016,135.09689,8.8089991,.98702079,3,0,28,2.3922632,0
5483,20.791159,3,16.362434,232.43002,16.020779,1.2484521,2,0,29,1.3318924,0
5485,2.1875,3,5.2723322,101.69242,9.5526114,-2.6672027,5,0,23,1.486478,0
5486,2.1875,3,4.8621216,78.59594,9.3091345,-2.2664981,5,0,23,1.7421777,0
5488,9.84375,3,6.6498432,33.90625,7.5204139,.6654644,3,1,26,0,0
5489,24.0625,3,20.177299,552.34375,18.685621,1.0407277,4,0,39,0,0
5490,7.6833076,3,45.5,131.25,6.1808043,-1.4272225,1,1,32,0,0
5491,12.572165,3,6.1109133,104.94449,7.5732632,.74989271,4,1,22,2.5418561,0
5492,25.068953,3,21.541233,127.49576,9.7911196,.202953,1,0,37,.69946247,0
5494,1.7567023,3,5.715097,222.43565,18.744776,-1.8229351,5,0,49,2.293488,0
5495,21.787609,3,5.0467725,258.47159,11.282612,-1.603909,4,0,44,1.9293332,0
5496,10.078125,3,3.6656644,40.238659,4.6271772,-.51479167,4,0,24,2.5073977,0
5497,24.89385,3,6.2264581,43.324619,8.4744301,-.625907,4,0,26,.80460632,0
5498,4.5428772,3,49.366127,926.93677,31.155828,-.1509781,5,0,56,.49052751,0
5500,2.8125,3,12.084704,60.15625,10.006973,.48559064,1,1,37,0,0
5503,3.1818328,3,7.3922243,239.06969,8.8622255,.046111528,4,1,29,0,0
5505,27.44726,3,11.151711,24.247665,11.047472,.14673413,1,0,41,5.1374683,0
5508,3.6261723,3,10.361646,35.042969,7.637465,.58604223,3,0,36,0,0
5513,1.4639295,3,15.465256,78.349403,10.689463,.35555878,3,1,51,0,0
5523,2.9951849,3,12.821088,79.977669,9.0273552,.32468277,2,1,37,0,0
5528,3.83811,3,42.528439,89.580818,7.3872919,-.34476605,1,1,48,0,0
5531,14.151358,3,9.7915068,29.625751,7.5772519,.42377979,5,0,44,0,0
5534,4.175158,3,5.9684315,84.945343,8.869565,.81433409,4,1,27,1.6501832,0
5539,15.952894,3,13.82205,219.07938,15.583805,.26772484,5,0,43,0,0
5540,35.451591,3,10.072966,117.56049,8.5165262,-1.2714809,3,0,61,.68041348,0
5545,14.306261,3,10.89858,33.071236,11.801759,.29600182,3,0,42,1.8252081,0
5546,1.6740147,2,6.4357567,24.759338,7.8203759,.46803749,3,0,34,0,0
5547,3.2658081,3,16.003666,203.39154,12.248511,.60319525,5,1,52,2.9870017,0
5549,16.203995,3,11.058695,36.117661,9.5034628,.64466363,1,1,39,0,0
5553,5.7162175,3,4.7197008,24.704647,5.3232431,.18913721,3,0,22,2.0521851,0
5554,2.2555718,3,22.073874,612.58319,19.166349,.33095843,1,1,37,0,0
5562,11.073188,3,13.252432,197.71478,11.710271,1.2910299,4,1,59,.80059415,0
5569,3.5928948,2,10.745433,60.596264,12.138957,.14442602,3,0,49,0,0
5571,10.586019,3,16.855579,84.84449,13.30184,-2.505384,4,1,57,1.8281696,0
5572,5.3840456,3,17.390526,243.62917,13.027196,.46283698,5,0,42,0,0
5582,16.348883,3,7.720562,141.56036,9.7750683,-.1055066,4,0,31,0,0
5591,19.909601,3,5.3419142,280.61221,12.37754,-.10360015,3,0,28,1.7251228,0
5592,7.0806675,3,4.5335035,72.979607,9.332345,-.63020808,4,0,26,0,0
5593,12.185036,2,8.3950253,17.629387,8.0055275,.7796095,3,1,28,2.4305182,0
5606,.93664891,3,6.3784852,34.581547,7.0450134,.45473722,1,0,28,0,0
5607,4.99088,3,6.1520896,25.925547,5.2312164,-.66887432,3,1,27,0,0
5621,2.9433701,3,12.800884,51.400013,10.38413,.054760177,1,0,42,0,0
5622,4.8731465,3,9.7324772,21.102913,11.113258,1.1484449,4,0,46,0,0
5630,9.3215094,2,10.38755,51.812641,10.80711,.11023167,4,0,46,0,0
5631,5.3709245,2,13.124448,55.025848,10.769884,-.46726793,3,1,46,0,0
5633,24.906761,3,5.1079984,293.18738,13.643463,.2398134,4,1,38,1.1813781,0
5635,4.2104568,3,13.550448,37.071426,9.8359938,.57865578,4,1,52,0,0
5637,44.158817,3,15.080217,480.97702,31.155828,.41418016,3,1,26,.20010963,0
5641,13.289124,3,5.4371462,211.54604,12.952375,-.8916167,1,1,56,0,0
5645,3.4769793,3,17.057915,367.76221,15.613412,1.4882684,4,1,38,2.8787315,0
5648,17.053879,3,11.106964,466.31366,18.462294,.6258738,5,0,46,0,0
5651,36.231289,3,18.847441,63.20607,10.475538,.66249341,4,0,41,0,0
5653,4.2157998,3,15.653407,209.88596,19.618052,.52717322,1,1,58,0,0
5654,38.076885,3,12.896962,115.93248,12.05194,-1.0704778,4,0,48,0,0
5657,6.9236112,2,3.7733967,10.754583,7.4528079,-.39278167,4,0,26,0,0
5666,1.8123614,3,11.169039,161.05469,9.3457346,.53244287,5,0,36,0,0
5672,1.9029948,3,8.4704771,54.6875,10.238613,-.15232299,2,0,61,0,0
5686,11.875051,2,5.3273478,75.875046,9.0835819,-1.7683368,3,0,23,2.0249786,0
5698,5.4354739,3,8.4269142,92.96875,14.596248,-1.3678752,3,1,57,0,0
5701,48.681316,3,28.737572,869.53125,12.096172,-2.513592,5,0,42,0,0
5707,18.342991,2,7.800096,76.5625,12.511326,-1.873597,4,0,41,0,0
5711,2.4851162,3,5.859591,38.28125,11.872075,.033365496,3,0,46,0,0
5712,2.1703103,3,11.406777,38.28125,11.872352,.031711593,3,0,46,0,0
5721,4.3868713,3,15.602149,411.38165,8.8768415,-.98661655,3,0,34,1.0346404,0
5726,25.661558,3,14.509399,82.03125,27.668005,.22939962,3,1,34,0,0
5727,55.75008,2,10.572935,19.057449,13.775184,.73386335,1,1,43,1.9362535,0
5728,.97153038,3,15.536332,139.30669,13.387459,.66482973,1,1,52,6.0832543,0
5730,3.944612,3,12.551899,65.625,16.412338,-.14983794,4,0,51,0,0
5731,.76464444,3,17.845589,109.375,4.6271772,.18509477,2,1,32,0,0
5738,6.4903555,3,13.697446,164.0625,10.3382,.86574239,5,0,53,0,0
5746,14.289456,3,10.135651,51.286144,21.771954,.53224522,4,0,57,2.2381718,0
5750,1.757006,2,5.199749,83.125,7.3994293,-.16042063,4,0,26,0,0
5752,1.5004479,3,3.997952,28.784641,8.2783537,.74617279,4,1,48,5.8847136,0
5758,1.8858627,3,12.845725,60.15625,10.422507,-.39911115,2,0,41,0,0
5759,5.2065287,3,13.559228,153.86714,12.017544,.44699639,5,1,44,1.2485821,0
5764,7.6107941,3,4.0370111,37.40625,7.6691022,.98680693,4,0,26,0,0
5772,3.975702,2,4.1693072,19.006149,9.2288246,-.13588922,1,0,27,5.5006647,0
5773,20.974724,3,13.100538,131.215,13.427138,-.74045408,4,0,48,.97836,0
5778,25.764048,3,60.089771,519.53125,22.769331,.65981776,3,1,42,0,0
5797,8.9496288,3,11.101091,98.4375,8.0774374,.077155396,5,1,36,0,0
5799,10.446445,3,25.9725,93.515625,12.842483,.8111791,4,1,43,0,0
5803,7.527359,2,12.238851,76.5625,6.9359245,.86330009,2,1,52,0,0
5807,3.4813406,3,14.922632,201.74854,15.813818,-.38913602,2,0,58,2.6357837,0
5808,4.8402243,2,3.7284753,20.78125,13.622973,-.97255075,3,0,47,0,0
5809,4.8252492,3,6.1191144,39.375,7.331799,.41251478,1,0,29,0,0
5811,5.0507307,3,16.138004,426.5625,9.9925652,.92508018,4,0,52,0,0
5812,4.0410147,2,4.3134842,7.1338444,5.423789,.77259988,3,0,24,3.7840643,0
5815,36.201031,3,14.394118,218.20313,16.163103,-1.1169184,4,0,49,0,0
5818,2.7583208,3,14.475757,348.08594,19.449259,1.1958058,3,0,34,0,0
5820,65.335869,3,3.7388344,20.78125,5.230092,.14730673,5,0,39,0,0
5828,14.569958,3,5.0205798,114.84375,8.3925648,-.99235076,1,1,23,0,0
5836,10.809117,3,10.313905,29.53125,12.896703,-3.3440552,5,0,43,0,0
5839,7.9580908,2,6.1072745,32.8125,4.7963481,.46309847,5,1,21,0,0
5842,19.119577,2,10.304774,5.9433699,26.574503,-.43907061,4,0,42,.46659869,0
5846,11.841888,2,6.5250535,23.361176,10.556241,-.33950609,5,1,41,1.0662733,0
5847,2.4248264,2,5.3971953,65.625,6.9165039,-.34016082,5,1,23,0,0
5849,2.2437739,3,18.232679,462.38281,15.975407,.93239123,1,1,44,0,0
5850,17.062126,3,12.247425,109.375,11.400346,-.30515769,5,0,37,0,0
5856,1.8383558,3,14.859166,98.4375,11.594334,-.04790264,3,0,33,0,0
5857,3.6587965,3,11.472613,147.65625,9.1858931,.24057333,4,1,31,0,0
5859,6.0268106,3,6.3554425,77.929688,5.6874285,.23112498,5,1,47,0,0
5861,3.5167277,3,15.858391,65.625,11.044259,.68632746,2,1,46,0,0
5863,5.2973418,3,9.9355192,51.953125,17.760658,.67098743,3,0,47,0,0
5865,4.9476843,3,11.958704,25.15625,15.286131,.4928118,3,1,43,0,0
5867,5.3337736,3,11.778082,72.734375,11.604725,.85041487,4,1,46,0,0
5877,15.539492,3,5.5593314,49.21875,7.5267744,-.49139312,5,1,23,0,0
5878,3.0677984,3,4.4652691,54.869438,8.8742466,.46901417,4,0,26,2.3835046,0
5881,6.3619604,3,21.755045,158.59375,15.014672,.24802148,4,0,56,0,0
5893,10.672396,2,10.06566,38.518978,6.0062299,.25224563,2,0,59,3.6854727,0
5895,43.734673,3,11.009908,926.93677,29.76099,-3.4803882,4,0,60,0,0
5896,13.586008,3,18.232176,136.42212,13.510498,.76929283,5,1,32,0,0
5897,1.4072438,3,4.9389143,153.42935,9.222559,.67916584,5,0,36,0,0
5901,2.6229057,4,4.0345545,175.1685,12.379665,-.093687072,4,1,26,4.5698166,0
5904,3.459213,3,8.2054052,37.432087,7.3979087,-3.3954697,5,1,29,0,0
5906,1.9403255,3,12.350923,34.002853,10.326122,.20623457,2,0,48,0,0
5908,12.495521,3,10.165446,194.24185,4.8457251,.050323956,4,1,29,0,0
5912,8.2192097,3,9.8548622,33.055103,9.8811293,.24570629,5,0,44,0,0
5913,14.103476,3,16.955027,188.7412,11.711736,-.12218088,1,1,52,0,0
5920,14.796315,3,10.460009,313.77478,14.189933,-.6359663,4,0,41,0,0
5922,2.4411657,3,8.8660955,55.093605,10.632977,-.097417668,3,0,61,0,0
5924,3.0501909,3,10.352791,27.825712,11.808408,.3365086,4,0,56,0,0
5927,5.8099651,2,9.5074024,64.353752,7.6940985,-.45865977,4,1,34,0,0
5932,1.362745,3,9.0181484,63.315331,22.69985,-.1825771,3,0,61,0,0
5934,1.3837239,3,8.9890804,61.74427,10.752623,-.19293386,3,0,61,0,0
5935,1.2546124,1,3.0762606,11.77654,6.3587928,-.22032857,2,0,23,1.8643583,0
5941,11.472178,3,5.300046,69.304596,5.1055307,-.40447298,4,1,22,3.6047308,0
5942,5.4118819,3,17.699123,157.41937,13.287545,-.8506369,2,0,54,0,0
5949,5.1750517,3,12.138853,74.738457,13.067237,.21170849,2,0,56,1.7172874,0
5953,17.393538,3,13.319571,22.586397,5.5864425,.058219463,2,0,46,1.6488991,0
5961,18.961231,3,4.3368082,55.642426,15.136895,.09412051,1,0,60,3.1428616,0
5973,8.7937746,3,10.677162,51.552082,14.889484,-3.4803882,5,0,43,1.2924852,0
5974,.47445056,3,24.143284,748.487,11.615226,.85331923,5,0,54,2.2248511,0
5977,46.408264,1,2.8548305,20.613129,21.332954,.12366695,4,0,23,0,0
5978,2.4197438,3,12.806154,78.18309,9.0054474,-.06502796,2,1,38,0,0
5979,3.4507771,3,12.856407,80.899666,9.0388651,-.066721901,2,1,38,0,0
5982,9.6511555,3,29.736523,92.008324,13.127097,-3.4803882,5,0,39,0,0
5987,27.546776,3,17.001978,224.3625,12.724578,.59173036,5,0,33,.018563867,0
5994,4.8115273,3,13.910473,105.57702,10.050171,-.11098725,2,1,41,0,0
6014,.978136,2,7.0808458,44.190376,8.9792433,-.47327954,2,1,39,0,0
6016,2.8906426,3,7.635119,67.48925,8.3677626,.64299113,4,1,49,2.4749274,0
6018,3.2099664,3,9.543726,154.02156,15.522435,1.1221962,2,0,57,.83951062,0
6028,29.95122,1,3.8657777,10.323885,5.6389503,.060694251,3,1,28,2.561933,0
6030,11.457993,3,10.451966,33.572598,9.6059446,-1.4016173,3,0,52,0,0
6031,1.7296439,3,8.828352,30.420391,9.4201975,-.91613299,3,0,34,0,0
6042,2.3738227,3,15.217926,80.304733,11.457459,.34321511,1,0,32,2.0973117,0
6047,1.4619753,3,12.721535,127.43942,13.035062,-.061666269,3,0,37,1.6150059,0
6058,1.4327884,3,15.901053,78.349403,6.2124863,.35555878,3,1,52,0,0
6059,6.0474577,3,13.05571,252.28932,12.263145,.63589215,4,0,44,0,0
6061,57.016872,3,19.45479,50.163502,6.6605926,.8381201,4,0,54,0,0
6065,4.5701489,3,18.661606,301.66989,15.571717,-1.2613009,3,0,52,.45989046,0
6068,2.2058675,3,4.9179225,244.13318,9.3933315,-.35073325,1,0,27,0,0
6079,19.019543,3,20.16403,343.65701,20.928991,-.79995859,4,1,39,1.0874743,0
6088,4.2974725,2,5.1839046,83.131813,6.335259,.28930393,5,0,23,0,0
6095,11.764417,3,14.872345,104.19321,11.736953,-2.0031388,4,1,33,.68266326,0
6098,8.1989889,2,12.87971,16.982098,11.324653,-2.1437871,5,0,42,1.3503683,0
6099,7.7828174,3,22.108017,344.52335,13.79036,-.73800898,2,1,36,1.5531718,0
6109,14.667838,3,15.338374,225.29919,15.296139,.15064625,5,0,57,0,0
6110,7.9677563,3,18.957413,220.28162,11.306157,.14169088,5,0,53,0,0
6114,9.123601,3,12.149179,171.97638,9.7021494,.52900869,3,0,37,0,0
6115,24.886368,3,10.703332,173.5896,14.282431,.44351462,3,1,27,0,0
6121,11.210549,3,16.051247,231.5258,15.299058,-.66124362,3,1,46,1.998752,0
6123,24.157804,3,20.594782,724.61243,18.77549,-.087668814,4,0,31,0,0
6125,9.1345768,2,13.816056,37.080112,8.6445522,.2487095,4,0,38,1.3612089,0
6137,2.723604,3,7.3306737,20.819584,7.3585792,.46466896,2,0,22,2.6388547,0
6146,1.7181398,3,7.3267498,158.28661,9.6731033,.25642213,3,1,28,3.0525498,0
6148,2.330564,3,13.767591,105.19485,8.8401079,-.0060395971,2,1,62,2.8732741,0
6150,2.391506,3,14.192124,184.94295,13.778883,.36925906,4,0,41,1.4342636,0
6152,13.115254,3,13.998986,59.883392,12.466154,-.083511196,3,0,33,1.9125228,0
6153,26.757442,3,13.194955,148.13037,11.654047,.81999594,5,0,37,0,0
6154,2.9811914,2,7.0182729,18.364792,14.040987,.33750603,3,0,26,0,0
6155,10.72909,3,11.807414,30.334938,11.881181,-.15580346,3,0,39,1.8826962,0
6159,62.373775,3,12.924713,178.85945,18.029434,-.099924028,4,0,56,1.2525452,0
6160,.69200516,2,7.6390371,32.193096,9.9455357,-1.0812235,3,0,28,0,0
6166,52.812328,3,6.3733954,193.29338,5.757452,-1.4600859,4,1,26,.99117255,0
6168,8.6002731,2,10.79427,26.460361,9.1057396,.49217671,2,0,38,3.373369,0
6173,17.308767,3,12.4062,138.82774,13.688097,.31733128,4,0,56,0,0
6174,.47170165,2,13.329344,50.709774,9.1743622,.44366515,4,1,48,0,0
6176,37.990627,3,8.756074,147.81206,9.155468,-1.2468809,3,1,26,0,0
6177,37.143436,3,7.4200082,148.9398,8.8369055,-.99589777,4,1,26,0,0
6180,4.5554175,3,6.3002377,195.22107,8.5287819,-.21419053,5,0,36,0,0
6183,18.190563,3,14.043817,108.99704,13.818697,1.1508853,4,1,48,2.2749019,0
6203,4.5527253,3,41.657982,89.580818,10.650569,-.34476605,1,1,48,0,0
6206,14.253273,3,8.0058413,390.38715,21.474419,-1.8920761,4,0,43,.82304198,0
6209,7.6458564,3,11.914807,94.801758,11.596067,.52233624,4,0,39,.85692161,0
6212,12.008528,3,14.729306,101.65188,10.091434,-3.3996727,1,0,38,0,0
6217,12.385171,3,5.5777874,40.158695,8.7702627,-.79315543,3,0,22,.84432453,0
6221,43.161324,3,4.688035,123.41223,11.581065,-1.2201571,3,1,23,2.3608937,0
6226,3.9680543,3,13.194454,159.01863,13.335407,-.63273937,4,1,37,2.1836252,0
6230,20.523804,3,19.394251,192.71008,12.440252,-.30941284,3,1,57,1.4099993,0
6235,5.1983743,3,11.453785,76.508217,11.660106,-1.5492294,2,0,38,0,0
6242,25.15839,3,9.7915068,29.625751,9.8037472,.42377979,5,0,44,0,0
6246,2.9604695,2,2.5497479,17.31901,9.4795322,.50264633,4,1,44,0,0
6248,1.8627999,3,8.7411766,98.113968,7.9014335,-.056201447,4,1,28,1.1839924,0
6250,1.6276318,3,7.7887983,130.42821,9.2977037,1.4882684,4,0,28,.48575246,0
6251,25.554024,3,13.085477,106.7357,13.70003,-2.3012791,4,1,57,1.9478879,0
6255,16.455912,3,16.943998,129.53229,12.258461,.21711403,3,0,39,0,0
6258,10.685067,2,8.7963924,0,6.0584898,.32259479,3,1,23,2.6638305,0
6260,2.3276322,3,15.352118,121.51042,10.648938,.96968162,4,0,37,0,0
6264,71.728767,3,8.914691,29.812193,7.86831,.9790222,5,0,31,0,0
6265,71.168854,3,15.06993,36.880875,16.030239,.4412086,5,0,32,0,0
6272,14.574244,3,10.26683,120.77975,9.1319838,-.52234632,3,1,28,1.5203413,0
6280,2.5075719,3,8.0893269,34.765087,5.7873592,-.73114449,4,0,21,0,0
6285,14.996,3,11.739137,145.25414,12.158155,.65236253,4,0,37,0,0
6286,2.4655755,3,12.401958,176.73227,7.8347683,-2.5228961,1,1,57,2.5973694,0
6289,4.8913679,3,5.47823,46.984726,11.374399,.23484962,3,0,27,0,0
6291,2.5915241,2,11.713989,57.732883,9.2253132,.64482492,1,0,39,0,0
6292,4.788815,2,10.070308,17.01705,8.0163136,.44365671,4,0,57,1.8160965,0
6293,7.3829346,3,6.0899253,63.123184,9.2950392,.43189675,3,1,23,2.6235604,0
6296,4.9110422,3,9.4288549,106.59626,8.7950535,.49164838,1,0,31,0,0
6298,6.0852408,3,8.3593092,52.613651,8.3528261,-.17917652,1,0,36,0,0
6299,11.862602,2,4.9361014,12.853449,8.5563288,.12016949,4,1,27,2.2438047,0
6307,38.313293,3,13.566229,79.483002,9.7198009,-1.0642387,3,1,36,2.5269074,0
6315,2.5076575,3,44.096077,108.27871,14.914694,.63443595,5,0,48,.075978704,0
6317,10.270983,3,13.461093,239.00732,13.017538,-.10247625,2,0,44,0,0
6320,14.462749,3,3.7596653,23.130993,9.7458801,.3374925,1,0,38,2.7485723,0
6324,6.3563256,3,10.038492,926.93677,21.775908,.33505592,4,1,43,.65077263,0
6331,4.0020766,3,12.877137,29.901583,18.931389,.53584135,4,0,62,0,0
6336,17.695349,3,15.177318,66.867317,7.5454426,-.24801069,4,0,59,1.6627367,0
6339,4.6230621,3,12.312084,104.30115,14.546911,.5428037,3,0,46,2.1007299,0
6343,49.410358,3,19.176151,520.10638,12.769254,-3.2663,3,0,59,1.976069,0
6345,4.5976763,3,10.638814,35.978542,9.9577961,.72497445,1,1,44,1.9646693,0
6362,11.67515,3,15.699082,238.95535,13.338774,-2.2382238,4,1,39,0,0
6365,7.8797359,3,6.4511132,73.439034,10.54785,.014773624,1,0,44,0,0
6366,.97058463,3,12.590979,91.237556,12.189323,.020715695,1,0,41,0,0
6367,3.947716,3,7.6220298,102.95431,12.796486,-1.0144472,4,1,43,0,0
6369,14.656168,3,16.706224,219.07938,12.826631,.26772484,5,0,42,0,0
6371,30.672468,3,9.3670158,117.61559,12.538983,-1.2714809,3,0,61,.50489318,0
6375,3.4293032,3,7.6867404,24.625605,9.6491871,.30412492,5,1,26,0,0
6376,1.9170747,3,4.7842159,23.868183,7.0257931,.33163822,4,1,27,0,0
6379,4.4042797,3,10.710887,44.419392,10.560697,.72916031,2,1,58,0,0
6381,9.7446442,3,10.949636,147.02626,9.5145807,.27790356,4,1,34,0,0
6383,28.861866,3,13.146803,75.908775,14.326992,.89863384,3,0,41,1.5837332,0
6385,66.309814,3,22.781609,20.375755,13.437972,.76551074,1,0,44,1.5486889,0
6386,12.532837,2,8.6120758,14.615548,8.2159319,-.14784588,4,1,28,2.6468627,0
6389,22.738321,3,4.5323901,34.073704,14.277478,.82411742,2,0,60,2.8663406,0
6391,17.289217,3,15.780283,174.12088,7.8050542,.67163581,5,0,52,1.5652008,0
6392,1.8765699,3,16.867121,185.04442,13.112484,-2.2544274,4,0,32,0,0
6393,9.9099874,3,4.9058309,61.82526,6.5993943,.33802229,5,1,23,0,0
6395,7.454309,2,4.0316696,39.209728,6.0446491,1.2697457,1,0,22,1.6815324,0
6397,7.5793214,3,6.6903105,237.07076,6.0188742,.15913883,3,0,28,0,0
6398,3.917028,3,13.736545,105.95592,11.902426,-1.2047071,2,0,41,1.1976671,0
6410,39.961811,3,5.6335621,85.933197,9.1637583,-1.8748319,4,1,22,1.9678189,0
6417,6.1230955,3,5.6000485,140.16322,6.5093074,.57194573,4,0,21,0,0
6419,3.3132184,2,6.9284887,61.933571,5.5340028,1.052762,1,1,22,0,0
6426,4.9468489,3,19.603642,117.59776,15.834099,-1.4216046,3,0,42,0,0
6428,8.646101,3,14.305533,197.66364,10.862432,.33070648,3,1,57,0,0
6432,1.0231774,2,12.952003,83.290771,4.7463846,.18978801,1,1,29,0,0
6433,2.568908,3,14.876925,138.74658,5.5847259,.28135613,1,1,29,0,0
6434,8.2212982,3,11.433071,50.442657,12.622415,.36271095,4,0,41,1.0655843,0
6439,1.9525932,2,5.0215697,72.28952,21.216736,.60849577,2,0,38,0,0
6449,2.4454875,2,9.3527451,3.2243381,11.415895,-.70064187,2,1,54,2.7290266,0
6464,2.6012595,3,9.6525145,29.768724,10.464758,.43999764,4,0,32,0,0
6473,3.3995154,3,12.537926,104.59308,10.843337,1.1307136,4,1,37,0,0
6478,9.4289064,3,14.175739,183.21849,8.3158264,.69122285,3,0,46,0,0
6481,19.65168,3,31.916809,103.41698,12.853823,-.77726281,3,0,58,0,0
6485,24.685375,3,25.067924,918.83734,26.801161,-.79805458,4,0,44,0,0
6489,.96989077,2,10.428551,13.289814,10.501707,-.12859036,2,0,53,5.5654192,0
6491,4.0831552,3,7.2570381,78.605072,7.422358,.37214187,4,0,22,0,0
6493,1.6036273,3,7.8600144,66.563965,9.8526745,-.67907536,1,0,61,0,0
6500,1.1953046,3,18.352449,461.86115,19.174992,.092581876,1,1,41,2.1264386,0
6513,4.3305798,3,16.716034,115.36994,13.031906,.68545574,4,0,56,0,0
6516,14.309756,3,4.4510417,62.626137,7.1163306,.57649249,3,0,59,2.1458664,0
6518,5.6973038,3,4.9941068,38.450279,6.4273925,.60974789,4,0,21,0,0
6528,21.767673,3,11.924988,123.81436,5.3821206,.2621384,4,0,27,0,0
6530,6.8361444,3,4.6409612,42.631546,9.1724968,.43549156,3,0,23,2.3509917,0
6536,9.1832514,3,5.4230723,103.24799,9.0644989,.27401695,3,0,23,0,0
6537,1.8804322,3,12.9684,142.5414,10.472595,-.57090169,4,0,58,2.0921104,0
6539,5.6187153,3,15.917017,418.83923,12.354369,.024443055,5,0,34,0,0
6540,2.419158,3,16.803257,395.35419,11.413462,.035779137,5,1,34,0,0
6541,7.0194221,3,5.555222,54.681656,7.5569787,.14458317,2,0,26,0,0
6542,6.3037815,3,4.9402161,44.346203,6.6967468,-.026160205,2,0,21,0,0
6543,4.6097074,3,3.9633894,48.917053,6.3547339,-.035204627,1,0,21,0,0
6545,42.171513,3,11.910973,110.44543,9.2307835,-.3123557,3,1,31,0,0
6548,8.8437271,3,11.421375,126.73,8.8714371,.92789257,2,1,36,0,0
6566,2.0548034,3,23.021151,153.86554,11.375339,-1.0064911,1,1,59,2.5288639,0
6573,6.166873,3,13.798869,47.635841,11.39678,-1.0891157,2,1,47,0,0
6575,2.7421565,3,6.9452872,68.471985,9.1781664,-.036265723,3,0,22,4.4490066,0
6578,7.47334,3,26.016319,650.96106,19.667578,.40078938,5,1,42,0,0
6587,9.8303404,3,7.5616183,68.332764,11.663079,.80959642,5,0,46,0,0
6599,19.589354,3,22.069674,865.75452,22.966944,.9542191,5,0,38,.34964997,0
6601,11.28716,3,8.0172234,145.55002,24.091213,.66097289,4,0,38,0,0
6603,1.8419809,3,9.3934555,129.58174,8.9212904,-.27252817,4,0,34,0,0
6604,9.2098112,3,12.007756,95.872337,9.2177229,-.27889359,2,0,46,2.9307749,0
6605,11.029795,3,7.768621,83.114883,7.9028287,1.3558342,2,0,29,0,0
6610,1.906002,3,5.5936599,77.469925,7.0346103,-.59948069,3,0,22,0,0
6613,6.7058549,3,17.690392,404.5257,9.9813499,.37884519,4,1,49,1.1729876,0
6614,6.268352,3,16.768543,329.34778,16.061329,.30605516,4,0,48,.65382296,0
6620,28.911961,3,18.172955,409.25656,17.013166,-1.711789,2,0,57,.73890471,0
6623,8.6922216,3,4.954989,56.554855,8.1638451,.14024076,2,1,36,0,0
6625,9.9385538,3,15.994284,156.7451,11.856063,.44088787,4,1,52,0,0
6628,5.0535545,4,18.170906,293.51407,7.4158773,-.15171212,5,0,54,0,0
6629,5.0308609,4,17.30291,309.97363,16.911089,-.17666267,4,0,54,0,0
6632,6.3413615,2,3.6510031,16.079508,13.808072,.72838998,4,1,47,3.1319234,0
6637,11.055161,3,18.875019,387.24182,31.155828,1.0566772,4,0,42,0,0
6639,11.318438,3,10.5054,203.26828,12.70892,-.72609806,4,0,36,2.0626199,0
6641,5.7751427,3,12.588479,44.185364,12.645106,.38642299,5,1,54,1.8123289,0
6644,5.4372778,3,8.7953606,46.665501,7.1115208,.57779837,2,0,22,0,0
6648,3.0998728,3,5.7312794,24.301039,8.4349947,.42432088,4,1,28,1.9836274,0
6650,18.726023,3,15.471954,578.7392,17.027082,.74858874,1,1,26,2.4907646,0
6651,27.176048,3,6.2722812,523.52747,23.793142,.80149502,2,1,26,1.8180192,0
6655,11.493606,3,10.128615,20.170156,20.980062,.000060999999,4,0,41,.46655506,0
6665,2.3196223,3,6.0284786,35.398693,7.9863114,.89272749,2,1,24,1.9198636,0
6666,4.2248039,3,12.64373,107.98237,9.835124,1.022979,1,0,39,0,0
6681,2.9737811,3,10.69271,79.95433,11.584417,.041598894,4,0,53,2.7235017,0
6686,.84087789,3,7.9061856,169.81464,9.561595,-.89318627,5,0,26,1.3319254,0
6690,11.269395,3,13.263002,198.12968,11.6672,1.2910299,4,1,59,.75153041,0
6691,7.2635136,2,12.205929,8.1528692,9.6188126,.71986079,3,0,48,1.8217562,0
6692,18.984379,3,14.839491,21.095951,11.963917,.56039357,4,1,47,.76704109,0
6694,22.592556,2,14.712646,15.110444,5.3243332,.67478907,4,1,48,1.622914,0
6700,.77728426,3,12.5773,116.23131,10.814957,-.27941865,3,0,38,0,0
6701,1.5196999,3,10.770123,42.113049,9.3429279,.88016969,1,1,44,0,0
6702,12.345661,3,15.669381,364.40671,17.328987,-.75678533,4,0,37,.88889325,0
6709,8.5077152,3,6.0962124,68.252563,21.640476,-.076259583,3,1,23,0,0
6710,1.9220154,3,10.874303,123.63278,14.735393,-.02463349,4,0,43,.64922154,0
6711,2.4352455,3,10.679383,113.39446,14.846452,-.031110004,4,0,43,1.0057058,0
6713,10.557734,3,4.0941439,73.813629,8.8140144,-.21455117,3,1,29,1.8358968,0
6718,74.795685,3,8.5277271,204.49178,14.986749,.0078765443,3,0,26,1.4717534,0
6725,14.126096,3,14.15205,118.92645,11.395761,.34516183,2,0,48,0,0
6728,7.9033298,3,8.6819944,119.64867,12.258383,.99676436,2,1,60,0,0
6733,5.7929096,3,11.894019,107.71387,10.366183,.62304109,2,0,36,0,0
6740,6.8637514,3,10.656422,31.094532,8.7654409,1.0872233,4,0,58,0,0
6746,13.217875,3,9.7142286,92.680855,8.9511642,.25391519,4,1,34,0,0
6753,9.394556,3,4.8780842,50.214226,7.12044,-.052414455,5,0,21,1.6218503,0
6756,9.2738447,2,4.2241015,16.596132,6.4226151,-.043258123,5,0,21,1.0425886,0
6758,2.5356605,2,4.3195601,75.319405,6.6109157,-1.17642,4,1,28,0,0
6759,3.9141207,2,10.365734,35.477161,8.6299334,.91963613,4,1,44,0,0
6768,4.0992179,3,15.422538,25.059509,8.9767275,.57135689,1,1,51,3.5320323,0
6769,3.2292769,3,5.6347222,37.987293,6.0542736,.67013305,3,0,26,0,0
6770,3.0200002,3,9.9248362,65.32074,11.081501,.086736239,3,0,39,0,0
6771,11.253267,3,14.70702,154.17038,12.917809,.62132108,4,1,41,0,0
6774,3.5341673,2,5.4599252,62.237797,7.49471,.53535122,2,0,27,0,0
6779,4.8360882,3,15.22605,64.753296,11.65428,.29557279,2,0,54,0,0
6780,7.3504391,4,15.224335,95.759857,13.772861,.87401485,3,1,43,0,0
6781,8.1061373,4,11.579352,108.99572,15.820129,.64885569,3,1,44,0,0
6782,10.669632,3,13.393339,99.235229,12.895253,.92660493,2,0,49,0,0
6794,13.520502,3,15.272636,196.84673,14.370411,.49454045,4,0,54,0,0
6800,3.2516596,2,6.7975502,66.491508,11.003244,.29180324,4,0,41,0,0
6804,1.5360528,3,14.993957,197.43687,12.067955,.32409233,2,1,37,0,0
6809,6.1916208,3,11.662224,56.286274,8.6399355,.018924652,4,1,38,0,0
6811,3.2290027,2,16.376429,62.368561,12.392494,.73338526,1,1,32,0,0
6819,1.9577304,1,3.3214691,16.394516,7.7844419,.42009994,1,0,23,5.9040098,0
6822,36.87077,2,3.7496583,.84305573,10.368074,.53523886,4,0,26,3.0515931,0
6827,45.404274,3,11.889304,144.97165,12.100241,.37627155,4,0,38,1.322248,0
6831,2.8121936,3,3.7529793,24.56089,8.2621193,-.04862988,4,0,27,1.1031491,0
6835,.91937965,3,9.7422905,85.698486,6.2277522,.90432614,2,0,31,2.9129331,0
6837,8.9628906,2,13.707612,9.8807602,9.9344015,.73401457,5,1,51,1.1123346,0
6838,3.3855915,3,5.1592622,60.849129,5.0264616,.12314816,3,0,22,4.8373728,0
6842,17.194765,3,31.495398,318.03986,14.128856,.26001152,4,1,42,0,0
6843,24.754322,3,42.578022,402.84656,17.946722,.18614782,4,1,41,0,0
6846,21.280693,3,38.15773,98.961205,11.619425,1.2504894,4,0,49,1.0231463,0
6847,12.974921,3,16.439953,81.982346,17.839134,-2.505384,4,1,57,1.5109407,0
6848,7.6622787,3,4.834157,151.15552,13.513662,.53199458,2,1,43,0,0
6849,6.2233057,3,7.7419252,37.091137,9.3351851,.36853883,4,0,36,2.181108,0
6853,1.4056638,2,5.5175738,87.213699,10.170965,-2.7803037,3,0,23,2.6960526,0
6862,2.0361993,2,5.3787255,31.281092,6.0532427,.62820399,1,0,31,0,0
6867,4.5829973,2,8.0307083,72.663933,8.1189852,-1.5263499,2,0,28,3.3653522,0
6875,6.3964019,3,6.7423706,139.5489,8.3076305,.06894286,3,0,22,0,0
6877,1.7505157,3,4.2597995,269.87967,10.129452,.030071061,1,1,28,0,0
6878,2.752496,3,18.084333,109.03613,11.877048,.087091595,3,0,37,0,0
6879,3.6929471,3,4.5154438,51.716137,7.6985331,.63192016,5,0,23,0,0
6880,6.33148,3,12.861911,38.185028,8.556551,.3272205,5,0,48,0,0
6881,7.972157,3,4.9331784,251.04202,14.026282,.15041539,1,0,44,2.8971169,0
6885,15.497807,3,32.148796,926.93677,28.696365,-.2137759,3,1,53,0,0
6901,25.028734,3,4.7694993,297.12662,5.4058676,.85699016,5,0,24,0,0
6904,14.285844,3,15.833663,141.56036,13.995077,-.1055066,4,0,32,0,0
6912,7.3435121,2,4.6162195,8.1491022,8.9967766,-.95116675,3,0,27,1.9202867,0
6913,2.3049619,2,13.453623,77.494118,4.9130216,-.83814734,3,1,38,2.6988339,0
6914,3.2002974,2,7.2663193,23.979004,6.0475631,.18056494,4,0,21,2.3282905,0
6918,5.2896562,3,10.771476,32.982418,13.695207,.19546942,3,0,43,1.2449261,0
6921,2.3025823,2,4.5479274,85.800133,8.7169561,-.58318567,4,0,28,0,0
6924,2.8633878,3,13.933472,79.922913,6.4258928,-.39089069,5,0,31,2.2132142,0
6933,2.4196758,3,8.2630367,81.518242,8.4183607,1.2274666,1,1,26,0,0
6934,20.487852,3,20.198654,82.332581,23.721096,.26070753,4,0,43,0,0
6935,3.6213846,3,8.297678,155.94423,6.7456956,.60041839,5,1,21,0,0
6936,13.443472,3,13.885314,415.75397,11.917223,.92465132,5,0,29,0,0
6941,5.296926,3,10.896962,34.793514,12.791634,-3.4803882,5,0,46,1.0819132,0
6943,2.171216,3,8.5859766,20.829664,7.5816069,.29898161,5,0,36,1.7904449,0
6948,8.6672258,2,4.3444977,72.284531,5.8134542,.85223567,4,0,21,0,0
6960,5.5000572,3,11.220235,139.16061,11.826526,.41804075,1,0,59,2.5538695,0
6962,36.71347,2,3.4646347,17.67767,16.412916,-.26798546,4,0,60,2.1803327,0
6963,29.34444,3,4.6532869,128.15349,11.7523,-.25113702,5,0,33,1.8856155,0
6967,29.007229,2,4.7119741,1.2673464,4.6271772,-.25535068,4,1,26,2.8065925,0
6970,2.167105,3,8.2423201,83.882462,8.2814083,.99255317,4,1,28,0,0
6971,7.894732,2,7.1276474,23.394943,7.166265,-2.3672781,3,0,29,0,0
6974,73.249382,3,8.7352648,602.48566,20.309572,.61415941,5,1,58,.68818271,0
6980,4.1672311,3,18.054092,75.893349,12.228086,.17361556,1,0,47,0,0
6981,3.0756984,3,15.625133,45.254467,10.686402,.14699055,1,0,47,0,0
6983,14.890209,3,6.8497109,67.709869,18.250883,1.3677906,4,1,51,2.6183403,0
6985,7.3250084,3,12.639605,49.626076,15.305512,-.49470624,2,0,48,0,0
6987,13.654881,3,13.075859,47.534012,12.58172,-.50766826,3,0,48,0,0
6990,28.273136,3,11.071772,411.00415,13.425659,-3.4803882,4,1,23,.30339694,0
6991,6.7489581,3,15.233963,91.327942,6.7469006,-.082644992,3,0,41,1.5956858,0
6993,1.7128375,3,12.542261,175.24463,10.676601,.26922911,4,0,38,0,0
7001,10.638549,2,4.5514622,77.391151,8.5662003,.20496084,4,0,27,1.7144372,0
7004,12.448354,1,12.148373,9.8093872,12.677731,-.45625213,3,0,47,2.1341791,0
7005,22.422045,3,16.483843,145.84961,11.874699,.29453337,3,1,51,0,0
7010,1.9165105,3,5.4383864,128.61319,11.488866,.30834937,3,1,42,0,0
7011,1.9735782,3,17.138426,148.63309,11.778299,.38525203,3,1,42,0,0
7013,8.8442764,3,5.9768729,50.964264,7.349751,-.59371889,1,1,26,0,0
7014,32.396534,3,20.337219,499.89243,20.447338,-.27350616,5,1,43,0,0
7016,31.642754,3,20.035627,483.58939,20.12081,-.27809671,5,1,43,0,0
7018,2.9008107,2,4.1700048,4.4514933,11.205563,.25944358,5,0,22,1.666649,0
7020,7.8040476,3,10.947013,95.945915,8.662303,.078165978,5,1,34,0,0
7024,.97588563,3,12.552198,32.604366,7.9310036,-.32369685,4,1,47,0,0
7026,16.022329,2,19.699421,45.616776,9.4341002,.49358842,4,0,42,1.1832583,0
7028,.93242258,2,6.3043242,79.902824,7.1912742,-.22552775,1,1,24,0,0
7030,8.855238,3,11.341792,92.972397,13.237821,.75880682,4,1,44,0,0
7034,16.485279,3,5.2891006,217.3811,10.276303,.6179921,1,0,36,.032502994,0
7036,3.7217622,3,3.3398402,69.630753,13.60824,-.03512295,4,1,27,1.8885666,0
7040,13.108988,3,19.5375,284.92816,15.460472,.58799791,4,1,56,0,0
7043,9.358223,3,7.0156589,32.229103,8.2525311,-1.8896754,4,0,23,0,0
7050,32.82391,3,12.391011,125.89801,9.4542952,.078280345,4,0,46,.9064402,0
7051,.95644403,3,4.7887521,33.107105,5.7908545,.58860171,3,0,24,0,0
7054,4.6843176,2,9.4770746,78.936577,7.8221211,.34511307,3,1,29,0,0
7056,2.1259956,3,3.5485024,61.038311,9.3096886,-.2441313,3,1,26,0,0
7064,25.676529,3,13.330156,79.993187,10.682532,.75043833,1,0,42,0,0
7068,1.8010014,2,5.8831787,14.188568,6.9654226,.24511623,1,0,29,0,0
7070,1.9887562,3,5.8315811,106.52972,12.490431,.78559768,3,0,39,3.956537,0
7073,40.612026,3,14.62632,105.48454,11.011698,-1.6977321,3,1,57,0,0
7075,4.8558564,2,13.174673,84.506035,6.2160826,.40468058,2,1,38,3.1524758,0
7082,1.3078145,3,6.2940831,54.203003,7.3221307,-.11422324,2,1,21,5.6653214,0
7086,13.391396,3,14.144524,81.422417,13.025654,.19644952,2,1,41,2.4844196,0
7093,35.378414,3,15.303449,162.16788,11.142132,-.1583232,4,1,48,0,0
7095,1.5364827,3,15.331347,210.47336,11.917136,.16007605,3,0,58,0,0
7103,10.568327,3,13.32422,127.94185,13.747091,.27014217,1,0,49,0,0
7109,12.442388,1,12.342504,9.632844,8.8218842,1.1950448,3,1,53,2.4619837,0
7115,3.1396852,3,11.649253,67.421089,10.07375,1.0182561,3,0,38,1.4257168,0
7119,3.5259101,2,4.9104924,56.768425,6.4746628,.24777596,2,0,22,0,0
7121,4.6118393,3,5.8983307,87.649254,7.0398817,.89937919,3,0,21,0,0
7130,8.2067223,3,4.5124187,47.269688,12.940827,.056756739,1,0,41,2.8243032,0
7132,16.900999,3,11.184444,140.10561,17.178846,-.33796039,5,0,31,0,0
7135,3.9155879,3,4.9012127,40.77758,8.7444572,-.51341134,5,0,29,2.133086,0
7136,4.4601068,1,4.9461989,17.506203,11.168491,-.95859182,3,0,47,0,0
7138,24.071856,2,11.777559,0,10.956687,.37627938,3,1,53,1.948548,0
7139,2.3167589,3,9.3305721,356.93134,11.331735,.35323,4,0,28,0,0
7141,11.049987,3,10.572388,21.300554,15.858257,-.23608449,4,0,39,.45746988,0
7143,8.9619141,3,7.1207485,34.581547,5.7827878,.45473722,1,0,28,0,0
7145,4.8618498,3,3.0867176,50.309429,8.1606474,.27098629,4,0,23,0,0
7150,7.640255,3,8.1768112,81.612213,6.894299,.1417641,4,1,34,0,0
7152,23.031462,3,13.642762,72.626328,12.801826,.47243935,4,0,42,0,0
7155,9.9256105,3,11.296668,93.611633,8.1253061,.5750078,4,0,38,0,0
7159,2.0002694,3,6.0890431,21.071133,10.003006,-.67727882,3,1,27,0,0
7163,4.9011641,3,18.371813,416.79767,17.86447,-1.5527049,4,1,46,0,0
7169,11.297116,3,29.030123,191.26074,15.787292,-2.3435836,3,1,43,0,0
7171,15.514245,3,4.3582711,108.38743,22.82653,.97608525,4,0,23,1.1078289,0
7174,7.0476704,3,19.989412,456.52573,17.23064,.98369211,4,0,52,0,0
7182,2.3724976,3,10.070452,36.114983,7.7579627,.46419722,5,1,34,0,0
7184,2.4047475,1,3.9447691,17.028671,6.5697346,-.49203545,1,0,22,4.7584333,0
7189,6.7451882,2,5.2354426,12.715902,4.6271772,.88981467,3,0,24,2.6077707,0
7191,5.535521,3,3.5075848,37.216545,8.2657137,.2899859,4,0,24,0,0
7192,2.3005941,3,11.465414,78.232193,8.030014,.79763752,3,0,33,0,0
7197,2.1134799,2,10.744557,54.371357,9.4593992,.66503668,1,0,37,0,0
7199,4.7092934,3,11.274189,72.560768,14.151201,1.4148459,3,0,43,.99932474,0
7202,33.007107,3,8.4322472,195.28024,9.9948587,-1.3499196,5,0,27,0,0
7203,32.865772,3,14.588985,207.3994,13.544606,-1.1059719,4,0,48,0,0
7209,10.909639,2,12.836196,31.439543,7.953887,-.39756712,3,1,53,0,0
7213,3.2150819,2,11.701775,73.683182,10.000444,.91542912,2,0,37,0,0
7216,7.7281308,3,16.019773,245.34831,13.780116,.41513517,4,0,42,0,0
7218,1.9064335,2,4.4846201,19.197803,6.7821236,.87189358,4,1,21,3.8016083,0
7225,54.976475,3,6.8588486,201.83922,6.5613904,.32387093,2,0,23,0,0
7226,3.6611667,3,12.503496,28.131063,7.9920745,.76508373,5,1,53,0,0
7227,3.3261719,3,12.741601,41.001221,8.1470823,.807666,5,1,53,0,0
7235,9.8753328,3,11.713352,142.85651,10.25119,.90897018,4,0,38,0,0
7237,21.508041,3,18.731905,388.2605,31.068684,.46687183,2,0,47,.42709365,0
7243,8.4563246,3,13.006749,146.24246,5.9881005,.42107061,4,0,49,1.9700124,0
7245,11.479895,3,4.0543332,69.40937,9.8033209,-1.2070986,4,0,33,1.6014899,0
7247,67.290436,3,5.3631511,38.593437,7.2972336,.30406812,5,1,23,0,0
7248,70.733635,3,5.537354,48.004509,7.3677139,.53353518,5,1,23,0,0
7251,50.740944,3,11.298814,127.333,11.909924,-.89439017,3,1,53,0,0
7256,28.090744,3,17.991434,335.25571,16.424021,.72633296,3,1,46,0,0
7271,4.3323779,3,7.7188253,22.247915,9.1795092,-1.2443079,1,0,34,2.8212152,0
7275,8.5838699,3,4.5362477,56.327759,9.319911,-1.8043441,1,0,27,2.6178262,0
7277,21.103895,3,6.0245523,113.18941,8.1644449,-.20680587,3,0,22,0,0
7278,2.037142,3,12.979221,28.610514,10.072055,.19947857,2,0,42,0,0
7283,11.674681,3,13.425425,113.92539,10.785462,-1.6877227,4,1,57,0,0
7285,2.512275,2,7.2671771,43.658642,5.1708665,-.8366822,4,0,28,0,0
7289,13.921619,3,6.9783764,210.98984,7.9473577,.34015757,2,1,21,0,0
7290,1.365427,3,8.6770077,152.03838,8.5240726,.37044093,2,1,26,0,0
7301,2.3380666,2,10.326402,40.491703,8.0791683,.61656153,4,0,53,0,0
7302,4.246078,3,4.8381433,102.44256,7.3835955,.48238873,1,0,22,0,0
7305,9.5544558,3,7.811975,45.917824,8.4098721,.37100697,3,1,46,0,0
7313,7.3543673,3,5.9835734,35.026482,8.3569126,1.2378787,3,1,29,2.6460376,0
7315,9.7552814,3,15.72511,82.560883,8.4620762,-.02361756,3,1,42,2.808825,0
7316,52.438351,2,13.673246,17.07613,11.179309,-.75985134,3,1,53,1.979059,0
7321,14.662273,3,10.263303,138.85774,9.7548084,.70297587,3,1,29,.64284456,0
7327,22.014702,3,5.1518974,128.02666,14.23045,.97939116,4,0,47,.60835475,0
7330,.47119924,3,7.4871674,139.96928,9.8655033,1.4140579,4,1,26,.19011416,0
7331,38.651184,2,10.029788,0,15.190992,.54290539,3,1,44,2.6858165,0
7339,10.104951,3,7.1575294,187.37198,10.637811,.35742053,1,0,27,2.9599917,0
7341,2.4963448,3,12.440598,123.96342,13.711401,-.13220927,4,1,43,0,0
7344,2.6712327,2,6.4876671,67.974098,6.8864918,-.1991739,2,1,22,3.280509,0
7349,11.13535,3,5.648088,80.375885,7.5296535,.81962651,3,0,22,0,0
7350,14.765129,3,51.836811,180.41801,18.916929,-1.1427792,3,1,34,.6615594,0
7353,4.0713539,3,9.6191177,101.27123,8.8823662,-.262014,4,0,22,0,0
7359,2.6773944,1,2.5576446,2.2018862,4.6271772,.66774309,1,1,23,5.0992727,0
7369,25.102747,3,5.3618364,147.6237,19.763458,.38185638,4,0,22,.42497084,0
7374,26.437231,3,2.4025958,65.572487,10.696456,.62109101,4,0,42,0,0
7375,8.0585251,3,5.6568351,94.113869,14.49155,.60528672,5,0,64,.68470699,0
7377,40.771976,3,9.5469694,371.88919,18.751411,-2.1658828,4,0,60,0,0
7382,2.5413029,3,13.045562,120.8178,9.6445885,.61112064,4,1,53,0,0
7385,46.303192,3,28.816504,213.30093,15.66119,.45303443,3,1,43,0,0
7388,26.111589,3,14.681988,358.71875,11.657447,-2.2992361,3,1,28,0,0
7389,29.788342,3,11.971744,285.57144,10.350201,-2.4064138,4,1,28,0,0
7397,9.1288567,3,12.848939,7.8904281,9.9554815,-3.3096614,4,1,53,1.1755751,0
7400,7.3471632,3,21.717476,111.293,11.146531,.8711732,3,1,39,0,0
7403,18.552631,3,36.530811,287.26324,13.816745,.62764531,5,1,59,.94206315,0
7412,16.779099,3,17.249956,163.70448,12.123654,.33763191,3,1,52,0,0
7413,1.461959,3,16.208813,160.81609,12.166417,.6430558,1,1,42,5.2333679,0
7417,20.675724,3,7.222105,263.64392,28.73559,.61672932,5,1,49,0,0
7419,5.037559,2,9.5662708,12.129278,11.045635,.71589178,4,0,46,0,0
7425,8.0721292,3,8.9130964,2.9189944,11.268696,-2.7167842,4,0,34,3.3139374,0
7441,1.7993724,3,17.26421,355.79718,11.136569,.9613319,1,1,38,1.7923921,0
7442,6.6243706,2,9.9401426,29.846907,7.799356,.51695269,4,0,38,0,0
7447,5.2455688,3,14.974064,97.463257,13.405881,.42005745,2,1,48,1.6648575,0
7448,.98929238,2,6.8629017,56.125145,11.432511,.49089894,2,1,41,4.7128077,0
7451,2.4837255,3,3.9671762,131.42398,12.472023,.85035378,4,0,36,4.7132983,0
7452,8.906045,3,13.519469,56.365879,10.078783,.31605557,2,1,58,2.7845364,0
7463,.88739115,3,16.053856,156.67271,11.432161,.21772461,3,0,42,0,0
7466,11.022511,2,7.1163502,66.859802,6.4573841,.26113829,1,0,28,0,0
7468,11.255875,3,14.73302,64.054062,16.689705,.86687386,3,1,48,1.0876935,0
7469,9.0874901,3,11.580791,57.95512,11.265981,.28214946,1,0,39,2.215569,0
7473,1.0138167,3,5.1374798,167.63181,8.0849886,.11668388,3,1,21,4.2236772,0
7479,4.9700832,3,18.559044,200.13733,19.162607,-.14683191,4,0,52,0,0
7481,3.2939353,3,14.440674,156.45836,12.273869,.44626927,3,0,39,0,0
7483,1.6261132,3,6.1645889,110.27285,14.115401,.40057215,4,1,22,0,0
7484,.97340727,3,6.8250489,145.97807,7.6150599,.29910228,4,1,22,0,0
7488,10.411614,3,20.412746,200.84557,12.541759,-1.4581151,1,1,36,0,0
7493,2.5549648,3,5.6611638,248.60614,8.5194931,-1.8446739,5,1,29,0,0
7494,9.1544437,2,10.38755,51.812641,10.80711,.11023167,4,0,46,0,0
7495,5.7652607,2,13.124448,55.025848,12.543504,-.46726793,3,1,46,0,0
7496,.88594747,3,4.8146982,35.313374,6.9779892,1.2811565,3,0,22,0,0
7499,3.3588967,2,9.0683413,9.6922188,11.997959,-.49169433,4,0,41,1.458843,0
7503,1.8541166,2,11.750374,54.363972,8.5080891,-.23412481,3,0,38,0,0
7509,4.2230005,3,13.775201,42.253654,10.822331,1.2144852,4,1,52,1.9246606,0
7515,1.3762566,3,11.563385,106.90623,9.2020559,1.1062086,3,1,34,.16516459,0
7518,6.9798541,3,4.4605441,30.60676,6.5715747,-.11165134,4,1,22,0,0
7519,8.0333557,3,17.000414,426.43311,14.05908,.78416181,4,0,46,0,0
7520,5.3169661,1,15.464358,11.337984,9.0147371,-1.0966083,1,1,39,1.8890141,0
7521,8.5127325,2,8.3398542,11.662248,8.3522024,.19205856,4,1,36,1.5785269,0
7524,12.637717,3,14.676762,231.07159,16.228037,.64091766,4,0,41,1.1206754,0
7529,3.8495781,3,21.393311,60.820831,13.117405,.53953922,3,0,41,1.7498865,0
7530,9.0468502,3,4.4091477,64.422592,7.4486852,.28610808,4,0,57,0,0
7532,18.822031,3,4.2129426,149.29955,10.183022,.48285079,4,0,28,1.9844217,0
7540,11.588199,3,4.3460827,85.428642,5.194736,1.0514256,3,1,23,0,0
7542,2.8283589,3,13.114652,37.071426,9.8631258,.57865578,4,1,51,0,0
7545,63.059975,2,4.8547678,18.242346,7.19872,.56587261,5,0,26,0,0
7546,75.290314,3,5.0294685,30.908035,5.9732275,.45565337,5,0,27,0,0
7551,16.319117,3,4.9135871,101.40409,12.743684,.33961055,1,0,60,0,0
7555,17.466524,3,13.457309,178.40097,10.518227,-.3995308,4,1,38,0,0
7557,33.891651,3,13.349207,56.803524,11.822649,-.40635166,3,1,54,0,0
7559,2.9809413,3,4.5021305,288.06879,14.803353,.68481773,3,0,41,0,0
7565,2.305943,2,3.3302705,62.172977,8.2018509,-.74543232,5,0,53,0,0
7566,2.6989622,2,12.110036,73.57399,8.4138203,-1.1150122,5,0,53,0,0
7578,3.9321246,3,12.119479,127.02999,13.863065,.78679866,5,0,43,0,0
7583,2.2090459,3,18.666725,378.38699,19.074678,.89535511,3,0,47,.78267586,0
7593,14.458328,3,11.573221,421.44534,29.266163,.092313647,3,1,57,.89482021,0
7595,3.3116932,4,16.255962,291.57343,13.978805,.49977791,2,1,36,4.8963909,0
7596,1.979395,3,13.186605,64.573013,12.548164,.73499727,4,1,41,2.1545854,0
7598,17.906952,3,21.361313,7.4958649,13.060858,-3.4803882,4,0,41,.92244339,0
7604,3.2639034,1,7.0079484,19.015068,8.2554426,.63334429,1,0,38,3.4828613,0
7605,2.6468651,2,10.149796,21.621311,7.830915,.49166855,1,0,38,1.9486126,0
7612,93.717041,3,61.743999,787.92853,30.8311,-.57649928,4,0,43,0,0
7614,10.464303,3,4.7784519,120.04456,15.473183,.14142735,4,0,39,1.9143482,0
7623,4.0759029,3,6.8221641,687.85217,17.704731,.46256036,2,0,28,1.4858313,0
7625,3.842195,1,9.9811049,10.160429,10.157577,.99787843,1,0,46,1.3362473,0
7631,3.7366314,2,4.3546739,54.903366,7.5334406,-.74360329,4,0,27,0,0
7635,2.0675995,2,14.263668,99.169136,11.045879,-3.4502594,5,1,57,2.4110219,0
7637,4.4879293,3,5.0092459,99.251221,7.2109041,.63794655,1,0,22,0,0
7646,10.742031,3,11.266952,105.17757,12.588454,.52114952,4,1,44,1.9529037,0
7652,7.20224,2,12.863817,25.352463,9.0439777,.87059337,2,0,51,0,0
7653,3.2841089,3,8.7892828,158.25914,4.9486532,.27616617,4,1,29,0,0
7655,21.12039,3,14.669497,315.81033,17.484175,1.1759921,4,0,43,0,0
7656,5.1823235,3,12.364891,160.78723,13.484049,-1.1387279,4,0,46,.96045858,0
7657,35.747803,3,20.801521,183.80206,21.627804,1.0099221,4,0,52,0,0
7659,6.0646892,3,6.5415196,59.334694,14.520632,.67875433,5,1,47,0,0
7665,18.853762,3,2.8399296,105.41336,7.1006007,-.60993898,3,1,24,0,0
7675,11.06158,3,15.283554,203.05614,9.7197609,-.96048683,1,1,56,0,0
7684,53.420555,3,11.749547,45.727547,14.080255,.98282766,1,0,41,0,0
7687,68.851463,3,27.291941,832.11926,25.99618,.33213511,5,0,52,.77248144,0
7689,1.0510684,2,4.9062076,54.824589,4.6271772,-.89769459,2,1,22,0,0
7692,15.501499,2,5.1880398,51.192368,11.882806,.15067962,1,0,56,1.0840845,0
7696,10.805051,3,24.39642,362.09924,10.202081,-2.3945746,3,1,33,.99656093,0
7699,3.2463191,2,8.4542007,18.20644,9.3874426,.16949685,4,1,36,1.213284,0
7702,8.0383101,3,12.810287,71.826752,7.6494741,1.4239333,4,0,42,0,0
7705,23.176607,3,6.9855003,43.10825,22.862463,.47248462,5,0,49,.96082932,0
7707,3.9639463,3,17.063345,367.92712,15.596825,1.4882684,4,1,38,2.7704797,0
7708,4.8915262,3,29.031696,388.5863,9.4471855,.51776904,4,1,39,4.0526166,0
7709,9.7289152,2,10.441438,7.8408856,14.931067,-2.1988719,4,1,46,3.4540503,0
7712,.94029307,2,4.5191679,39.184288,6.7005572,.35087213,4,1,23,0,0
7716,1.7703538,2,3.7874644,14.833092,8.0098095,.21656424,3,0,23,0,0
7722,13.217627,3,19.140619,466.31366,18.462294,.6258738,5,0,46,0,0
7724,5.2699466,3,10.839954,137.52112,12.691145,1.0318583,1,1,47,0,0
7729,4.9941344,3,5.6809144,71.300133,29.981138,.74586892,4,1,47,0,0
7730,10.828473,3,5.3270283,43.220154,11.510961,-.61170596,5,0,46,0,0
7734,.86829305,2,6.0889835,68.246834,6.9794865,.37147844,1,1,24,0,0
7737,3.0595992,3,6.0611954,23.31311,14.068767,.843907,5,0,48,2.6121237,0
7740,25.067047,3,14.892497,470.36572,13.931415,-.12549858,3,1,26,.65640342,0
7747,5.9223218,4,5.8224821,145.98328,15.0545,.19138221,2,0,26,0,0
7750,2.5358419,2,8.6288309,37.072987,7.6163015,-1.6243718,3,0,52,3.7940893,0
7752,3.279669,3,4.62814,26.135132,15.780135,.40567389,5,0,60,1.3873372,0
7754,9.6634407,2,26.53236,78.144196,11.120765,.054725036,4,1,47,0,0
7756,5.0035038,3,12.383512,89.215187,8.2847071,-.059176784,2,0,46,0,0
7759,5.4023614,3,6.8624706,146.02304,13.176029,.7790271,3,0,22,0,0
7761,1.6856815,3,7.9088621,123.74718,8.5506964,-1.9402083,1,0,29,0,0
7762,16.917742,4,14.737838,24.54052,12.089508,-1.7474083,4,1,53,1.127768,0
7766,1.993883,3,27.69656,147.099,11.119224,.50627625,4,0,59,0,0
7768,9.2070055,3,15.394981,116.84228,7.5317492,.030301308,1,1,52,0,0
7774,1.058072,3,4.4963794,71.53772,8.4122734,.35705698,4,0,54,3.5371633,0
7777,3.6569324,2,10.353714,19.510283,30.989882,.72976321,5,0,58,.53940773,0
7778,23.5783,2,9.1848345,0,9.40378,.77755189,2,0,34,2.7066243,0
7782,15.993805,3,17.267319,300.42007,15.854641,.58470434,5,1,46,.60381305,0
7785,.46390572,3,11.098086,153.99887,9.3126078,.090739705,3,1,28,3.4924457,0
7793,3.9936142,3,11.625349,90.084503,11.217399,-.33345497,4,0,39,0,0
7794,1.8822476,1,12.062641,.59768772,8.0269222,.17428933,2,0,59,5.6712441,0
7797,1.9590303,3,3.3502448,24.417421,11.719605,.086494453,4,0,60,0,0
7799,2.4725249,3,15.120229,162.49594,12.613789,.44867197,5,1,54,0,0
7801,8.9232836,2,4.9026594,14.378845,6.2048926,-.1131397,1,1,21,1.1783799,0
7803,14.578248,3,8.9402275,78.631004,14.000335,1.3766615,5,1,27,0,0
7804,13.568391,3,8.0883846,94.5849,14.732372,.56175947,2,0,28,0,0
7809,25.296858,3,16.213579,171.55745,14.839531,.52437419,4,0,58,1.2615035,0
7811,8.5628195,2,5.8000526,74.236267,13.084997,.3899456,3,0,60,1.6258554,0
7813,9.7179623,3,14.161597,63.839958,16.460968,.74681884,1,0,48,0,0
7814,4.538631,3,13.767844,78.339478,11.668807,.68855965,1,1,47,0,0
7820,6.1158891,3,8.4909296,98.447731,14.744979,-.14188838,4,0,43,.95568568,0
7822,39.375748,3,16.67205,175.25491,5.6003294,-1.1622018,3,1,48,0,0
7831,.69894809,3,15.31077,170.56856,13.609986,.1284925,5,0,48,0,0
7834,26.071301,2,7.2326431,62.902714,7.8109956,.88300216,4,0,42,1.7988883,0
7838,1.4404969,2,6.3380365,17.030293,7.2181034,1.4705896,3,1,26,0,0
7845,4.0547605,3,16.792946,46.183567,9.7440853,.8156684,5,1,32,0,0
7848,2.7842872,3,11.621691,33.730511,11.556595,.15651794,1,0,47,0,0
7849,16.523045,3,12.606709,125.64284,18.515297,.24571928,4,1,37,.97746384,0
7858,9.4351177,3,9.9243841,225.99226,12.267223,.21553819,5,0,32,0,0
7867,7.5836644,3,8.9211874,493.3494,29.73481,.58992851,5,0,63,0,0
7871,3.838824,3,4.1016412,65.958519,14.703968,.98308444,4,0,60,2.562465,0
7874,15.233562,3,14.191761,155.44084,12.405443,.39384764,3,0,39,0,0
7878,1.9407909,3,7.9358191,276.88229,10.200515,-1.5339198,4,0,22,.70403326,0
7883,4.3948321,3,3.978456,56.611481,9.3706589,.40706149,4,0,24,2.0101604,0
7884,14.227367,3,9.9905939,275.9921,11.573367,.76465225,4,1,26,1.7118413,0
7888,2.4583044,3,13.315335,77.909279,7.7180743,.81774068,3,1,37,3.3105628,0
7894,5.0509934,3,19.268589,209.5844,31.155828,.16270922,4,0,48,0,0
7905,5.5483928,3,13.238214,129.56482,13.002877,.30686262,4,0,47,.82390016,0
7906,22.297186,3,15.339685,213.57678,21.032135,.2295962,4,1,56,0,0
7910,4.4827075,2,5.1290703,.37211227,8.1146955,.97662729,4,0,29,2.6075072,0
7911,16.372143,3,24.24367,118.07561,13.443727,.26909149,3,1,49,0,0
7915,.49797869,3,16.588741,274.79456,17.649824,1.2204661,4,1,39,.097272426,0
7919,8.7812281,3,5.4465013,166.39336,10.115139,1.011066,4,1,27,1.7362839,0
7922,19.869125,3,5.0020251,41.802795,8.4427004,.82358897,3,0,21,3.2171538,0
7928,2.5897946,2,13.929121,91.543045,10.046124,.48086953,2,0,32,0,0
7932,1.9620532,3,5.2115798,96.01239,12.060811,-.0080822017,4,0,26,.60406297,0
7940,4.9671068,3,5.3238873,68.940559,7.6730256,.48905608,4,1,26,0,0
7943,2.4266272,3,3.9115047,31.098101,5.6447043,.15774609,1,1,21,0,0
7944,2.8132153,3,5.1427402,28.83602,5.6271486,.1329236,1,1,21,0,0
7945,1.0251017,3,3.9405296,32.886116,11.545296,.22153559,1,1,21,0,0
7959,47.09404,3,11.179074,62.723358,11.506507,-.50131476,3,0,59,2.0922549,0
7961,1.8282316,3,15.740731,249.51105,13.728909,.044124767,3,0,57,0,0
7969,8.1180849,3,50.739346,104.61424,17.935759,-1.5659385,1,1,33,0,0
7970,11.265484,2,5.1480184,99.536194,7.622273,.7365315,4,1,22,2.7976162,0
7977,8.6685619,3,23.655493,926.93677,31.155828,-.10782453,3,0,60,.63647199,0
7980,7.7754164,3,15.38591,191.40625,12.423503,-.25126234,1,1,56,0,0
7981,2.1655366,3,18.251404,534.26825,9.003828,1.0256821,4,0,43,5.7600279,0
7984,22.623528,3,18.628992,255.95457,7.9907622,.2752758,5,1,42,1.8569185,0
7985,20.335287,3,16.737116,281.90744,13.366007,.20386055,5,1,38,1.3442818,0
7987,36.14053,3,13.121142,926.93677,25.091536,-3.4495554,4,0,60,0,0
7993,58.480213,4,8.4964142,175.75072,6.9537416,-.15094,4,0,27,3.183702,0
7994,66.859894,4,9.586091,150.28743,12.289558,-.087579489,4,1,26,2.0622854,0
7996,11.761294,2,9.5652943,17.694857,11.15649,.10514947,5,0,44,1.0064095,0
8003,16.587744,3,13.393489,145.93408,12.676158,-.72431648,3,1,44,.88077456,0
8007,15.809292,2,16.669437,16.40625,7.4597855,.27542976,4,0,41,0,0
8015,3.4746907,3,13.73866,109.375,14.235979,.36125562,3,0,49,0,0
8020,1.8894598,1,11.816184,16.40625,6.7488537,.46601808,3,0,56,0,0
8021,13.300997,3,10.30152,328.125,16.700769,-.55401748,4,0,41,0,0
8025,2.4786303,2,6.4182706,32.8125,5.4127216,-.31591296,2,1,22,0,0
8026,1.3707711,3,8.7574158,49.21875,6.9756947,-.098737322,3,0,61,0,0
8029,1.884478,3,5.2768579,26.36128,6.1476531,-.36869317,3,0,26,4.2888231,0
8034,2.4477677,3,5.0369582,59.389385,12.784867,-.26828331,2,0,60,1.9048309,0
8035,.70434427,3,8.4704771,54.6875,5.7546401,-.15232299,2,0,61,0,0
8036,2.0284879,3,6.558042,60.15625,10.723828,-.16924535,3,0,61,0,0
8038,1.3797476,3,9.0608749,65.625,7.4750152,-.18189956,3,0,61,0,0
8044,35.763218,3,17.423895,366.40625,8.3531876,-.34325957,4,1,63,0,0
8046,8.3011723,3,10.508837,65.530579,11.534416,-1.1349013,5,0,49,2.3082078,0
8048,21.374727,3,5.2317286,57.845619,7.9002256,-.42558646,4,1,21,2.5193007,0
8051,3.9520085,3,8.7807627,57.657471,8.9304819,.8423382,3,1,29,3.5106652,0
8052,28.056566,3,12.926886,136.71875,14.038069,-1.5233611,4,0,47,0,0
8054,6.9918203,2,6.4387803,43.75,6.7971692,-.44884777,5,1,24,0,0
8055,7.3149729,2,5.266376,43.75,7.094254,-.31564689,4,1,24,0,0
8058,4.705977,3,12.105198,73.133499,13.072582,.49177569,2,0,56,1.895637,0
8060,40.11227,3,6.7307754,134.16237,9.8084631,-.76726228,4,1,22,2.1458526,0
8061,14.504969,2,9.4026995,19.663387,10.387485,.057686262,2,0,44,1.1354817,0
8067,3.7051983,2,6.0206099,81.861,8.3020086,-1.1210828,3,0,21,5.3137479,0
8068,4.5598922,3,4.8401499,115.4996,4.8214536,-.76733083,4,0,21,6.4310017,0
8069,7.3857527,3,5.1185131,38.28125,6.7287378,-1.4550884,4,1,22,0,0
8071,5.1741705,3,8.7811613,53.009861,11.754311,.96209514,1,0,31,2.1586516,0
8073,26.035063,3,8.7519913,61.037331,11.500806,-.73577821,3,0,61,.56626439,0
8082,2.8819621,2,8.4779692,21.875,7.3593779,-.23471543,2,0,36,0,0
8087,3.1766789,2,8.7988205,11.627596,12.620871,.26095641,2,1,43,3.2850142,0
8088,34.943157,3,10.577224,43.75,13.039192,-2.7344105,5,0,43,0,0
8089,7.6684837,3,19.890108,323.5817,7.8734012,.021876853,4,1,54,2.7433119,0
8090,14.18565,3,18.584732,53.744926,12.155727,.043412291,4,1,41,.9798255,0
8099,51.816113,2,3.2757487,20.78125,5.9519329,.13767871,4,0,22,0,0
8103,13.669637,3,23.009483,623.4375,20.514374,-1.0025359,1,0,51,0,0
8107,25.051123,3,7.7991376,32.8125,7.9015841,.61505848,2,0,37,0,0
8109,1.8432276,3,8.1704826,65.625,7.9169383,-.11147665,3,0,28,0,0
8111,12.356056,3,6.5341916,30.489569,8.8955345,-.4684687,2,0,23,2.6421971,0
8112,4.7753258,1,4.89293,7.2045631,7.7859635,-.36935624,2,0,26,4.2202291,0
8116,18.080542,2,12.393749,92.96875,6.9034038,-.69362068,4,1,48,0,0
8117,6.257154,2,9.0500298,47.03125,5.8558559,-.23945709,5,1,28,0,0
8124,4.1511765,3,14.551171,60.777618,10.406954,.41862422,5,1,48,.78306955,0
8127,2.1949003,3,4.0026598,44.84375,6.674345,.41304538,1,0,22,0,0
8130,9.1623249,3,14.106892,27.34375,9.4452982,-.0034636231,5,1,51,0,0
8133,1.0066261,2,6.9552002,35,6.8903222,-.35640672,2,0,29,0,0
8134,1.9206226,2,12.100739,10.73959,8.770134,.38418129,3,1,54,6.9187622,0
8139,6.9930692,3,8.484004,503.125,14.133742,-.75398213,3,0,39,0,0
8140,8.0255995,3,17.59531,101.76531,9.8553991,.8329345,4,0,49,2.6282582,0
8145,6.9436283,2,5.8295684,41.146664,7.8725524,-.64830148,3,0,26,1.688555,0
8152,.91428125,2,13.375352,43.75,9.421339,-.41939822,2,1,39,0,0
8155,6.3968425,3,7.3136044,110.62342,10.287621,-.058658659,2,1,21,2.9143095,0
8156,16.295586,3,19.771444,382.14304,18.617399,-.32339954,5,1,41,.9273479,0
8163,3.1152456,3,10.181974,100.57613,11.838181,1.1235731,1,0,59,.95966619,0
8165,3.2100537,3,9.0848923,182.48128,12.133823,1.3077397,2,0,57,1.0811385,0
8170,10.220098,3,11.575549,60.15625,4.8054972,-.077397957,2,0,60,0,0
8171,4.2041264,3,13.829065,49.21875,8.7281351,-.061318271,1,0,58,0,0
8178,7.4581289,1,6.3991466,16.640083,7.9241161,.069861196,3,1,27,2.870827,0
8192,3.2473981,3,13.386118,53.670475,12.490196,.56693679,5,0,51,2.8657465,0
8196,3.4387364,3,31.590679,93.264206,16.86623,.17801982,5,0,57,1.5564867,0
8204,12.82284,3,13.273096,85.480309,15.219998,-.32368913,3,0,41,2.3667405,0
8212,.4485642,3,17.203321,197.42188,11.405105,.3943623,1,1,52,0,0
8214,2.7738988,3,14.584622,109.375,12.031844,.42171684,5,1,56,0,0
8215,8.8235073,3,12.275741,33.90625,6.323576,-.69415516,1,1,39,0,0
8217,9.5795803,3,10.833733,27.34375,10.029078,-.53589511,1,0,39,0,0
8222,8.548521,3,37.604134,273.4375,12.594072,.60763538,4,0,44,0,0
8229,6.7429466,3,7.4552107,20.665318,6.0200438,.078173943,4,1,46,2.9993651,0
8230,3.8917878,3,18.394012,290.6358,8.1338139,-1.9200908,4,1,52,1.0965025,0
8232,2.3495364,2,5.5642939,50.316917,6.0959315,.25062039,1,1,22,3.465194,0
8233,10.148504,2,15.083518,93.515625,5.5955129,.4097257,3,1,49,0,0
8234,1.3931248,3,5.4378452,46.757813,7.6483803,.60725743,4,1,27,0,0
8235,.94159979,3,8.6654758,267.96875,9.6838131,-.31472147,1,0,27,0,0
8238,1.8735031,3,3.3477097,21.875,6.5438991,.43986002,1,0,22,0,0
8239,5.1136575,2,7.8630614,16.40625,5.2263856,.37729934,1,0,31,0,0
8240,1.8668469,1,7.9355454,.33772993,9.3717642,-.11318068,5,1,32,2.134407,0
8243,39.253067,3,10.465246,27.34375,10.121121,.79619241,4,0,39,0,0
8248,26.869085,3,6.1368365,109.375,6.0297685,.51757634,4,1,24,0,0
8249,3.0172865,3,7.4189715,103.90625,8.9222965,.22372386,3,1,24,0,0
8254,2.0359049,3,8.9578152,49.21875,5.3179579,.33748046,3,1,28,0,0
8263,6.9863,3,27.465189,864.0625,31.155828,.13217179,4,0,42,0,0
8264,8.2938881,3,56.617676,114.29688,12.922471,1.2058355,5,1,43,0,0
8268,10.33497,3,3.8179653,92.96875,14.955082,-.67045927,1,0,44,0,0
8275,6.6234975,3,11.925791,27.029095,5.8635554,-1.6129614,4,0,42,2.6185145,0
8279,3.479059,3,2.8024352,48.125,8.2099953,-1.0751505,3,0,29,0,0
8280,11.282432,3,11.280689,90.899643,15.213,-2.3817539,4,0,57,2.9821532,0
8287,.95918131,2,12.442946,43.75,10.453726,.00062347797,3,0,39,0,0
8296,1.5153254,3,11.22785,32.8125,5.4087524,-.26689032,4,1,38,0,0
8298,11.371148,3,14.439605,131.25,6.7149558,-1.7271188,4,1,54,0,0
8299,3.2057996,3,14.394947,92.96875,17.308826,-1.3678752,3,1,57,0,0
8303,6.0083957,3,5.7745481,90.775307,8.3337545,-1.6707673,1,1,23,.92065126,0
8305,7.2286978,3,5.4343739,41.5625,10.761567,.54882145,4,1,26,0,0
8307,25.374941,3,15.185967,207.8125,12.193077,.47825471,2,1,37,0,0
8308,25.33831,3,14.271844,207.8125,6.3803616,.54639083,3,0,38,0,0
8309,25.723724,3,9.2597904,175,9.2298317,.3781361,3,1,26,0,0
8311,14.184471,3,13.046261,131.25,23.858822,-.51156676,3,0,33,0,0
8313,11.446225,3,16.155252,109.375,12.739573,-.97900033,4,0,33,0,0
8315,3.561873,3,5.726316,71.09375,8.5310526,-2.5106306,1,0,23,0,0
8319,21.402538,3,15.69256,266.42542,15.70306,-.52394891,3,1,44,1.4942716,0
8322,24.372669,3,22.668629,836.71875,20.816582,-.083946861,4,0,31,0,0
8327,13.541092,3,11.568995,84.638008,10.247435,-.47076359,2,0,38,1.4868964,0
8329,10.858083,3,6.9722137,35.671864,12.333518,1.0893059,4,0,61,1.3173558,0
8334,14.928852,3,12.379313,169.53125,11.970042,-.20393932,5,0,44,0,0
8337,7.6746225,3,10.646907,128.5162,11.418752,1.264313,3,1,49,1.1135665,0
8340,3.3060746,3,3.9431822,116.12751,10.097194,.82263201,4,0,21,2.8135004,0
8341,5.4449601,3,13.829369,131.25,9.1366119,.51683402,2,1,46,0,0
8343,11.271724,2,17.253597,8.7629585,7.4425731,.37054899,4,0,31,1.4457457,0
8345,2.5883701,2,6.6240139,1.7818087,7.4254761,.38380209,5,0,28,2.1009808,0
8353,2.612711,3,13.65469,109.375,8.3492699,.34877864,2,1,46,0,0
8355,25.7243,3,3.9270046,263.46878,14.151327,.039566793,3,1,21,2.1919754,0
8361,7.7057862,3,21.010513,579.6875,21.883865,.83055848,1,1,43,0,0
8363,3.6831472,3,14.802011,162.77867,13.536736,.39408833,3,1,37,3.5839198,0
8371,9.8704691,3,12.584803,32.076981,5.5113139,-.14284645,3,0,42,3.7416925,0
8385,4.3797426,3,7.8353934,207.8125,10.019432,.58717543,2,0,27,0,0
8386,1.7174197,3,5.9395475,140.27344,5.0325856,.14821173,4,0,26,0,0
8388,6.10356,3,8.0539474,57.148438,5.8239412,.18269695,1,1,26,0,0
8393,10.50805,2,12.20823,33.499104,8.6943626,.51554322,2,1,38,3.0798984,0
8399,8.0246048,2,3.6469672,16.40625,7.8993568,-2.3254137,4,0,26,0,0
8402,2.3491313,2,4.4076076,9.0062914,8.8372097,-.47528166,3,0,24,1.9328349,0
8403,6.9137278,3,12.573922,98.4375,13.563782,-.056098141,2,1,44,0,0
8404,2.8366148,2,4.7497149,6.6314969,12.127961,-.4058139,4,0,31,1.716071,0
8406,10.907688,3,9.211133,19.136459,9.9192944,-2.8473005,4,0,34,1.2188122,0
8407,52.800274,3,4.7773571,169.53125,5.2913952,-1.4567961,3,1,26,0,0
8410,13.887078,3,13.278654,131.25,6.4186707,-1.9403676,4,0,41,0,0
8412,12.554347,2,12.267025,76.5625,11.515908,-1.873597,4,0,41,0,0
8416,6.4239907,2,5.7192531,10.9375,5.3344188,-.73804063,1,1,29,0,0
8419,6.934907,3,15.431928,76.5625,5.8353848,-.22182277,3,1,51,0,0
8421,1.9583197,2,13.706309,71.09375,9.493413,.19954041,4,1,48,0,0
8425,14.484774,3,12.653691,76.230316,6.4136868,-1.1344396,4,1,57,2.1255872,0
8436,36.320564,3,9.2616978,155.85938,12.307331,-.41249883,5,0,39,0,0
8438,68.953362,3,7.7395043,202.61719,10.068918,-.30649391,5,0,24,0,0
8439,3.4185615,3,13.531031,72.45681,11.855534,-.21186361,1,1,41,1.135834,0
8448,11.583184,3,7.2225413,167.31169,9.8678894,-.26691297,3,0,21,2.8545055,0
8453,29.863104,3,10.581662,113.8926,13.355955,.26381347,4,0,37,1.3312713,0
8456,3.551074,3,16.945723,306.25,13.689877,1.4882684,4,1,39,0,0
8459,2.942944,3,4.2300572,147.65625,8.316926,.63591862,2,1,29,0,0
8460,5.4668279,3,6.6083956,43.817051,5.9160676,-.93692732,3,0,22,1.804872,0
8461,5.4379191,3,10.430507,42.001225,26.179058,-.016908582,5,1,31,.73586416,0
8466,3.0204949,3,6.5616107,38.28125,8.0069027,.031711593,3,0,46,0,0
8472,20.392908,3,12.277052,175,12.055911,-.047282584,2,0,44,0,0
8473,4.3282714,3,5.866735,128.3896,6.1095138,-.54142791,4,1,37,3.6671081,0
8474,5.2232714,3,3.0036836,185.23825,13.71068,-.6593861,4,1,37,1.4900569,0
8477,19.167725,3,18.630377,336.10596,16.600975,-.3908397,5,1,56,.82356113,0
8482,7.6837316,3,7.9572525,51.40625,18.687191,-1.4833554,2,0,38,0,0
8484,8.0857821,3,10.458081,82.03125,10.398614,-1.6093785,2,0,38,0,0
8493,4.1492372,2,14.545687,60.15625,10.001397,.52896088,3,1,41,0,0
8495,1.7851038,3,7.3125324,110.48597,8.597888,.87202585,4,0,29,1.0890552,0
8499,22.370113,3,15.150988,92.96875,11.083673,1.255464,3,1,48,0,0
8501,33.508049,3,11.439266,185.9375,10.207249,.021315882,4,1,34,0,0
8512,1.9681004,3,9.4748096,131.25,6.2295923,-.1518019,3,0,38,0,0
8515,3.0853264,3,14.535563,125.78125,13.694949,.23642781,3,0,41,0,0
8523,15.686086,3,9.7031202,240.625,9.0376701,.77031827,3,1,22,0,0
8525,1.7426336,3,6.050209,129.88281,10.787239,.85636228,4,0,37,0,0
8526,1.3416258,3,11.676391,124.6875,10.682169,1.0394518,4,0,37,0,0
8527,5.2615986,3,14.014581,120.3125,11.097103,-.61166924,3,1,46,0,0
8529,7.3347692,3,6.0169973,49.030205,8.7468081,1.4023064,4,0,29,2.3285992,0
8530,73.870049,3,4.0100074,31.171875,4.6271772,.97486097,5,0,32,0,0
8534,9.3950272,3,13.96839,153.48824,16.316113,.57145816,3,1,43,1.6945838,0
8535,5.4190965,3,5.7113786,35,7.6996593,.42572153,3,1,23,0,0
8540,3.5182831,3,18.242481,119.20747,10.046471,-1.5883201,1,1,38,1.9732074,0
8541,2.9579756,3,11.79339,23.662403,9.0945253,1.1282563,4,1,58,2.0487742,0
8543,10.448555,3,8.5931768,71.09375,8.7851658,-.19482973,1,0,34,0,0
8547,16.894552,3,8.7597599,176.35027,9.8201456,.44985363,3,1,24,.060724493,0
8548,16.773773,3,8.3138428,197.18483,11.439912,.4627803,4,1,26,.037920222,0
8549,4.3618245,3,13.27652,158.59375,11.209394,.28715357,5,0,57,0,0
8550,22.368536,3,15.849054,180.46875,12.048572,.27644032,5,0,51,0,0
8551,15.502591,2,10.356218,.71850348,5.4306245,-.32152769,4,1,37,2.6290362,0
8552,1.3847129,3,14.096395,135.07813,10.085808,.71677828,4,1,39,0,0
8555,1.7890216,3,4.4508538,21.875,6.6623025,-.49195239,3,0,21,0,0
8557,21.058767,2,16.923632,13.029437,30.296019,.2222309,3,1,56,.18463345,0
8558,26.574955,2,12.248754,11.337479,11.630342,.33969274,3,1,54,.61475164,0
8570,2.4765871,3,10.175168,27.34375,8.4614906,-.15752676,1,0,38,0,0
8576,4.5851984,3,11.699244,196.875,14.087365,-1.0655721,4,1,43,0,0
8578,1.8458176,3,12.470746,153.125,6.7685499,-.10524679,4,1,59,0,0
8580,4.9007649,3,9.5869322,98.4375,8.0651674,.34310555,1,0,29,0,0
8584,6.775147,3,4.7742696,31.171875,26.279799,.29249051,1,1,24,0,0
8585,5.3617039,3,8.2762642,48.125,8.1084948,-.20020024,1,0,36,0,0
8603,17.302544,3,19.372454,393.75,17.265408,.51555622,1,1,47,0,0
8605,7.1318364,3,6.5445867,24.0625,5.651679,-.77557403,3,0,23,0,0
8617,9.8827963,3,14.83522,257.03125,28.380913,-.078802824,2,0,46,0,0
8618,6.0653381,3,12.119946,21.875,12.728087,.23762141,3,0,49,0,0
8621,6.6540279,3,12.961468,155.85938,10.01853,.22941607,1,1,44,0,0
8622,54.71936,3,39.309574,926.93677,28.402531,-.8166852,5,1,53,0,0
8624,27.366833,3,16.144903,926.93677,31.155828,.29014176,4,1,47,.44695011,0
8629,8.784543,3,9.1479015,83.125,6.4062772,.39119613,3,1,57,0,0
8631,26.445339,3,6.30723,60.15625,14.222773,.29757282,2,1,56,0,0
8633,22.493887,3,15.645863,43.75,10.036436,.45165074,4,0,57,0,0
8634,13.963324,3,6.8670897,32.8125,9.9929352,.50094914,4,0,61,0,0
8636,2.1851828,3,21.057722,129.13124,11.439108,-2.4461231,4,1,42,1.5016268,0
8639,12.495613,3,9.1793022,71.820465,12.063972,-.24759741,3,0,61,1.3891637,0
8644,6.8546028,3,10.293478,54.6875,6.2172356,-.063143931,4,0,37,0,0
8646,3.2175012,3,14.104615,76.5625,11.726646,.38822573,2,1,47,0,0
8656,2.8431392,3,14.234607,60.832825,5.8598289,.60680765,3,0,33,5.6023059,0
8658,18.767426,3,6.4947371,44.544651,8.4413767,.2638227,4,0,28,1.7436693,0
8659,2.5679753,3,12.96273,40.464344,6.3936248,.47841153,1,1,49,4.0843425,0
8660,6.4510775,3,11.195202,34.556984,10.166527,.70901012,1,1,44,2.2865543,0
8662,12.216151,3,14.626239,99.877968,8.610589,.90637302,4,1,33,2.9754343,0
8664,4.1968985,3,11.658907,98.4375,13.038448,.07036306,4,0,56,0,0
8665,.46453699,1,6.7626576,3.8135815,5.4805355,-.67706144,2,0,28,5.081943,0
8667,6.4989414,3,9.4971676,57.148438,10.289452,.15062518,1,0,44,0,0
8671,1.9609454,1,3.8147686,18.398689,5.9246383,-1.6706259,1,0,21,4.7463174,0
8673,13.929574,3,13.744153,131.25,12.06776,.17508446,3,0,39,0,0
8674,9.5113611,3,11.486834,115.33125,12.571692,.39436263,4,0,54,1.1384341,0
8682,55.7812,2,13.557489,17.294949,13.224131,.14513765,1,0,32,3.0848322,0
8685,6.902277,3,9.7655888,92.96875,11.314026,.019351421,1,0,41,0,0
8686,7.6031036,2,6.8191051,71.09375,6.3455982,-.81043845,3,0,42,0,0
8689,1.2361261,3,12.965619,147.65625,10.034881,-1.6927596,4,1,43,0,0
8692,11.54091,3,12.460778,19.746,10.886352,-1.1815046,4,0,39,.89752686,0
8693,25.453865,3,10.827349,125.78125,11.901215,-.14645204,3,0,61,0,0
8700,9.8765478,3,14.941157,179.05725,16.045902,.019433236,5,0,49,.95412719,0
8701,5.0610437,3,7.2403212,43.416012,6.427947,.45771545,3,1,24,3.3373892,0
8704,3.8537922,3,6.1221046,32.8125,12.326329,.24922282,5,1,27,0,0
8709,1.9170862,3,12.515869,125.78125,11.582323,-.11294377,4,0,39,0,0
8713,25.568325,3,13.821762,59.628838,11.19495,1.4882684,3,0,42,1.4980254,0
8717,2.1037631,3,4.5573626,103.90625,10.71504,-.77082592,2,1,42,0,0
8718,1.7809815,3,13.958143,125.78125,11.989963,.25600573,2,1,46,0,0
8722,7.233799,2,13.576094,61.488686,8.7945147,.91972816,2,1,56,.26218992,0
8723,2.1016395,3,16.883778,185.9375,13.076978,-1.9666232,4,0,32,0,0
8727,6.6733527,1,2.7069123,30.97966,7.2266488,1.3683825,1,0,22,1.8702022,0
8733,.80401456,3,15.229965,142.97226,13.033202,.75596094,1,1,51,5.5071645,0
8747,2.3507664,1,2.59412,9.7314034,12.255637,.067130089,2,0,46,4.0257974,0
8758,56.456554,2,3.535203,9.1652765,4.732038,.61532688,4,0,26,.33475867,0
8759,1.0290422,2,4.739862,11.722816,9.2042789,-.56604612,3,0,34,1.6702355,0
8760,24.661938,3,6.0419917,21.236691,5.0900202,-.3179968,4,0,22,2.2470183,0
8763,5.9595571,3,5.637445,142.1875,6.5456476,.46516281,4,0,21,0,0
8767,5.464859,3,5.8414197,31.171875,11.300455,.71640968,1,1,26,0,0
8773,12.593925,3,35.432415,164.0625,6.5766101,-.69203639,3,1,34,0,0
8784,2.547287,2,15.283799,92.96875,7.7517405,.22117731,2,0,32,0,0
8789,8.7891731,3,9.4517927,54.6875,10.201019,.46789107,1,0,44,0,0
8790,7.5722828,3,11.366121,46.709644,12.531499,.38990906,4,0,41,1.066949,0
8796,1.52123,2,11.684095,72.734375,9.8052015,.64730656,2,0,37,0,0
8799,4.4664583,3,10.066484,33.90625,8.6724777,-.19413027,1,0,38,0,0
8804,3.4492402,2,18.280901,82.03125,11.082467,-1.0689604,2,0,41,0,0
8811,6.4129605,3,7.3919439,169.53125,14.496847,.51364452,3,0,60,0,0
8814,5.6643171,3,5.4660969,69.547913,7.5206952,-.61611289,4,1,22,1.587365,0
8816,2.3619053,2,9.9039335,5.4106684,11.474076,-.7213648,2,1,54,2.7949381,0
8817,15.16406,3,30.345221,926.93677,30.619789,1.3833584,1,1,56,0,0
8819,4.8527122,2,12.0507,54.6875,8.5472174,1.1234957,1,0,57,0,0
8820,4.6224494,2,5.0743208,49.21875,6.409071,1.2159406,1,1,23,0,0
8828,1.0533279,2,4.7891102,0,10.210835,.12133051,3,0,53,3.4210379,0
8833,2.5847993,2,12.139244,81.659035,5.9522777,-.88523036,1,0,46,2.9804189,0
8834,9.3078489,3,17.303434,224.21875,12.437508,.32166564,3,0,42,0,0
8836,2.4747181,3,6.9303064,92.96875,5.7395163,.47605473,4,1,29,0,0
8841,5.1647296,3,12.48685,158.59375,12.618316,.26112139,3,0,34,0,0
8843,35.002876,3,7.6805353,128.81802,9.1456709,-.66565186,3,1,22,1.6211098,0
8846,6.6784015,3,7.3931541,43.059254,7.7418008,-.25157782,4,1,29,1.3253685,0
8847,2.9671328,2,12.404475,87.5,11.778196,-.52433819,3,0,46,0,0
8851,2.1749277,3,13.597138,87.5,11.091972,.96579933,3,1,38,0,0
8855,8.4753904,3,12.999642,196.875,11.20202,.78569806,2,0,44,0,0
8856,2.9699638,3,17.24007,153.125,14.240373,.70825052,3,0,44,0,0
8858,9.7509289,3,13.792345,218.75,12.097958,.69822645,3,0,44,0,0
8859,10.852377,3,15.445436,175,13.793079,.65894401,2,0,48,0,0
8860,2.0160632,2,4.826087,98.339821,7.7464905,-.79340374,4,0,58,3.0076635,0
8862,4.622375,3,6.7283936,99.572922,9.4817085,.0029018349,3,1,23,2.1602871,0
8865,1.4323044,3,13.797445,50.3125,10.317935,-.24607214,3,1,39,0,0
8866,15.239872,3,15.00592,190.06172,8.8415556,.52434587,5,1,53,2.5085068,0
8869,21.194815,3,20.954519,141.4689,8.4250984,.0471281,3,1,51,1.79895,0
8871,11.989094,3,28.244402,926.93677,29.592613,-.67529106,3,0,44,0,0
8875,.89840704,2,10.475969,15.546404,5.2481689,-.16375986,2,0,53,8.9049034,0
8876,5.7352023,3,15.053654,240.625,13.16706,-.38629162,4,1,37,0,0
8877,21.934116,3,3.8890638,71.09375,7.3380938,.39074048,4,0,22,0,0
8880,7.8411903,3,12.888042,120.3125,9.7516985,.70445824,5,0,53,0,0
8887,15.800274,3,10.636296,32.210938,12.571592,.5782454,1,1,41,0,0
8889,2.0299904,3,8.1094809,109.375,4.6321998,-.57388645,4,0,22,0,0
8899,2.7851439,3,3.9641829,114.29688,20.083979,.35766879,2,1,26,0,0
8909,10.335449,3,9.4331331,72.734375,10.017069,.47951066,4,0,59,0,0
8918,22.039299,3,9.2405224,62.34375,10.022064,-.3558352,4,0,59,0,0
8922,1.7403492,3,11.824578,20.583803,14.064323,.54966211,2,0,42,5.2920079,0
8924,29.894123,3,9.795826,25.217175,13.030614,.39400434,2,0,46,2.3632989,0
8927,22.682077,3,14.34746,218.20313,11.438085,.37747398,4,0,58,0,0
8928,21.855442,3,14.174435,145.46875,9.9060516,.40831789,5,0,58,0,0
8932,9.3589506,3,5.2578068,147.65625,9.1047239,-.18640196,4,0,21,0,0
8945,2.8296969,3,9.9432983,477.96875,12.693651,.022859488,5,0,36,0,0
8949,1.9162682,3,4.4474211,42.65625,6.6816225,-.036592353,2,0,21,0,0
8952,13.175558,3,10.082115,196.875,10.46636,.020950373,5,0,46,0,0
8955,55.090679,3,57.435566,93.515625,15.324826,-.22556096,2,1,31,0,0
8961,9.3371487,3,11.960299,155.85938,9.1996984,1.0613219,2,1,36,0,0
8968,2.5680976,3,9.0872431,120.3125,7.4722958,-.68979299,3,1,59,0,0
8973,32.386196,3,13.722234,229.6875,12.745643,-.14081557,5,0,44,0,0
8977,1.4345907,3,15.930522,156.85356,9.8818655,-.50350744,4,1,42,1.7920789,0
8984,4.7702265,3,13.260402,453.90625,11.272667,.52927423,2,1,22,0,0
8988,4.1769004,3,6.2397375,393.75,19.170218,.46989179,5,1,53,0,0
8990,9.5051117,3,10.17766,189.51701,11.256701,1.4577824,4,0,34,.99877298,0
8991,4.0614743,2,11.021887,9.4669466,5.6629457,.80120295,3,1,54,4.2903237,0
8994,2.1876087,3,4.7001781,41.5625,7.1703458,1.1611202,3,0,22,0,0
8997,3.8503819,3,7.6894774,376.92242,7.2553539,-.40455291,5,0,23,1.2216921,0
8998,3.9164319,3,17.216372,333.27063,6.8774009,-.68529558,5,0,39,1.2610523,0
9003,5.9017997,3,30.606928,926.93677,26.743933,.27029684,4,1,42,0,0
9004,8.6858587,3,7.1153584,87.5,4.6271772,-.019955223,3,1,24,0,0
9006,8.822526,3,5.1778855,155.43866,19.521311,.60390121,4,0,46,1.2456017,0
9009,3.3281162,3,16.628262,310.11755,23.974203,-2.2895381,4,1,49,3.0289073,0
9011,7.5605087,3,10.853266,20.78125,11.621799,.63535482,3,0,46,0,0
9016,15.878179,3,18.658211,49.484653,31.155828,.53224522,4,0,57,1.5156103,0
9023,2.4683979,3,15.05667,145.46875,12.408976,.42022714,1,1,49,0,0
9034,25.068401,3,8.7356396,124.6875,30.338896,.65632963,4,0,38,0,0
9040,.48016843,3,13.533524,30.487926,17.132425,.23404735,3,1,58,.60241205,0
9042,8.4717417,3,3.5229676,328.125,12.10725,.5178324,5,0,31,0,0
9044,24.893137,3,11.731584,89.867348,16.653549,.89509279,2,1,59,3.251852,0
9053,24.497606,3,15.120811,185.9375,12.606716,.026313087,4,0,33,0,0
9058,.9362486,3,9.5570688,82.268578,9.2226124,.23129755,3,0,34,1.8581977,0
9060,.4253445,3,5.9236259,71.09375,8.8829632,-1.0229106,3,0,27,0,0
9062,8.2480907,3,11.791529,125.78125,9.2875957,.13544118,3,1,36,0,0
9065,7.824163,3,35.779823,185.9375,11.970041,.41103488,4,1,51,0,0
9066,2.986984,3,7.8710217,45.187016,10.648247,-.20730656,1,0,21,2.7580082,0
9085,4.8910084,3,11.778889,69.1605,8.3112288,.41792268,5,0,54,2.1827397,0
9089,2.6516469,3,7.6086235,193.44373,9.7528715,-.86384404,5,0,22,2.4055176,0
9090,4.2552776,3,5.692472,292.56125,15.664523,-.44054115,5,0,21,1.3176118,0
9091,4.9952545,3,4.1368046,54.6875,11.704384,.54622477,2,0,23,0,0
9093,3.094276,3,5.1030402,114.84375,15.150362,.22384916,3,1,34,0,0
9098,13.663233,3,10.673752,52.99958,17.147751,.75502247,4,0,58,2.8476567,0
9099,13.846865,1,7.8658266,16.293545,21.375093,.56725401,3,0,61,2.6829386,0
9105,7.1789904,3,15.759122,147.65625,12.364825,.91727495,5,1,41,0,0
9106,2.7561779,3,10.341644,114.84375,10.048967,.67829669,5,0,42,0,0
9110,6.9755673,3,16.138817,333.59375,12.206134,.77869296,3,1,34,0,1
9122,2.4062452,3,5.9614453,32.024784,7.8778977,1.0146748,2,1,24,1.6576551,0
9123,9.7073107,3,13.074104,131.25,10.172236,.91255122,1,0,39,0,0
9126,14.761731,3,15.55568,224.7908,16.192999,.18449962,3,1,37,2.3418441,0
9130,17.502853,3,13.413261,81.52916,4.6271772,.35859951,2,0,48,1.9571975,0
9132,27.872118,3,66.611488,256.71942,21.587299,.63640422,5,1,33,.26313186,0
9135,10.086585,3,11.538752,39.375,8.6253986,.1767803,4,1,53,0,0
9136,6.3570571,3,7.2603369,25.15625,13.823975,.18519495,5,1,54,0,0
9140,64.376274,3,7.5365334,196.875,8.301507,.32189626,4,1,22,0,0
9150,49.710217,2,11.290462,11.977781,11.409674,-2.4443789,5,0,39,.91963524,0
9153,2.3752701,1,4.3402596,18.59375,9.806592,.1735618,1,1,36,0,0
9155,12.386715,2,11.852882,7.7059736,12.667003,.72932881,3,0,47,1.1681796,0
9158,20.85885,2,15.716774,13.263775,11.978761,.65260816,4,1,47,.89138454,0
9162,14.29529,3,47.690815,926.93677,31.155828,-.51210123,3,0,47,.31117138,0
9166,.48632124,3,13.334878,65.625,10.175982,-.59365577,3,0,41,0,0
9169,.75446874,3,12.45047,109.375,5.1856241,-.26879463,3,0,38,0,0
9171,2.8656924,3,10.759887,41.5625,9.353611,.77044326,1,1,44,0,0
9174,3.6967826,3,17.360886,350,16.981573,-.24108481,2,1,43,0,0
9179,13.552636,3,16.624374,129.88281,11.561166,.51308554,3,1,52,0,0
9180,2.0244839,3,4.7727175,76.5625,9.7063437,-.10767191,3,1,36,0,0
9181,9.5731401,3,7.3677692,72.734375,21.893209,-.080279432,3,1,26,0,0
9183,2.8368225,3,11.152111,65.763748,14.189996,-.031436905,3,0,43,.99759632,0
9191,7.5086918,3,9.1779737,100.67583,8.7066402,-.2587893,2,1,29,2.0940502,0
9195,4.9611535,3,9.4437466,65.625,8.5033026,.16357131,4,1,34,0,0
9204,42.308296,3,11.17977,481.25,13.583422,.53548986,5,0,37,0,0
9206,15.627171,3,18.073549,109.10156,13.140347,.3636418,2,0,49,0,0
9210,3.1270781,3,9.2209272,103.90625,9.9106522,.88694966,2,1,60,0,0
9214,1.8630507,3,11.16258,251.5625,16.042461,.085301019,2,0,58,0,0
9215,26.124773,3,4.2705936,114.29688,8.8684959,.64473283,4,0,23,0,0
9216,3.8551934,3,11.074035,110.93435,12.565546,.67917359,4,0,37,1.4554198,0
9217,9.7751627,3,11.089198,110.79661,9.1584406,.78811568,4,0,38,1.5128245,0
9222,4.0490689,3,10.196836,92.96875,8.173068,.6296342,1,1,36,0,0
9229,4.1184287,3,17.868383,192.81709,8.5409174,.21237206,4,1,51,1.9994432,0
9232,2.7216399,3,20.324547,371.875,30.898655,.41075543,4,0,32,0,0
9238,12.304961,3,6.8344073,98.710938,7.2201242,.27189165,4,1,36,0,0
9248,9.3449249,3,4.309134,20.358986,6.5896378,-.041729022,5,0,21,1.2918719,0
9253,3.2332897,3,17.23633,503.125,9.299839,1.4882684,4,0,46,0,0
9258,9.7827711,3,13.256835,28.770103,10.645133,1.2241223,4,1,42,1.3685431,0
9259,14.584589,3,8.4586744,40.46875,4.6271772,.27102032,2,1,52,0,0
9263,.9270913,2,10.613555,76.5625,7.2912121,-.78275037,1,1,31,0,0
9264,1.9215355,3,4.8195143,60.15625,7.7784123,.041855786,4,1,23,0,0
9266,3.1877174,2,4.0698924,45.9375,7.7176576,.32453969,1,0,38,0,0
9269,6.4014044,3,9.5598087,65.625,6.0626535,.28104937,1,1,21,0,0
9270,17.793196,3,12.238996,38.28125,12.272304,.51363915,5,0,49,0,0
9272,3.2399986,2,7.4490933,21.875,6.4565153,.88518488,3,0,28,0,0
9275,3.990375,2,4.3821115,51.953125,8.7385359,1.1647305,1,1,48,0,0
9276,6.1521163,3,12.232628,76.5625,10.076738,.086285241,3,0,39,0,0
9277,7.1099491,3,13.509811,87.5,7.9456511,.11295627,3,0,41,0,0
9278,14.142927,3,14.687682,153.125,12.900377,.62441725,4,1,41,0,0
9282,2.7367294,2,4.8221707,49.21875,7.7645574,.38934648,2,0,27,0,0
9284,3.1717975,2,5.4214258,60.15625,7.4708271,.55073088,2,0,27,0,0
9303,8.0878305,3,13.444263,145.46875,12.163466,.85653657,4,0,48,0,0
9309,2.1835279,2,8.8595314,97.72683,7.9370399,.073403627,3,0,28,2.0034404,0
9311,8.6904125,3,19.145716,187.97025,11.623969,-.73942327,3,1,53,.58590186,0
9315,9.3796501,2,8.0556526,54.6875,6.9362574,-.039122049,3,0,28,0,0
9317,3.835906,2,16.437054,42.65625,9.4139471,.2320963,3,1,48,0,0
9323,1.4439332,3,6.9652052,31.71875,7.8608384,-.024130989,3,0,29,0,0
9326,3.4089127,3,14.308565,128.21078,12.940557,.4542501,4,1,48,2.0867648,0
9329,6.0317659,3,11.733814,60.15625,8.688798,.019158049,4,1,38,0,0
9335,1.0170219,3,14.133282,224.21875,10.807048,-.52574688,3,0,38,0,0
9342,1.8025861,2,4.781981,31.679043,8.0221758,.34677553,2,0,24,3.6671183,0
9351,7.0173559,3,10.549563,158.11278,11.026384,.66991484,2,0,34,2.2007384,0
9361,6.3508077,3,3.5830321,23.284733,5.0485916,-.052979302,5,0,27,1.089784,0
9362,3.3385808,2,4.8111243,19.952362,7.7028933,-.055218995,5,0,27,.46856347,0
9364,13.750025,3,31.893204,926.93677,24.128887,.28992829,3,1,47,0,0
9366,3.7166247,3,4.7241769,85.400597,8.7669582,-.93305749,2,0,23,.70029169,0
9378,5.5387421,2,4.6894727,20.78125,8.8875551,.55027974,4,1,34,0,1
9380,14.648647,3,18.863068,366.40625,16.441565,.2986173,4,1,41,0,0
9384,20.817495,3,12.120184,98.435287,14.756448,1.1536425,4,0,49,.90286744,0
9386,26.593769,3,7.6177273,295.3125,11.730332,-2.446636,4,0,23,0,0
9387,26.248137,3,6.3266897,267.96875,14.245674,-2.8301086,3,1,23,0,0
9391,3.9087253,3,13.79604,35.43375,7.8039241,.40254432,3,0,33,3.652534,0
9394,.97915369,2,3.6394184,87.68454,10.738293,-3.1253095,3,0,23,3.0798657,0
9398,8.1534433,3,18.214632,267.96875,14.249034,.47823694,5,1,41,0,0
9401,16.615248,3,11.83972,38.28125,10.033829,.10867801,5,0,39,0,0
9403,18.127563,3,16.987902,37.353737,25.482931,.13024192,3,0,57,2.0830495,0
9404,1.4759095,2,6.8498487,59.826523,7.7303915,-.27141145,4,0,28,3.3286715,0
9407,3.1536283,2,6.3153276,32.8125,6.2867837,.58219635,1,0,29,0,0
9420,2.4410949,1,5.391768,7.2258615,4.6271772,.14274056,5,1,22,2.0926912,0
9424,10.4227,3,3.8553901,120.3125,5.9169278,1.4882684,5,0,29,0,0
9432,7.2927384,3,23.987513,142.1875,8.9553957,.052837048,4,0,36,0,0
9435,6.529387,3,13.81796,280.1604,14.141649,.14647785,1,0,44,2.5530672,0
9443,6.2616701,3,12.329583,240.625,11.000042,.67194933,2,0,34,0,0
9444,19.189566,3,14.477588,224.3197,10.091672,.49608281,5,0,57,1.5134612,0
9445,4.3326497,2,6.4445629,41.5625,6.1144934,.022565456,5,0,47,0,0
9449,5.8672633,3,11.30244,75.258163,12.284463,-.80823988,4,0,39,1.7009192,0
9450,6.0788426,3,12.589629,73.703705,11.408093,-.92390257,4,1,39,1.2729409,0
9452,21.621754,3,15.304424,192.22656,10.72724,1.0103197,3,1,38,0,0
9462,2.4915233,2,9.3930273,18.59375,13.433253,.24933529,1,1,44,0,0
9472,11.172256,3,14.233128,153.125,28.804079,-1.8956596,4,1,58,0,0
9474,2.0142205,3,5.0097523,41.5625,8.1660099,.81748903,2,0,37,0,0
9475,3.3707697,3,7.8982224,45.9375,5.8056135,.81003171,1,0,34,0,0
9478,22.132528,3,14.035048,144.43234,4.6271772,.60918474,2,1,37,5.7667122,0
9482,3.0742581,2,51.383823,81.174469,9.0719776,-.84063214,3,1,38,1.6851745,0
9483,1.8381243,2,3.5640812,25.550838,6.0529809,.16293941,4,0,21,2.6159825,0
9484,2.0150716,2,4.9265757,37.259068,5.1513133,.14583246,5,0,21,2.1862388,0
9488,11.824405,3,11.502401,52.011112,11.527804,.2068347,3,0,39,1.2035812,0
9489,6.6586695,3,10.86671,37.860039,13.583611,.21582648,3,0,43,.91442531,0
9494,7.2118015,2,14.454434,38.997074,9.5141687,.2445741,3,1,48,.36315936,0
9498,.47623596,2,11.178409,76.5625,9.2493305,.22705957,3,0,59,0,0
9501,23.988403,2,12.326501,31.795599,11.447395,-.87792456,2,0,41,1.7146302,0
9506,16.908424,3,4.2173519,83.125,10.482406,.6691103,2,0,57,0,0
9510,17.388599,3,13.026226,71.09375,10.832085,.2237052,4,0,42,0,0
9512,33.768631,3,12.631326,331.3555,11.491169,-.29440245,5,0,28,.56625074,0
9513,3.6285992,3,8.2455225,153.125,6.7178431,.59664083,5,1,21,0,0
9515,29.720959,3,8.3601065,149.74171,10.073511,-.23596974,3,1,29,1.6680622,0
9517,9.7713766,3,10.211675,81.285355,7.9674339,-.29630029,4,1,31,2.9024708,0
9521,1.7143593,2,8.269105,9.3370161,8.539876,.24891004,5,0,34,1.6352811,0
9524,4.4112024,2,5.3020253,56.863445,6.4132776,-1.5943902,5,0,21,1.9696126,0
9527,2.230902,2,12.970794,82.819374,13.406513,-1.8998004,3,0,56,1.9815917,0
9533,23.221909,3,6.4478388,231.22592,10.635435,-.04033142,4,0,22,1.5043237,0
9539,9.241787,3,8.8302231,118.85062,11.003909,.90678114,1,0,61,.36456054,0
9542,3.2471981,3,7.2600412,26.25,7.050529,.33283225,5,1,23,0,0
9543,3.7335367,3,4.5321064,150.66406,13.94357,.99603182,3,1,41,0,0
9549,6.6791992,3,11.014588,127.36729,11.35936,.47352919,1,0,59,2.0542419,0
9560,21.383368,2,4.810679,0,8.3802042,-.24684183,4,1,26,2.1580579,0
9561,13.368003,3,8.4258251,218.75,10.65459,.63127708,3,0,27,0,0
9567,5.015708,3,15.454682,103.90625,10.582532,-.0037122411,4,0,32,0,0
9570,70.227509,3,18.926126,366.14224,15.730935,.84640914,5,1,58,.89625174,0
9573,6.7207026,3,13.093467,65.625,7.5584149,1.2699481,1,0,53,0,0
9575,2.9861772,2,6.1479506,82.03125,7.6183572,-1.2861642,2,0,26,0,0
9581,1.7201511,3,11.807035,43.75,11.717543,.14403988,1,0,47,0,0
9582,37.204727,3,33.306587,926.93677,31.155828,-3.1937375,5,0,44,0,0
9585,14.221835,3,7.2386131,66.230316,13.982265,1.3496255,4,1,51,3.3963723,0
9586,2.7081189,2,5.8302903,25.188301,5.235672,1.4382656,3,0,44,.42287856,0
9587,7.9428716,3,12.632059,49.21875,10.644034,-.51420659,2,0,48,0,0
9593,5.1575336,3,14.775415,99.570663,12.572063,-.13483721,3,0,33,1.6409025,0
9597,1.7068944,3,12.942392,196.875,10.984539,.25485545,4,0,38,0,0
9599,6.4359541,3,5.2877226,76.5625,7.4867129,-2.1431432,1,0,22,0,0
9602,8.8818932,3,12.385266,22.96875,9.8928328,1.4882684,3,1,37,0,0
9606,1.8886553,3,11.219542,166.25,10.300787,.28094006,3,0,36,0,0
9611,1.3160888,3,9.1206951,51.953125,8.4270449,.8090626,2,0,31,0,0
9618,.48293436,2,8.5170984,98.4375,7.6047125,.26446575,3,0,29,0,0
9624,1.9534496,3,14.741917,174.62508,8.2887754,.61806452,4,0,29,1.5963105,0
9627,30.249668,3,15.784904,317.1875,17.369259,-.27765614,4,1,43,0,0
9629,5.3622799,3,19.079111,43.75,12.293814,-1.1744592,3,0,46,0,0
9630,1.9143407,2,4.9261293,1.361011,8.3050079,.27001736,5,0,21,2.7945518,0
9639,12.763917,3,11.011744,234.33441,11.824953,-.10289896,3,0,28,2.184756,0
9641,2.3114305,3,6.6063304,27.34375,10.973511,-.33630553,4,1,46,0,0
9652,19.823458,3,11.472143,70.197281,25.910835,.49923226,5,0,37,.48093522,0
9653,.97597814,2,6.3263483,77.929688,8.1618319,.77609366,3,1,38,0,0
9657,3.8730764,3,11.498411,131.25,10.176819,.41527098,4,0,38,0,0
9663,6.3987527,2,13.794589,98.4375,12.478956,.61294478,2,1,33,0,0
9668,12.760286,3,17.653315,224.21875,14.379591,.57500517,4,1,56,0,0
9674,8.1125965,3,13.398521,185.9375,12.686926,-.34380257,4,0,39,0,0
9678,25.593571,3,11.233626,150.95323,8.3964376,.097463578,4,0,46,.99589592,0
9690,66.338264,2,3.4179866,0,10.027131,-.690633,4,1,23,2.6338642,0
9692,11.160359,2,6.1238246,17.838337,8.9499655,.74509019,3,1,27,2.6473601,0
9693,18.06625,3,19.533428,311.71875,15.827031,.76162094,4,1,52,0,0
9694,1.931052,3,10.853667,25.286858,6.6615071,.51486135,3,0,37,2.8828132,0
9698,26.383839,3,10.371664,352.85614,14.013219,-3.4803882,4,1,22,2.076005,0
9708,2.1827536,2,12.398098,58.80777,7.6415529,.74522012,4,0,39,6.1042075,0
9710,37.186813,3,14.496004,98.4375,10.885608,-1.5983907,3,1,57,0,0
9714,9.3510389,3,13.506254,131.25,8.0507002,1.4882684,1,1,38,0,0
9724,26.476362,3,12.293084,55.541626,19.762253,.21518449,2,1,46,1.538295,0
9727,28.089445,3,16.475266,218.75,22.035828,.05928348,4,1,51,0,0
9728,2.4040587,3,13.348489,38.28125,11.637868,.070748955,2,1,49,0,0
9729,1.9212818,3,12.305694,38.28125,11.506132,.089235224,2,0,47,0,0
9735,34.998943,3,15.43966,169.53125,12.035756,-.16301616,4,1,48,0,0
9738,1.9368619,3,4.2022362,78.694649,9.078372,-.14093955,5,0,33,1.8146321,0
9739,2.005013,3,4.4717469,62.560345,14.948509,-.14080919,4,0,33,1.3559359,0
9743,2.5330389,3,5.9304571,114.29688,10.769448,.89643556,1,0,61,0,0
9744,3.4835048,3,12.353012,147.65625,11.335203,-.02954367,4,1,44,0,0
9753,13.448184,3,7.8964953,153.125,9.1116915,.27888426,3,1,23,0,0
9768,3.2528,3,12.318271,98.155205,12.976415,1.409682,4,0,41,.95360559,0
9781,16.445288,3,19.40671,71.856865,11.496903,.72195226,5,0,44,.47595453,0
9786,2.3880641,3,8.5890198,175,7.6945004,-.41294453,1,1,26,0,0
9789,4.3952212,3,5.3067312,42.33334,8.9198809,-.43889812,5,0,27,2.047965,0
9793,31.888798,2,26.81735,3.9534452,15.446541,.35853863,3,1,49,1.0872848,0
9795,.98063433,3,11.460772,348.08594,11.531264,.3121596,4,0,29,0,0
9803,1.6208723,3,6.1404252,76.5625,10.453914,.38188282,1,0,39,0,0
9809,23.756403,3,13.302114,98.4375,11.327343,.48712519,4,0,42,0,0
9814,26.268913,3,10.466757,119.49219,24.278364,.42839321,4,0,44,0,0
9816,2.3991313,3,5.4358559,27.34375,5.87851,-.56152689,3,1,27,0,0
9822,7.9576087,3,12.938195,404.6875,17.402922,-1.4670261,4,1,46,0,0
9823,6.317925,3,9.2101812,43.75,7.2503233,.68292868,1,0,46,0,0
9828,11.680613,3,10.441721,251.5625,16.561459,-2.937881,3,1,43,0,0
9836,6.770205,3,15.431994,426.5625,16.715969,.92508018,4,0,52,0,0
9837,6.0982122,3,20.446747,481.25,17.737221,.90330058,4,0,52,0,0
9840,5.9998221,3,9.0054111,285.74219,7.6304288,.28305036,1,1,59,0,0
9843,9.9554472,3,12.058195,60.15625,8.0841179,.72699177,4,1,34,0,0
9851,5.7510772,3,16.812769,257.03125,12.506382,.71813667,2,1,57,0,0
9860,4.513936,3,20.69202,481.25,19.258118,.40473926,3,1,46,0,0
9863,2.1957388,2,10.851556,60.15625,9.5423508,.63092673,1,0,37,0,0
9864,1.8342342,2,9.9092646,76.5625,9.2086926,.60842377,2,0,41,0,0
9867,11.529118,3,15.96267,180.01904,11.814941,.996167,2,0,43,.99491066,0
9874,3.9695792,3,14.613053,158.59375,8.6120625,.91615272,4,1,49,0,0
9880,5.2902341,3,12.688875,54.6875,9.7909002,-.1051044,3,0,48,0,0
9882,10.339385,3,11.878198,49.21875,9.1607447,1.4882684,4,0,43,0,0
9885,11.703572,2,12.760405,27.34375,7.9114008,-.44784379,3,1,53,0,0
9890,2.9946659,3,19.477983,348.08594,15.347106,1.1958058,3,0,33,0,0
9897,3.7571554,3,10.472261,21.875,11.764536,-.74761587,4,0,56,0,0
9900,.99866575,3,15.637642,254.57031,13.067207,.75534374,2,0,39,0,0
9903,.97658247,1,11.38543,15.55789,9.929884,.4862397,1,1,46,2.2447164,0
9907,10.192616,3,11.670514,103.90625,18.658293,.60156226,1,0,62,0,0
9913,7.08395,3,12.883236,41.5625,11.738713,.7603367,5,1,54,0,0
9914,3.5423248,1,4.2822189,10.152624,6.3389692,.72421896,2,0,21,4.4080281,0
9924,3.2877181,3,5.1309524,60.15625,8.3223686,.23666939,2,0,24,0,0
9932,3.735148,3,14.386668,143.31035,13.292849,.37264884,4,0,48,1.4450884,0
9937,71.705605,3,7.3535204,41.5625,11.347919,.38330412,5,1,24,0,0
9941,39.959854,3,16.342064,125.78125,11.655044,-.97802407,3,1,51,0,0
9942,43.33017,3,12.698524,114.29688,12.18898,-.95150918,3,1,54,0,0
9945,3.4099367,3,20.781345,180.46875,8.8257685,.27105439,3,0,58,0,0
9948,9.1372576,3,12.585141,98.4375,12.48931,.070053637,4,0,41,0,0
9949,11.451262,3,4.8706169,87.5,4.6271772,.11710362,4,0,27,0,0
9952,2.233098,3,12.295819,20.78125,7.5029712,.35780156,4,0,33,0,0
9953,2.5137537,3,10.343787,20.78125,10.047872,.66978556,4,0,39,0,0
9960,1.8995291,3,3.3345344,92.96875,10.794524,.19209573,4,0,51,0,0
9961,1.8528792,3,5.8175845,87.5,18.178919,.20277154,4,1,51,0,0
9963,21.688515,3,16.570564,180.46875,11.821432,.38431966,4,1,33,0,0
9965,11.211589,3,3.6819193,46.414051,8.3337965,.7837733,4,0,24,.080386691,0
9966,11.578484,3,3.9682419,61.753017,8.5234003,.88765836,4,0,24,.12687342,0
9969,13.886646,3,13.976239,108.65108,13.819301,-.67325383,3,0,47,1.3350973,0
9970,19.837858,2,9.4707403,95.101288,25.090897,-.797153,3,0,47,.81885666,0
9977,4.3070006,3,7.7828164,25.970837,9.0256262,-.75864422,1,0,34,2.4724441,0
9979,22.553995,3,15.655223,92.96875,11.541243,1.2140783,3,0,46,0,0
9985,9.529952,3,5.6395955,38.28125,10.148404,-.52318364,3,0,26,0,0
9986,8.8494492,3,4.5247064,56.589294,9.1793985,-1.8682518,1,0,27,2.2445006,0
9987,9.3278294,3,9.4280701,79.621696,8.5531702,-1.4053434,1,0,38,3.3196213,0
9992,23.244305,3,5.203958,142.1875,8.2125978,-.16732173,4,0,22,0,0
9993,3.0417478,3,12.955787,27.34375,10.054996,.19853063,2,0,42,0,0
9995,6.399117,3,7.5253186,27.34375,9.4273891,.62029088,1,0,57,0,0
9998,14.249842,3,13.648873,109.10156,9.6808167,-1.7566659,4,1,58,0,0
10006,3.556803,3,20.201384,142.1875,8.8751249,.15257473,3,0,58,0,0
10008,7.1282597,3,6.9030924,164.0625,13.276735,.57282603,3,1,26,0,0
10011,2.2888758,3,14.413312,131.25,13.950031,-.50926054,3,0,47,0,0
10013,24.421749,3,13.938292,146.12192,12.882549,-3.4803882,4,1,58,1.501724,0
10016,6.8979983,3,10.2519,360.9375,11.666704,.65091747,4,0,26,0,0
10017,13.67141,3,9.7515659,262.5,9.8454609,.59207708,4,1,26,0,0
10018,10.926891,3,9.4288225,262.5,11.556703,.56006205,4,1,27,0,0
10019,3.2503493,2,4.9084015,41.5625,8.3908062,.75238216,3,0,53,0,0
10023,14.32141,3,6.558248,120.3125,4.6271772,-1.1351901,1,0,23,0,0
10025,1.8269963,3,13.331834,36.367188,9.6658306,.88429832,4,1,51,0,0
10041,4.9261289,3,14.790592,82.503288,13.687805,-.028619539,3,1,41,2.3868594,0
10046,9.4357891,3,5.9013033,37.180988,13.218125,-.48685282,5,0,43,.67077768,0
10052,23.512848,3,14.104224,92.558144,11.190392,.5312227,3,1,57,.74444932,0
10055,2.8243563,3,5.4302425,53.374519,11.898559,.18481405,2,1,47,1.6634434,0
10056,2.7674248,3,11.629868,138.24797,14.151816,1.1102906,4,0,46,1.4190304,0
10058,2.537369,3,15.431375,175,11.793011,-1.138289,4,0,37,0,0
10059,29.198196,3,27.99165,885.52039,26.47212,.67405963,3,1,53,.76100153,0
10061,6.2052836,3,9.3426342,60.15625,8.4183407,.27638426,4,1,34,0,0
10067,3.2912178,3,17.59236,207.8125,11.8723,-.1128892,3,1,48,0,0
10072,9.9743757,3,6.394053,145.62367,9.6813974,.3344529,1,0,27,2.8244135,0
10079,1.8681933,3,12.538324,76.5625,10.895704,.08807902,1,0,48,0,0
10081,3.0366507,3,15.188625,44.84375,6.6054678,.37996346,3,1,33,0,0
10083,13.087757,3,15.567122,136.71875,12.247865,-.48716933,3,0,33,0,0
10084,7.8199902,2,14.35172,2.5496814,13.755544,.10298046,3,1,52,1.8778445,0
10088,12.072278,3,5.6027966,77.929688,7.5148673,.73639458,3,0,22,0,0
10094,3.7520301,3,4.8132925,103.90625,6.8341041,-.24303864,4,0,22,0,0
10096,8.4458199,3,9.1840487,149.22466,19.140829,.14287387,3,0,44,2.2998438,0
10101,19.582289,3,14.026083,135.07813,12.908867,-.85443401,1,1,56,0,0
10103,19.466475,3,13.103333,109.375,12.282541,-1.2424225,1,1,54,0,0
10106,20.371731,1,3.6327245,0,6.9248505,.90357959,1,1,23,2.9353864,0
10109,1.8922397,3,12.731681,42.704521,13.032556,-.026312968,3,0,47,1.4301744,0
10116,2.1349003,1,8.7641945,17.529848,10.598312,.92175239,3,0,58,.89672637,0
10118,2.6623709,3,6.1813593,176.64063,11.51895,.65448529,3,0,53,0,0
10128,11.769492,3,2.6202404,65.625,11.132237,.68109709,4,0,42,0,0
10130,8.4489555,3,7.7539783,93.057472,12.814178,.88960379,5,0,61,2.0198579,0
10134,6.2388902,2,3.8082213,40.961803,5.7444091,-1.2424955,3,1,22,2.6132455,0
10136,5.0579572,2,4.4942708,28.418774,6.9316006,-1.733158,3,1,22,2.7919905,0
10138,2.8830984,3,12.863957,103.90625,8.096797,.53753102,4,1,54,0,0
10143,13.201359,2,7.2287374,96.108444,6.8449535,.68335837,1,0,22,3.5852969,0
10145,2.8163006,3,16.718029,142.1875,10.386446,-.77511811,2,1,42,0,0
10146,7.2105651,3,12.046011,234.59772,12.369164,.8546744,5,0,61,1.0400482,0
10151,23.571714,3,16.197466,355.46875,14.557351,.2767399,4,1,44,0,0
10155,2.5468724,2,4.4720144,99.931801,12.278625,-2.9756086,4,1,57,3.3154907,0
10158,6.342401,3,12.119429,51.953125,11.823462,-.46065241,4,1,56,0,0
10164,1.8304145,3,15.065207,131.25,11.427091,.9588902,3,1,39,0,0
10172,5.2008877,3,13.663882,65.625,10.599741,.05671338,2,0,42,0,0
10173,7.8775444,3,13.441308,53.59375,10.436197,.037214249,2,0,42,0,0
10187,4.7243643,3,5.7732,20.78125,11.454049,.87663782,3,0,46,0,0
10192,4.0081491,3,13.063961,51.953125,31.155828,1.4882684,5,1,62,0,0
10194,13.628315,3,14.916407,114.29688,10.975893,.96548462,4,1,42,0,0
10201,18.806702,3,16.848572,218.75,14.32688,.74364483,4,1,42,0,0
10204,4.2508645,3,13.279658,51.953125,18.622416,.54682678,1,1,47,0,0
10205,9.4907265,3,12.55079,131.25,12.526828,.9692241,1,0,41,0,0
10206,2.6217873,3,8.7325678,27.34375,11.435205,1.1875722,1,0,28,0,0
10208,10.921838,3,5.9689121,21.875,12.605926,-2.3454754,5,0,43,0,0
10209,12.468838,3,6.7095518,29.53125,12.581164,-3.3440552,5,0,43,0,0
10216,14.824852,3,11.740094,25.15625,7.1657434,.58845395,3,1,43,0,0
10224,5.14223,3,14.208453,32.8125,9.3779631,.83210868,5,1,51,0,0
10228,7.1949058,2,10.92427,35,5.9460187,.49926606,4,0,39,0,0
10241,27.53005,3,10.452753,136.14963,13.977365,.95662934,4,1,36,2.774858,0
10246,1.8724111,3,7.7941251,120.3125,4.6271772,-1.0789478,3,1,22,0,0
10251,13.047421,3,4.3976836,27.566975,10.060153,.44301903,4,0,42,2.1004424,0
10252,10.842646,2,9.9350052,11.087271,12.731588,.46713457,5,0,43,1.9608715,0
10254,1.8723135,3,4.5510039,29.650505,7.2550507,.28687984,2,0,21,4.6722946,0
10259,2.0358412,3,16.291721,169.53125,11.625247,.21252395,3,0,42,0,0
10263,16.363279,3,14.203927,120.3125,9.6913567,.5246591,3,1,38,0,0
10271,4.0546503,3,11.782438,68.305725,11.158784,.27256253,1,0,39,2.1509295,0
10275,1.0091521,3,7.0227494,165.51521,8.9414644,.094680019,2,0,21,5.4271698,0
10277,12.54394,3,8.9026232,160.64801,15.624389,.91865414,4,1,49,1.2581563,0
10282,5.6339526,3,16.064888,196.875,11.213039,-.13732836,4,0,52,0,0
10284,22.114031,2,6.7953525,21.875,4.6271772,.57248122,5,1,22,0,0
10285,12.116134,3,4.2192478,136.34329,12.58184,.30562049,4,1,44,1.7873781,0
10286,4.0674038,3,10.579755,169.53125,12.464433,.51836687,3,0,39,0,0
10287,1.7527394,2,5.8305225,87.5,6.226397,-.14823414,4,1,22,0,0
10299,9.2058153,3,11.935905,187.03125,9.7103872,-1.4582374,1,1,36,0,0
10300,4.3481002,3,9.0393562,57.148438,15.823849,.33803752,3,0,44,0,0
10303,13.31332,3,13.085415,270.15625,12.677297,.87799722,4,0,59,0,0
10305,3.9488795,2,5.7983832,16.549788,6.4058418,.26627678,2,1,22,3.943032,0
10310,8.7718573,2,10.339561,49.21875,10.770303,.098692596,4,0,46,0,0
10323,1.9966697,2,7.2903461,52.5,8.4353924,-.24215114,3,0,38,0,0
10335,24.730492,3,11.405827,345.20282,11.858184,-2.9273844,1,1,26,.71383983,0
10337,1.8967838,3,3.7523553,124.24104,9.1392565,1.0277935,4,1,34,.14769241,0
10338,1.7948802,3,3.3927531,113.81273,13.084147,1.1856127,4,0,34,.11786389,0
10341,4.7192354,3,4.4001484,27.34375,6.5480032,-.18182729,4,1,22,0,0
10343,22.263435,3,57.077961,926.93677,26.653563,.84702301,2,1,52,0,0
10348,37.258656,3,25.270834,227.44012,31.155828,.24525736,2,0,54,1.5452096,0
10360,9.8923302,3,12.712128,158.59375,29.303663,-2.0834796,4,0,51,0,0
10362,7.4553938,3,11.153177,71.09375,12.535747,.28200528,4,0,56,0,0
10365,4.9112744,3,8.7480536,168.93808,10.369492,.45717067,4,0,28,2.7327044,0
10367,12.70753,3,9.4570322,65.625,8.4839973,.28626874,4,1,34,0,0
10370,2.2066219,2,5.3141623,51.953125,6.8655238,-.32598865,5,1,24,0,0
10371,2.7410791,3,5.8172503,109.375,7.5627866,-.43336517,4,1,23,0,0
10372,1.8354735,2,6.1804338,65.625,8.371707,-.34016082,5,1,23,0,0
10375,13.361295,3,4.8665514,83.125,11.290425,1.0389117,3,1,23,0,0
10378,2.5912025,3,13.674013,43.75,24.83185,.61721915,4,1,52,0,0
10382,77.811844,3,5.4330225,26.25,7.2902894,.54188514,5,0,26,0,0
10383,3.9438543,3,7.5160971,32.8125,8.5376396,.22823553,4,0,34,0,0
10397,33.341454,3,13.512418,65.625,11.956582,-.35742402,3,1,54,0,0
10399,4.0950098,3,8.5972729,38.28125,4.6271772,-.078567743,2,1,28,0,0
10406,23.259964,3,13.892653,81.442268,10.923886,-.49237263,5,1,57,.99974108,0
10411,3.5432215,2,12.993186,1.2969254,20.787529,.43486953,2,1,48,1.2993243,0
10412,19.64204,3,4.5840449,131.25,9.1282444,.29925093,4,0,23,0,0
10418,2.0113928,3,22.285049,134.51886,10.433384,.89131415,3,1,34,1.9537983,0
10424,1.890427,2,10.992376,26.936169,15.630968,-.75547767,4,0,49,5.1499243,0
10428,1.8379835,3,9.7903118,579.7594,20.883072,.28303832,4,1,26,1.1510407,0
10432,16.635475,3,12.247425,109.375,13.39888,-.30515769,5,0,37,0,0
10433,76.210655,3,7.1360927,114.29688,8.4514589,.66833144,4,0,29,0,0
10434,2.4509914,3,14.677896,150.64922,13.788553,.18906087,3,0,41,.0052507385,0
10436,9.7883587,3,9.8804102,41.5625,11.73248,.12765798,4,0,46,0,0
10437,3.7604959,3,13.812616,44.429092,10.93028,.41877139,5,0,33,1.514043,0
10440,49.320461,3,14.532545,50.724503,13.040604,.21741076,5,1,42,1.6955744,0
10447,4.624465,4,17.53861,359.19632,21.976698,.56027013,2,1,36,2.4140189,0
10449,5.0257607,3,13.341486,72.16217,12.462717,.72480583,4,1,41,1.4426118,0
10458,1.7755743,3,8.7644329,169.53125,8.5659428,-2.9147074,5,1,24,0,0
10462,2.5307848,3,7.555675,236.16536,6.0229568,1.4882684,2,0,23,6.1338859,0
10463,3.546149,3,8.2197351,283.33713,10.49177,1.1742686,1,0,22,3.1601703,0
10464,3.0958147,3,14.442735,28.4375,20.311121,-.48561025,1,0,44,0,0
10467,4.7759528,3,12.689054,120.62106,14.184436,.48688221,1,1,43,1.8280627,0
10471,69.242981,3,29.668234,926.93677,31.155828,-.49049574,4,0,41,0,0
10472,9.7628546,3,8.695446,89.549934,10.789093,.073415518,4,0,36,2.5489469,0
10475,2.7032759,3,6.2232509,410.15625,9.8947515,-1.699101,2,0,21,0,0
10478,64.592987,3,26.850582,926.93677,31.155828,.12581876,3,0,43,1.0755975,0
10480,14.113178,4,8.3365507,124.24445,15.012706,-.61020327,2,0,42,1.314528,0
10483,29.022429,3,12.890699,98.4375,8.1057167,.36283818,3,0,39,0,0
10488,5.0583134,3,6.9421034,645.01514,17.529688,.51379091,2,0,28,1.4343458,0
10491,3.8765295,1,4.9466515,15.677002,17.515118,.88252425,1,0,46,.94705182,0
10494,1.9851617,3,14.137962,46.757813,9.8650904,.92002213,2,1,48,0,0
10500,5.4058948,2,5.7255831,65.625,7.2911959,-.52570778,5,0,27,0,0
10503,8.2363081,2,13.725399,87.5,11.179486,-.016016327,3,1,46,0,0
10506,9.3024235,3,3.625829,94.97126,20.229773,-3.4030273,1,0,44,.45474103,0
10507,31.433172,3,16.847944,475.16052,6.4310861,-.17272633,3,1,28,2.6348205,0
10510,2.2380385,3,14.732226,125.93488,11.136345,-1.9195484,5,1,57,2.5258651,0
10511,6.0005093,3,7.0131364,257.24313,12.126734,-1.8458163,3,0,24,.9044494,0
10520,9.1736984,2,3.7593329,17.360231,8.8760071,-3.4803882,5,0,23,1.3990338,0
10522,2.0218267,3,29.579037,109.375,29.916138,-.045615826,3,0,33,0,0
10524,5.3180985,3,6.6075511,322.65625,17.869293,.71735913,4,1,38,0,0
10525,4.450377,3,16.893566,339.0625,5.914578,.61952162,4,1,38,0,0
10527,18.598558,3,9.1072369,128.2366,10.441345,.76756269,3,0,28,2.4702942,0
10528,17.624519,3,8.9954538,142.71487,15.324828,.7999745,4,1,29,1.2720972,0
10529,17.214842,3,8.7058849,108.02582,8.7645845,.78538775,4,1,28,1.6758802,0
10530,19.876137,3,6.0233479,97.617485,11.471043,.39351806,4,1,28,1.725664,0
10533,5.4371533,3,11.672237,22.297857,10.316569,.52233547,4,1,57,2.0047002,0
10535,5.7454567,2,4.0723777,28.4375,6.6570716,.86536467,1,0,23,0,0
10540,6.9677811,3,12.362539,306.25,9.1390858,1.194651,4,0,44,0,0
10547,11.975196,3,19.088161,25.324642,11.42721,-.93090844,3,1,39,1.8423181,0
10548,21.284117,3,5.9195461,42.02459,9.4103804,-.73956913,4,0,29,2.1213174,0
10558,18.298826,3,10.860292,142.1875,9.5629969,.6304239,4,1,34,0,0
10560,15.64689,3,15.270288,218.84334,13.437461,-.093332879,2,1,37,1.3883855,0
10562,3.1691513,3,13.249719,107.48691,12.390504,.49015924,3,0,39,1.4537921,0
10568,1.5605044,3,19.711246,40.523438,10.587108,.81804138,3,0,42,0,0
10574,4.6170583,3,7.0951042,21.875,6.7307739,.68671316,4,1,28,0,0
10577,4.4976206,3,12.524676,103.90625,11.024868,-.018043106,4,1,37,0,0
10579,7.4708147,3,12.699202,131.25,25.146202,-.17759703,3,0,43,0,0
10580,57.776817,3,20.973637,57.148438,10.184741,1.1235374,1,0,39,0,0
10584,70.636391,3,22.102228,585.1994,25.235367,.53323638,5,0,51,.95704252,0
10585,77.008057,3,26.840158,802.13623,30.914654,.31198621,5,0,52,.58678693,0
10588,1.1464291,2,3.2982023,65.625,6.2532935,-.7279045,3,1,22,0,0
10590,12.608567,2,6.8942585,70.968216,12.468701,.11621237,1,0,56,1.0075371,0
10592,2.0770662,3,19.38957,312.21109,14.286333,-.26669499,2,1,42,1.1018659,0
10594,11.347577,3,17.993557,276.55811,15.909407,-2.2924223,4,1,33,.7233997,0
10600,1.7028698,3,8.6312637,27.907156,7.716742,.17711739,4,1,36,1.5352199,0
10607,45.915539,3,21.347723,574.4444,20.795666,.950041,4,1,57,.72390616,0
10612,3.5458865,3,16.790459,305.97729,19.396795,1.4882684,4,1,39,2.447928,0
10615,5.8044062,3,12.032512,49.21875,15.728999,.1247088,1,0,48,0,0
10617,.93168336,2,4.4478412,35.328125,6.6582766,.36839473,4,1,23,0,0
10618,1.9356679,2,3.437721,29.53125,7.0168929,.36269879,4,0,22,0,0
10622,4.8826723,3,13.890171,138.52797,12.177909,.43609107,1,1,57,3.1262622,0
10623,6.9122858,3,14.675276,233.82019,11.418289,.37492499,1,1,57,3.5343497,0
10625,2.7522771,2,4.2745609,16.40625,8.0256443,.23523994,3,0,23,0,0
10627,4.588501,3,12.714368,25.15625,14.160164,.4928118,3,1,44,0,0
10630,14.750231,3,21.12361,503.94531,13.795231,.36352533,5,0,47,0,0
10631,13.670236,3,8.1217527,420.82031,18.162745,.38922766,4,0,46,0,0
10635,4.096302,3,16.125107,218.20313,14.099328,.68751889,1,1,47,0,0
10636,.94072181,3,18.449654,125.78125,5.8585253,.08908809,3,1,32,0,0
10637,5.1375413,3,12.893817,164.0625,10.512576,.27650988,1,0,53,0,0
10641,5.6979132,3,5.6188302,72.734375,17.665092,.85041487,4,1,46,0,0
10649,2.182214,2,6.141654,71.09375,7.0078354,.38356531,1,1,24,0,0
10653,2.6702967,3,14.610918,203.97401,13.229073,.43890437,2,0,39,1.9864109,0
10656,9.7020445,3,13.898478,114.84375,11.396231,.45653206,4,0,52,0,0
10659,29.380087,3,14.980595,474.88,13.936488,-.14889656,3,1,26,.57438374,0
10664,3.8981099,3,13.899849,175,13.139057,.63272041,4,1,46,0,0
10671,2.9873631,2,2.8541303,27.391068,4.6271772,.036658801,1,0,38,5.20611,0
10676,1.7435334,2,12.602311,45.500629,11.126046,-.93587953,4,0,52,2.9778852,0
10689,4.249404,3,14.016718,145.46875,12.755036,.98248565,4,0,33,0,0
10691,3.5189521,3,6.9071536,142.1875,7.646915,.73885214,3,0,21,0,0
10696,11.283629,4,13.137598,24.173931,6.7481089,-1.8836833,4,1,53,1.743477,0
10698,7.8567843,3,4.0495639,76.436493,16.436533,-1.7299569,4,1,57,.70045769,0
10703,4.0279589,3,4.1860847,109.375,10.666048,.035746362,1,1,51,0,0
10704,9.2258034,3,12.901604,98.4375,11.867442,.032526851,1,1,54,0,0
10707,23.757597,3,3.617732,109.375,16.166485,-.27841482,2,1,21,0,0
10712,.89458364,3,12.190054,69.572311,12.300056,.42939207,4,1,54,1.6288269,0
10713,9.2530107,3,11.316653,22.389454,10.278811,.6450631,5,0,57,1.1571034,0
10715,24.346052,2,10.258908,0,8.8766708,.77465689,1,1,34,3.0515645,0
10716,11.024884,2,8.930831,0,14.193537,.79708147,2,0,34,2.5465133,0
10718,61.782585,3,10.52094,529.92188,17.477846,.17885698,5,1,42,0,0
10721,1.4234139,2,15.533331,57.148438,9.5518122,-.026204513,3,1,42,0,0
10724,7.5005126,3,12.075798,74.321472,11.032232,.74316239,1,1,37,1.7329345,0
10726,.98714948,3,5.4347587,154.45183,6.5740175,.10955208,3,1,28,4.1496196,0
10728,7.975286,2,14.39572,65.625,9.2741003,-.41827777,4,1,52,0,0
10741,4.1647549,3,11.779886,98.4375,5.9500637,-.29804927,4,0,39,0,0
10743,5.0403371,1,9.3515902,0,9.6453209,.16918288,2,0,59,4.0032482,0
10745,43.411999,3,15.282962,111.02186,12.909386,-.21238112,5,1,48,1.1598833,0
10746,37.682171,3,15.005703,97.399185,12.982466,-.23324278,5,1,48,1.3565372,0
10754,.91615164,3,5.1304727,26.091663,5.9987955,-.14311323,1,1,21,3.0413301,0
10756,18.998117,3,17.073311,26.542412,14.918137,.77253479,2,1,42,3.9142294,0
10762,12.052254,3,23.273979,109.375,21.085964,1.3830894,1,1,58,0,0
10765,8.2881498,3,15.707124,22.764357,11.746955,.16064872,2,0,47,1.8157456,0
10766,2.5874796,2,15.100972,10.361683,11.667368,.15527897,2,1,47,2.8041697,0
10771,3.401314,4,6.8247709,360.9375,6.9704933,.75195336,4,0,27,0,0
10776,37.333057,3,13.343834,165.98871,15.557212,-.46641737,4,1,46,1.2089173,0
10781,3.4086745,3,4.0997796,64.754356,13.867845,.77157825,4,0,43,1.1985577,0
10787,41.398533,3,5.6144657,164.0625,12.608145,-1.0119927,3,1,48,0,0
10793,2.3871331,3,12.931414,100.86211,12.353901,.38690573,2,0,56,2.0400591,0
10794,2.1803107,3,15.086468,134.32106,9.5325098,.50345069,2,1,58,2.4218724,0
10797,2.574466,3,4.6866212,103.90625,14.728705,1.0802493,4,0,48,0,0
10799,5.2861195,3,13.301548,51.953125,10.867187,1.0926682,3,0,48,0,0
10800,2.5734231,3,17.485552,142.1875,14.780009,.14376275,5,0,48,0,0
10808,1.9157774,3,8.0837202,20.78125,7.2779241,1.3400236,3,1,26,0,0
10812,12.329722,3,22.176064,470.3125,20.688005,-.64149565,5,0,42,0,0
10820,22.653204,3,28.196489,129.19205,15.131862,.46128657,4,1,49,.99784547,0
10822,26.718212,3,5.1855764,144.62431,15.302097,.24727997,4,1,37,.99780172,0
10841,16.558275,3,6.4432421,270.15625,13.421247,.92368478,1,0,39,0,0
10842,13.424771,3,16.095169,311.71875,14.042914,1.1642243,1,0,39,0,0
10846,1.4701477,3,15.37154,154.07887,17.65184,-.4798893,3,1,39,1.6538004,0
10849,3.5889266,3,7.9286036,58.633858,16.862053,.88271272,4,0,61,2.0465264,0
10851,15.79714,3,14.770928,176.64063,13.214041,.51649004,2,0,41,0,0
10854,4.3928962,3,14.528915,41.5625,12.604453,.23878016,1,0,54,0,0
10859,3.128264,3,7.0508137,251.25478,11.137918,-1.422943,4,0,23,.65432054,0
10860,20.901764,3,9.3878126,86.442451,9.7787552,-.32146877,1,0,31,2.1203091,0
10863,3.0509107,3,14.167891,82.03125,10.575587,.58886987,2,0,33,0,0
10876,21.148668,3,9.6862125,844.98175,27.603924,.4442783,1,1,53,1.0761392,0
10879,4.4080958,3,11.846936,71.755486,18.739656,.95079142,2,1,39,1.4186499,0
10894,5.5295234,3,14.418448,161.05469,29.733198,.86864972,1,1,49,0,0
10895,4.2645421,3,14.979877,124.6875,10.738625,1.2363234,1,1,48,0,0
10901,27.007626,3,14.988303,218.75,14.047204,.24045272,4,1,54,0,0
10903,8.6825132,3,22.228666,158.59375,9.8838539,.29498747,3,1,56,0,0
10917,5.7242465,3,13.21714,57.219055,12.115731,-.63471395,1,1,41,1.8608906,0
10919,9.0581665,3,11.223945,32.8125,9.3935852,.79842675,3,0,53,0,0
10923,6.3710666,3,5.7883849,74.411964,10.62693,.8056848,3,1,27,3.2030461,0
10931,13.582043,3,15.972076,207.8125,13.783731,.48832709,2,1,56,0,0
10932,1.7780136,3,4.4610105,30.625,6.5339084,.16154993,4,1,22,0,0
10934,1.949349,3,3.519886,87.5,13.71701,-.74258399,4,0,49,0,0
10940,4.9926257,3,13.402146,76.5625,12.829454,.53778809,3,0,47,0,0
10944,6.9797449,3,9.1104193,43.75,10.229987,.48872706,4,0,44,0,0
10946,2.9801538,3,10.470245,355.46875,10.240019,.10413144,4,1,22,0,0
10947,14.109898,3,7.4553199,102.25018,16.936163,-.62113035,3,0,42,1.6341304,0
10949,4.0996294,2,12.05645,1.2426944,11.214844,-1.0272362,3,1,37,2.5227103,1
10950,6.2633138,3,7.9760427,23.68405,7.8503628,-2.184263,5,1,29,1.5874122,0
10952,4.5402002,3,9.5406132,228.59375,9.8173122,.81050354,2,1,27,0,0
10953,14.588965,3,11.709712,41.5625,9.5315428,.86011523,5,0,57,0,0
10956,2.1701021,3,4.2315125,27.34375,9.74963,.17022616,1,1,21,0,0
10958,1.9938966,3,5.2163463,32.8125,5.6508064,.22898021,1,1,21,0,0
10961,35.920036,3,37.396011,747.46185,25.999134,-2.1954088,5,0,41,.22753993,0
10964,40.163609,3,25.026646,868.43036,26.857042,-2.3862057,5,0,59,.32948241,0
10965,42.575779,3,24.155531,808.12769,27.847895,-3.2056959,5,0,59,.31780961,0
10967,13.068421,3,12.147445,492.1875,15.163246,.029420277,1,0,38,0,0
10973,4.0801206,3,7.7937818,200.064,9.5660992,.099271618,5,0,21,2.7735751,0
10976,5.6232018,3,15.235172,42.717789,11.190213,.74034452,3,1,33,2.1481657,0
10978,1.6916814,3,15.981013,262.5,6.6095605,.046300597,3,0,57,0,0
10981,4.6033134,3,10.464252,205.00539,8.6242962,1.0977468,3,0,29,3.1174822,0
10986,1.8363832,3,5.5159903,78.820793,9.5727243,-2.2664981,5,0,24,1.7339826,0
10996,9.7568035,3,3.8667147,40.479057,4.6271772,-.51479167,4,0,27,2.4694157,0
